GroupID2    SP_Quotient Bitmap32                                Action    
686         69          00000000000000000000000000000111        0         
688         234         11111111111111111111000000000000        4096      
690         625         00000000000000000000011111111111        0         
695         1925        00000000000000000000001111111111        0         
697         1944        11111111111111111111000000000000        0         
698         1950        00000000000000000000001111111111        0         
699         1953        00000000000000000011111111110000        0         
700         1959        00000000001111111111000000000000        0         
707         32          11111111111111111111111111111110        0         
709         40          11111111111100000000000000000000        4096      
709         42          00000000000000000000000000111111        4096      
710         40          11111111111100000000000000000000        0         
710         42          00000000000000000000000001111111        0         
724         53          11111111111111111111111111110000        0         
724         54          00000000011111111111111111111111        0         
725         53          00000001111111111111111111110000        0         
726         51          00000000000000111111111111111111        0         
730         1950        00000000000000000000001111111111        0         
741         156         11111111111111111111111000000000        0         
750         1922        00000000000000000000000000111111        0         
751         1925        00000000000000000000001111111111        4096      
752         1928        00000000000000000011111111110000        0         
753         1956        00000000000000111111111100000000        0         
754         1959        00000000001111111111000000000000        0         
760         40          11111111111100000000000000000000        0         
760         42          00000000000000000000000001111111        0         
765         51          00000000000000111111111111111111        0         
766         51          00000000000001111111111111111111        0         
771         1934        00000000001111111111000000000000        0         
775         51          00000000000000111111111111111111        0         
777         40          11111111111100000000000000000000        0         
777         42          00000000000000000000000001111111        0         
778         40          11111111111100000000000000000000        0         
778         42          00000000000000000000000000111111        0         
794         1937        00000011111111110000000000000000        4096      
809         253         00000000000000000000000000011111        0         
811         69          00000000000000000000000000000111        0         
812         53          11111111111111111111111111110000        0         
812         54          00000000011111111111111111111111        0         
819         51          00000000000000111111111111111111        0         
837         40          11111111111100000000000000000000        0         
837         42          00000000000000000000000001111111        0         
845         1953        00000000000000000011111111110000        0         
846         1937        00000011111111110000000000000000        4096      
858         40          11111111111100000000000000000000        0         
858         42          00000000000000000000000000111111        0         
859         40          11111111111100000000000000000000        0         
859         42          00000000000000000000000001111111        0         
864         53          11111111111111111111111111110000        0         
864         54          00000000011111111111111111111111        0         
865         51          00000000000000111111111111111111        0         
866         1940        00111111111100000000000000000000        0         
877         51          00000000000001111111111111111111        0         
878         53          11111111111111111111111111110000        0         
878         54          00000000011111111111111111111111        0         
886         51          00000000000000111111111111111111        0         
891         69          00000000000000000000000000000111        0         
892         156         11111111111111111111111000000000        0         
900         234         11111111111111111111000000000000        0         
901         253         00000000000000000000000000011111        0         
906         1909        11111111111111111111000000000000        0         
907         1912        00000011111111110000000000000000        0         
908         1934        00000000001111111111000000000000        0         
909         1937        00000011111111110000000000000000        0         
910         1940        00111111111100000000000000000000        4096      
911         1950        00000000000000000000001111111111        0         
918         40          11111111111100000000000000000000        0         
918         42          00000000000000000000000000111111        0         
919         40          11111111111100000000000000000000        4096      
919         42          00000000000000000000000001111111        4096      
925         51          00000000000001111111111111111111        0         
926         53          11111111111111111111111111110000        0         
926         54          00000000011111111111111111111111        0         
935         253         00000000000000000000000000011111        4096      
939         625         00000000000000000000011111111111        0         
945         156         11111111111111111111111000000000        0         
946         234         11111111111111111111000000000000        4096      
957         1928        00000000000000000011111111110000        0         
960         1959        00000000001111111111000000000000        0         
961         1956        00000000000000111111111100000000        0         
962         1953        00000000000000000011111111110000        0         
963         1950        00000000000000000000001111111111        0         
964         1944        11111111111111111111000000000000        0         
966         1940        00111111111100000000000000000000        0         
967         1937        00000011111111110000000000000000        0         
968         1934        00000000001111111111000000000000        0         
970         1925        00000000000000000000001111111111        0         
971         1922        00000000000000000000000000111111        0         
973         1915        00111111111100000000000000000000        0         
974         1912        00000011111111110000000000000000        0         
975         1909        11111111111111111111000000000000        0         
976         1906        00000000000000111111111100000000        0         
978         1006        00001111111111000000000000000000        0         
981         40          11111111111100000000000000000000        0         
981         42          00000000000000000000000000111111        0         
991         40          11111111111100000000000000000000        4096      
991         43          00000000111111111111111111111111        4096      
992         40          11111111111100000000000000000000        4096      
992         42          00000000000000000000000001111111        4096      
995         32          11111111111111111111111111111110        0         
1007        69          00000000000000000000000000000111        0         
1010        51          00000000000000111111111111111111        0         
1020        53          00000001111111111111111111110000        0         
1025        53          11111111111111111111111111110000        0         
1025        54          00000000011111111111111111111111        0         
1057        625         00000000000000000000011111111111        0         
1060        253         00000000000000000000000000011111        0         
1061        234         11111111111111111111000000000000        0         
1072        1931        00000000000000111111111100000000        0         
1075        1959        00000000001111111111000000000000        0         
1076        1956        00000000000000111111111100000000        0         
1077        1953        00000000000000000011111111110000        0         
1078        1950        00000000000000000000001111111111        4096      
1079        1944        11111111111111111111000000000000        0         
1080        1940        00111111111100000000000000000000        0         
1081        1937        00000011111111110000000000000000        0         
1082        1934        00000000001111111111000000000000        4096      
1084        1928        00000000000000000011111111110000        0         
1085        1925        00000000000000000000001111111111        0         
1086        1922        00000000000000000000000000111111        0         
1088        1915        00111111111100000000000000000000        0         
1089        1909        11111111111111111111000000000000        0         
1090        1006        00001111111111000000000000000000        0         
1094        40          11111111111100000000000000000000        0         
1094        42          00000000000000000000000001111111        0         
1095        51          00000000000001111111111111111111        0         
1096        51          00000000000000111111111111111111        0         
1106        40          11111111111100000000000000000000        4096      
1106        42          00000000000000000000000000111111        4096      
1108        32          11111111111111111111111111111110        0         
1116        53          11111111111111111111111111110000        0         
1116        54          00000000011111111111111111111111        0         
1117        53          00000001111111111111111111110000        0         
1118        156         11111111111111111111111000000000        0         
1121        69          00000000000000000000000000000111        0         
1139        625         00000000000000000000011111111111        0         
1144        253         00000000000000000000000000011111        0         
1156        1912        00000011111111110000000000000000        0         
1157        1925        00000000000000000000001111111111        4096      
1158        1928        00000000000000000011111111110000        0         
1159        1937        00000011111111110000000000000000        0         
1160        1940        00111111111100000000000000000000        4096      
1161        1944        00000000000000000000111111111111        0         
1162        1950        00000000000000000000001111111111        0         
1163        1956        00000000000000111111111100000000        0         
1164        1959        00000000001111111111000000000000        4096      
1173        32          11111111111111111111111111111110        0         
1175        40          11111111111100000000000000000000        0         
1175        42          00000000000000000000000000111111        0         
1176        40          11111111111100000000000000000000        4096      
1176        42          00000000000000000000000001111111        4096      
1183        53          00000001111111111111111111110000        0         
1196        51          00000000000000111111111111111111        0         
1197        625         00000000000000000000011111111111        0         
1200        253         00000000000000000000000000011111        0         
1201        234         11111111111111111111000000000000        4096      
1213        1006        00001111111111000000000000000000        0         
1214        1909        11111111111111111111000000000000        0         
1215        1915        00111111111100000000000000000000        0         
1217        1922        00000000000000000000000000111111        0         
1218        1925        00000000000000000000001111111111        0         
1219        1928        00000000000000000011111111110000        0         
1220        1937        00000011111111110000000000000000        0         
1221        1950        00000000000000000000001111111111        0         
1222        1959        00000000001111111111000000000000        0         
1223        1944        11111111111111111111000000000000        0         
1225        156         11111111111111111111111000000000        0         
1229        32          11111111111111111111111111111110        0         
1231        40          11111111111100000000000000000000        0         
1231        42          00000000000000000000000000111111        0         
1232        40          11111111111100000000000000000000        0         
1232        42          00000000000000000000000001111111        0         
1239        53          11111111111111111111111111110000        4096      
1239        54          00000000011111111111111111111111        4096      
1240        51          00000000000000111111111111111111        0         
1241        69          00000000000000000000000000000111        0         
1252        234         11111111111111111111000000000000        0         
1253        253         00000000000000000000000000011111        0         
1258        625         00000000000000000000011111111111        0         
1277        1928        00000000000000000011111111110000        0         
1279        1959        00000000001111111111000000000000        0         
1280        1956        00000000000000111111111100000000        0         
1281        1953        00000000000000000011111111110000        0         
1282        1950        00000000000000000000001111111111        0         
1283        1944        11111111111111111111000000000000        0         
1285        1944        00000000000000000000111111111111        0         
1286        1940        00111111111100000000000000000000        0         
1287        1937        00000011111111110000000000000000        4096      
1288        1934        00000000001111111111000000000000        0         
1289        1931        00000000000000111111111100000000        0         
1291        1925        00000000000000000000001111111111        0         
1292        1922        00000000000000000000000000111111        0         
1294        1915        00111111111100000000000000000000        0         
1295        1912        00000011111111110000000000000000        4096      
1296        1909        11111111111111111111000000000000        0         
1297        1906        00000000000000111111111100000000        4096      
1298        1006        00001111111111000000000000000000        0         
1304        51          00000000000001111111111111111111        0         
1305        51          00000000000000111111111111111111        4096      
1317        40          11111111111100000000000000000000        0         
1317        43          00000000111111111111111111111111        0         
1318        40          11111111111100000000000000000000        4096      
1318        42          00000000000000000000000001111111        4096      
1319        40          11111111111100000000000000000000        0         
1319        42          00000000000000000000000000111111        0         
1321        32          11111111111111111111111111111110        0         
1331        156         11111111111111111111111000000000        0         
1334        69          00000000000000000000000000000111        0         
1346        53          00000001111111111111111111110000        0         
1347        53          11111111111111111111111111110000        4096      
1347        54          00000000011111111111111111111111        4096      
1355        253         00000000000000000000000000011111        0         
1359        625         00000000000000000000011111111111        0         
1367        234         11111111111111111111000000000000        0         
1379        1931        00000000000000111111111100000000        0         
1382        1959        00000000001111111111000000000000        0         
1383        1956        00000000000000111111111100000000        0         
1384        1953        00000000000000000011111111110000        0         
1385        1950        00000000000000000000001111111111        0         
1386        1944        11111111111111111111000000000000        0         
1388        1944        00000000000000000000111111111111        4096      
1389        1940        00111111111100000000000000000000        4096      
1390        1937        00000011111111110000000000000000        0         
1391        1934        00000000001111111111000000000000        0         
1393        1928        00000000000000000011111111110000        0         
1394        1925        00000000000000000000001111111111        0         
1395        1922        00000000000000000000000000111111        0         
1397        1915        00111111111100000000000000000000        0         
1398        1912        00000011111111110000000000000000        0         
1399        1909        11111111111111111111000000000000        0         
1400        1906        00000000000000111111111100000000        0         
1401        1006        00001111111111000000000000000000        4096      
1404        40          11111111111100000000000000000000        4096      
1404        43          00000000111111111111111111111111        4096      
1405        51          00000000000001111111111111111111        0         
1406        51          00000000000000111111111111111111        0         
1417        156         11111111111111111111111000000000        0         
1418        40          11111111111100000000000000000000        4096      
1418        42          00000000000000000000000001111111        4096      
1419        40          11111111111100000000000000000000        4096      
1419        42          00000000000000000000000000111111        4096      
1421        32          11111111111111111111111111111110        0         
1432        69          00000000000000000000000000000111        4096      
1444        53          00000001111111111111111111110000        4096      
1445        53          11111111111111111111111111110000        0         
1445        54          00000000011111111111111111111111        0         
1458        625         00000000000000000000011111111111        0         
1463        253         00000000000000000000000000011111        0         
1464        234         11111111111111111111000000000000        0         
1475        1925        00000000000000000000001111111111        0         
1477        1959        00000000001111111111000000000000        0         
1478        1956        00000000000000111111111100000000        0         
1479        1953        00000000000000000011111111110000        0         
1480        1950        00000000000000000000001111111111        0         
1482        1944        00000000000000000000111111111111        0         
1483        1940        00111111111100000000000000000000        0         
1484        1934        00000000001111111111000000000000        4096      
1485        1931        00000000000000111111111100000000        0         
1486        1928        00000000000000000011111111110000        0         
1488        1922        00000000000000000000000000111111        0         
1490        1915        00111111111100000000000000000000        0         
1491        1912        00000011111111110000000000000000        0         
1492        1909        11111111111111111111000000000000        4096      
1493        1906        00000000000000111111111100000000        0         
1495        1006        00001111111111000000000000000000        0         
1498        40          11111111111100000000000000000000        0         
1498        43          00000000111111111111111111111111        0         
1499        51          00000000000000111111111111111111        0         
1510        156         11111111111111111111111000000000        0         
1511        40          11111111111100000000000000000000        0         
1511        42          00000000000000000000000001111111        0         
1512        40          11111111111100000000000000000000        0         
1512        42          00000000000000000000000000111111        0         
1514        32          11111111111111111111111111111110        0         
1522        53          00000001111111111111111111110000        0         
1523        51          00000000000001111111111111111111        0         
1526        69          00000000000000000000000000000111        0         
1536        53          11111111111111111111111111110000        0         
1536        54          00000000011111111111111111111111        0         
1546        625         00000000000000000000011111111111        4096      
1548        253         00000000000000000000000000011111        4096      
1549        234         11111111111111111111000000000000        0         
1563        1925        00000000000000000000001111111111        0         
1564        1956        00000000000000111111111100000000        0         
1565        1953        00000000000000000011111111110000        0         
1566        1950        00000000000000000000001111111111        0         
1567        1944        00000000000000000000111111111111        0         
1568        1940        00111111111100000000000000000000        0         
1569        1937        00000011111111110000000000000000        0         
1570        1934        00000000001111111111000000000000        0         
1571        1931        00000000000000111111111100000000        0         
1572        1928        00000000000000000011111111110000        0         
1574        1922        00000000000000000000000000111111        0         
1576        1915        00111111111100000000000000000000        0         
1577        1912        00000011111111110000000000000000        0         
1578        1906        00000000000000111111111100000000        0         
1582        40          11111111111100000000000000000000        0         
1582        42          00000000000000000000000000111111        0         
1583        51          00000000000000111111111111111111        0         
1590        40          11111111111100000000000000000000        0         
1590        43          00000000111111111111111111111111        0         
1591        40          11111111111100000000000000000000        4096      
1591        42          00000000000000000000000001111111        4096      
1592        69          00000000000000000000000000000111        0         
1594        32          11111111111111111111111111111110        0         
1602        51          00000000000001111111111111111111        0         
1616        53          11111111111111111111111111110000        0         
1616        54          00000000011111111111111111111111        0         
1617        53          00000001111111111111111111110000        0         
1619        253         00000000000000000000000000011111        0         
1623        625         00000000000000000000011111111111        0         
1628        234         11111111111111111111000000000000        0         
1637        156         11111111111111111111111000000000        0         
1638        1928        00000000000000000011111111110000        4096      
1640        1956        00000000000000111111111100000000        0         
1641        1953        00000000000000000011111111110000        0         
1642        1950        00000000000000000000001111111111        0         
1645        1940        00111111111100000000000000000000        0         
1646        1934        00000000001111111111000000000000        0         
1647        1931        00000000000000111111111100000000        0         
1649        1925        00000000000000000000001111111111        0         
1650        1922        00000000000000000000000000111111        0         
1652        1912        00000011111111110000000000000000        0         
1653        1909        11111111111111111111000000000000        0         
1654        1906        00000000000000111111111100000000        0         
1655        1006        00001111111111000000000000000000        0         
1657        40          11111111111100000000000000000000        0         
1657        42          00000000000000000000000001111111        0         
1658        51          00000000000001111111111111111111        0         
1659        51          00000000000000111111111111111111        0         
1668        40          11111111111100000000000000000000        0         
1668        42          00000000000000000000000000111111        0         
1670        32          11111111111111111111111111111110        0         
1675        69          00000000000000000000000000000111        0         
1676        53          00000001111111111111111111110000        0         
1692        53          11111111111111111111111111110000        0         
1692        54          00000000011111111111111111111111        0         
1695        234         11111111111111111111000000000000        0         
1696        253         00000000000000000000000000011111        0         
1702        625         00000000000000000000011111111111        0         
1718        1940        00111111111100000000000000000000        0         
1720        1925        00000000000000000000001111111111        0         
1722        1959        00000000001111111111000000000000        0         
1723        1956        00000000000000111111111100000000        0         
1724        1953        00000000000000000011111111110000        4096      
1725        1950        00000000000000000000001111111111        0         
1726        1944        11111111111111111111000000000000        0         
1728        1944        00000000000000000000111111111111        0         
1729        1937        00000011111111110000000000000000        4096      
1730        1934        00000000001111111111000000000000        4096      
1731        1931        00000000000000111111111100000000        0         
1732        1928        00000000000000000011111111110000        4096      
1734        1922        00000000000000000000000000111111        4096      
1736        1915        00111111111100000000000000000000        0         
1737        1912        00000011111111110000000000000000        0         
1738        1909        11111111111111111111000000000000        0         
1739        1906        00000000000000111111111100000000        0         
1740        1006        00001111111111000000000000000000        4096      
1746        40          11111111111100000000000000000000        4096      
1746        43          00000000111111111111111111111111        4096      
1748        51          00000000000001111111111111111111        0         
1749        51          00000000000000111111111111111111        0         
1761        40          11111111111100000000000000000000        0         
1761        42          00000000000000000000000001111111        0         
1762        40          11111111111100000000000000000000        4096      
1762        42          00000000000000000000000000111111        4096      
1765        32          11111111111111111111111111111110        4096      
1775        156         11111111111111111111111000000000        4096      
1779        69          00000000000000000000000000000111        4096      
1788        53          00000001111111111111111111110000        0         
1789        53          11111111111111111111111111110000        0         
1789        54          00000000011111111111111111111111        0         
1801        625         00000000000000000000011111111111        0         
1805        253         00000000000000000000000000011111        0         
1806        234         11111111111111111111000000000000        4096      
1819        156         11111111111111111111111000000000        4096      
1821        1925        00000000000000000000001111111111        0         
1822        1959        00000000001111111111000000000000        4096      
1823        1953        00000000000000000011111111110000        0         
1824        1950        00000000000000000000001111111111        0         
1825        1944        11111111111111111111000000000000        0         
1827        1944        00000000000000000000111111111111        0         
1828        1940        00111111111100000000000000000000        4096      
1829        1937        00000011111111110000000000000000        0         
1830        1934        00000000001111111111000000000000        0         
1831        1931        00000000000000111111111100000000        0         
1832        1928        00000000000000000011111111110000        0         
1835        1915        00111111111100000000000000000000        0         
1836        1912        00000011111111110000000000000000        0         
1837        1906        00000000000000111111111100000000        4096      
1838        1006        00001111111111000000000000000000        0         
1845        40          11111111111100000000000000000000        4096      
1845        42          00000000000000000000000001111111        4096      
1856        40          11111111111100000000000000000000        0         
1856        43          00000000111111111111111111111111        0         
1857        69          00000000000000000000000000000111        4096      
1858        40          11111111111100000000000000000000        0         
1858        42          00000000000000000000000000111111        0         
1860        32          11111111111111111111111111111110        0         
1868        51          00000000000001111111111111111111        4096      
1869        51          00000000000000111111111111111111        0         
1883        53          00000001111111111111111111110000        0         
1884        53          11111111111111111111111111110000        0         
1884        54          00000000011111111111111111111111        0         
1891        1956        00000000000000111111111100000000        0         
1898        40          11111111111100000000000000000000        4096      
1898        42          00000000000000000000000001111111        4096      
1901        51          00000000000001111111111111111111        0         
1906        234         11111111111111111111000000000000        0         
1907        253         00000000000000000000000000011111        0         
1908        625         00000000000000000000011111111111        0         
1912        1909        11111111111111111111000000000000        0         
1913        1912        00000011111111110000000000000000        0         
1914        1915        00111111111100000000000000000000        0         
1916        1928        00000000000000000011111111110000        0         
1917        40          11111111111100000000000000000000        0         
1917        42          00000000000000000000000001111111        0         
1918        1931        00000000000000111111111100000000        0         
1919        1934        00000000001111111111000000000000        0         
1920        1953        00000000000000000011111111110000        0         
1921        156         11111111111111111111111000000000        0         
1930        51          00000000000000111111111111111111        0         
1931        53          11111111111111111111111111110000        0         
1931        54          00000000011111111111111111111111        0         
1944        625         00000000000000000000011111111111        4096      
1952        253         00000000000000000000000000011111        0         
1953        234         11111111111111111111000000000000        4096      
1963        1956        00000000000000111111111100000000        0         
1964        1925        00000000000000000000001111111111        4096      
1966        1959        00000000001111111111000000000000        0         
1967        1953        00000000000000000011111111110000        4096      
1968        1950        00000000000000000000001111111111        4096      
1969        1944        11111111111111111111000000000000        4096      
1971        1944        00000000000000000000111111111111        0         
1972        1940        00111111111100000000000000000000        0         
1973        1937        00000011111111110000000000000000        4096      
1974        1934        00000000001111111111000000000000        0         
1975        1931        00000000000000111111111100000000        0         
1976        1928        00000000000000000011111111110000        0         
1978        1922        00000000000000000000000000111111        0         
1980        1915        00111111111100000000000000000000        0         
1981        1912        00000011111111110000000000000000        0         
1982        1909        11111111111111111111000000000000        0         
1983        1906        00000000000000111111111100000000        0         
1985        1006        00001111111111000000000000000000        0         
1992        51          00000000000001111111111111111111        0         
1993        51          00000000000000111111111111111111        0         
2003        40          11111111111100000000000000000000        0         
2003        43          00000000111111111111111111111111        0         
2004        40          11111111111100000000000000000000        0         
2004        42          00000000000000000000000001111111        0         
2005        40          11111111111100000000000000000000        4096      
2005        42          00000000000000000000000000111111        4096      
2007        32          11111111111111111111111111111110        0         
2015        53          11111111111111111111111111110000        4096      
2015        54          00000000011111111111111111111111        4096      
2016        53          00000001111111111111111111110000        0         
2019        156         11111111111111111111111000000000        0         
2023        69          00000000000000000000000000000111        0         
2040        234         11111111111111111111000000000000        0         
2041        253         00000000000000000000000000011111        0         
2046        625         00000000000000000000011111111111        0         
2064        1925        00000000000000000000001111111111        4096      
2065        1959        00000000001111111111000000000000        0         
2066        1956        00000000000000111111111100000000        4096      
2067        1953        00000000000000000011111111110000        0         
2068        1950        00000000000000000000001111111111        4096      
2069        1944        11111111111111111111000000000000        0         
2071        1940        00111111111100000000000000000000        0         
2072        1937        00000011111111110000000000000000        0         
2073        1934        00000000001111111111000000000000        0         
2074        1931        00000000000000111111111100000000        0         
2075        1928        00000000000000000011111111110000        0         
2077        1922        00000000000000000000000000111111        0         
2079        1915        00111111111100000000000000000000        4096      
2080        1912        00000011111111110000000000000000        0         
2081        1909        11111111111111111111000000000000        4096      
2082        1906        00000000000000111111111100000000        0         
2084        1006        00001111111111000000000000000000        0         
2089        51          00000000000001111111111111111111        0         
2090        51          00000000000000111111111111111111        4096      
2101        40          11111111111100000000000000000000        0         
2101        43          00000000111111111111111111111111        0         
2102        40          11111111111100000000000000000000        0         
2102        42          00000000000000000000000001111111        0         
2103        40          11111111111100000000000000000000        4096      
2103        42          00000000000000000000000000111111        4096      
2105        32          11111111111111111111111111111110        0         
2113        156         11111111111111111111111000000000        4096      
2117        69          00000000000000000000000000000111        0         
2127        53          00000001111111111111111111110000        0         
2128        53          11111111111111111111111111110000        4096      
2128        54          00000000011111111111111111111111        4096      
2137        69          00000000000000000000000000000111        0         
2138        156         11111111111111111111111000000000        0         
2145        253         00000000000000000000000000011111        0         
2146        625         00000000000000000000011111111111        0         
2149        1912        00000011111111110000000000000000        0         
2150        1915        00111111111100000000000000000000        0         
2152        1928        00000000000000000011111111110000        0         
2157        32          11111111111111111111111111111110        4096      
2159        40          11111111111100000000000000000000        0         
2159        42          00000000000000000000000000111111        0         
2165        51          00000000000000111111111111111111        0         
2173        234         11111111111111111111000000000000        0         
2174        253         00000000000000000000000000011111        0         
2189        156         11111111111111111111111000000000        0         
2191        1925        00000000000000000000001111111111        0         
2193        1959        00000000001111111111000000000000        0         
2194        1956        00000000000000111111111100000000        0         
2195        1950        00000000000000000000001111111111        0         
2197        1940        00111111111100000000000000000000        0         
2198        1937        00000011111111110000000000000000        0         
2199        1934        00000000001111111111000000000000        0         
2200        1931        00000000000000111111111100000000        0         
2201        1928        00000000000000000011111111110000        0         
2203        1922        00000000000000000000000000111111        0         
2205        1915        00111111111100000000000000000000        4096      
2206        1912        00000011111111110000000000000000        0         
2207        1909        11111111111111111111000000000000        0         
2208        1906        00000000000000111111111100000000        0         
2213        51          00000000000001111111111111111111        0         
2214        51          00000000000000111111111111111111        0         
2224        40          11111111111100000000000000000000        0         
2224        43          00000000111111111111111111111111        0         
2225        40          11111111111100000000000000000000        0         
2225        42          00000000000000000000000001111111        0         
2226        40          11111111111100000000000000000000        4096      
2226        42          00000000000000000000000000111111        4096      
2228        32          11111111111111111111111111111110        0         
2234        53          00000001111111111111111111110000        4096      
2236        69          00000000000000000000000000000111        0         
2252        53          11111111111111111111111111110000        4096      
2252        54          00000000011111111111111111111111        4096      
2258        625         00000000000000000000011111111111        0         
2267        253         00000000000000000000000000011111        0         
2268        234         11111111111111111111000000000000        4096      
2278        1928        00000000000000000011111111110000        0         
2279        51          00000000000001111111111111111111        0         
2281        1959        00000000001111111111000000000000        4096      
2282        1956        00000000000000111111111100000000        0         
2283        1953        00000000000000000011111111110000        4096      
2284        1950        00000000000000000000001111111111        4096      
2286        1944        00000000000000000000111111111111        0         
2287        1940        00111111111100000000000000000000        0         
2288        1934        00000000001111111111000000000000        4096      
2289        1931        00000000000000111111111100000000        4096      
2291        1925        00000000000000000000001111111111        4096      
2292        1922        00000000000000000000000000111111        0         
2294        1915        00111111111100000000000000000000        0         
2295        1912        00000011111111110000000000000000        4096      
2296        1909        11111111111111111111000000000000        0         
2297        1906        00000000000000111111111100000000        0         
2299        1006        00001111111111000000000000000000        4096      
2303        53          11111111111111111111111111110000        0         
2303        54          00000000011111111111111111111111        0         
2304        53          00000001111111111111111111110000        4096      
2306        51          00000000000000111111111111111111        0         
2315        40          11111111111100000000000000000000        0         
2315        43          00000000111111111111111111111111        0         
2316        40          11111111111100000000000000000000        4096      
2316        42          00000000000000000000000001111111        4096      
2317        40          11111111111100000000000000000000        0         
2317        42          00000000000000000000000000111111        0         
2319        32          11111111111111111111111111111110        0         
2330        156         11111111111111111111111000000000        0         
2334        69          00000000000000000000000000000111        4096      
2355        625         00000000000000000000011111111111        0         
2359        253         00000000000000000000000000011111        0         
2360        234         11111111111111111111000000000000        4096      
2372        156         11111111111111111111111000000000        0         
2373        1931        00000000000000111111111100000000        0         
2376        1959        00000000001111111111000000000000        0         
2377        1956        00000000000000111111111100000000        0         
2378        1953        00000000000000000011111111110000        0         
2379        1950        00000000000000000000001111111111        0         
2380        1944        11111111111111111111000000000000        0         
2382        1940        00111111111100000000000000000000        4096      
2383        1937        00000011111111110000000000000000        0         
2384        1934        00000000001111111111000000000000        0         
2386        1928        00000000000000000011111111110000        0         
2387        1925        00000000000000000000001111111111        0         
2388        1922        00000000000000000000000000111111        4096      
2389        1915        00111111111100000000000000000000        0         
2390        1912        00000011111111110000000000000000        0         
2391        1909        11111111111111111111000000000000        0         
2392        1906        00000000000000111111111100000000        0         
2393        1006        00001111111111000000000000000000        0         
2396        40          11111111111100000000000000000000        0         
2396        43          00000000111111111111111111111111        0         
2397        51          00000000000000111111111111111111        0         
2409        40          11111111111100000000000000000000        0         
2409        42          00000000000000000000000001111111        0         
2410        40          11111111111100000000000000000000        0         
2410        42          00000000000000000000000000111111        0         
2412        32          11111111111111111111111111111110        0         
2421        69          00000000000000000000000000000111        4096      
2433        51          00000000000001111111111111111111        0         
2435        53          00000001111111111111111111110000        0         
2436        53          11111111111111111111111111110000        0         
2436        54          00000000011111111111111111111111        0         
2443        69          00000000000000000000000000000111        0         
2455        1006        00001111111111000000000000000000        0         
2456        1909        11111111111111111111000000000000        0         
2458        1925        00000000000000000000001111111111        0         
2459        1937        00000011111111110000000000000000        0         
2460        1950        00000000000000000000001111111111        0         
2467        32          11111111111111111111111111111110        0         
2474        51          00000000000000111111111111111111        0         
2475        51          00000000000001111111111111111111        0         
2477        53          11111111111111111111111111110000        0         
2477        54          00000000011111111111111111111111        0         
2483        625         00000000000000000000011111111111        4096      
2494        253         00000000000000000000000000011111        0         
2495        234         11111111111111111111000000000000        0         
2503        1922        00000000000000000000000000111111        0         
2506        1934        00000000001111111111000000000000        4096      
2507        156         11111111111111111111111000000000        4096      
2509        1959        00000000001111111111000000000000        4096      
2510        1956        00000000000000111111111100000000        0         
2511        1953        00000000000000000011111111110000        0         
2512        1950        00000000000000000000001111111111        0         
2513        1944        11111111111111111111000000000000        4096      
2515        1944        00000000000000000000111111111111        0         
2516        1940        00111111111100000000000000000000        0         
2517        1937        00000011111111110000000000000000        0         
2519        1931        00000000000000111111111100000000        0         
2520        1928        00000000000000000011111111110000        0         
2521        1925        00000000000000000000001111111111        0         
2523        1915        00111111111100000000000000000000        0         
2524        1912        00000011111111110000000000000000        0         
2525        1909        11111111111111111111000000000000        0         
2526        1906        00000000000000111111111100000000        0         
2527        1006        00001111111111000000000000000000        4096      
2531        53          00000001111111111111111111110000        0         
2533        51          00000000000001111111111111111111        0         
2534        51          00000000000000111111111111111111        4096      
2543        40          11111111111100000000000000000000        0         
2543        42          00000000000000000000000001111111        0         
2544        40          11111111111100000000000000000000        0         
2544        42          00000000000000000000000000111111        0         
2546        32          11111111111111111111111111111110        0         
2558        53          11111111111111111111111111110000        0         
2558        54          00000000011111111111111111111111        0         
2560        69          00000000000000000000000000000111        0         
2582        156         11111111111111111111111000000000        0         
2587        1959        00000000001111111111000000000000        0         
2593        1906        00000000000000111111111100000000        0         
2594        1934        00000000001111111111000000000000        0         
2595        1940        00111111111100000000000000000000        4096      
2601        32          11111111111111111111111111111110        0         
2602        40          11111111111100000000000000000000        0         
2602        42          00000000000000000000000000111111        0         
2603        40          11111111111100000000000000000000        0         
2603        42          00000000000000000000000001111111        0         
2604        40          11111111111100000000000000000000        0         
2604        43          00000000111111111111111111111111        0         
2609        51          00000000000000111111111111111111        0         
2610        51          00000000000001111111111111111111        0         
2615        234         11111111111111111111000000000000        4096      
2616        253         00000000000000000000000000011111        0         
2620        625         00000000000000000000011111111111        0         
2624        156         11111111111111111111111000000000        4096      
2637        1931        00000000000000111111111100000000        0         
2638        1925        00000000000000000000001111111111        4096      
2640        1959        00000000001111111111000000000000        4096      
2641        1956        00000000000000111111111100000000        0         
2642        1953        00000000000000000011111111110000        0         
2643        1950        00000000000000000000001111111111        4096      
2644        1944        11111111111111111111000000000000        4096      
2645        1944        00000000000000000000111111111111        0         
2646        1940        00111111111100000000000000000000        0         
2647        1937        00000011111111110000000000000000        4096      
2648        1934        00000000001111111111000000000000        0         
2650        1928        00000000000000000011111111110000        0         
2651        1922        00000000000000000000000000111111        4096      
2653        1915        00111111111100000000000000000000        0         
2654        1912        00000011111111110000000000000000        0         
2655        1909        11111111111111111111000000000000        0         
2656        1906        00000000000000111111111100000000        0         
2657        1006        00001111111111000000000000000000        0         
2662        51          00000000000000111111111111111111        0         
2674        40          11111111111100000000000000000000        0         
2674        43          00000000111111111111111111111111        0         
2675        40          11111111111100000000000000000000        0         
2675        42          00000000000000000000000001111111        0         
2676        40          11111111111100000000000000000000        4096      
2676        42          00000000000000000000000000111111        4096      
2678        32          11111111111111111111111111111110        0         
2686        51          00000000000001111111111111111111        4096      
2689        69          00000000000000000000000000000111        0         
2700        53          00000001111111111111111111110000        0         
2701        53          11111111111111111111111111110000        0         
2701        54          00000000011111111111111111111111        0         
2711        625         00000000000000000000011111111111        4096      
2717        253         00000000000000000000000000011111        0         
2718        234         11111111111111111111000000000000        0         
2731        1931        00000000000000111111111100000000        0         
2732        1937        00000011111111110000000000000000        4096      
2734        1959        00000000001111111111000000000000        0         
2735        1956        00000000000000111111111100000000        4096      
2736        1953        00000000000000000011111111110000        0         
2737        1950        00000000000000000000001111111111        4096      
2738        1944        11111111111111111111000000000000        0         
2740        1944        00000000000000000000111111111111        0         
2741        1940        00111111111100000000000000000000        0         
2742        1934        00000000001111111111000000000000        0         
2744        1928        00000000000000000011111111110000        0         
2745        1925        00000000000000000000001111111111        0         
2746        1922        00000000000000000000000000111111        0         
2748        1915        00111111111100000000000000000000        0         
2749        1912        00000011111111110000000000000000        0         
2750        1909        11111111111111111111000000000000        0         
2755        40          11111111111100000000000000000000        0         
2755        42          00000000000000000000000001111111        0         
2756        51          00000000000001111111111111111111        0         
2757        51          00000000000000111111111111111111        0         
2767        40          11111111111100000000000000000000        0         
2767        43          00000000111111111111111111111111        0         
2768        156         11111111111111111111111000000000        0         
2770        40          11111111111100000000000000000000        0         
2770        42          00000000000000000000000000111111        0         
2772        32          11111111111111111111111111111110        0         
2780        53          00000001111111111111111111110000        0         
2784        69          00000000000000000000000000000111        4096      
2794        53          11111111111111111111111111110000        0         
2794        54          00000000011111111111111111111111        0         
2812        234         11111111111111111111000000000000        0         
2823        1925        00000000000000000000001111111111        0         
2825        1959        00000000001111111111000000000000        0         
2826        1956        00000000000000111111111100000000        0         
2827        1953        00000000000000000011111111110000        4096      
2828        1950        00000000000000000000001111111111        0         
2829        1944        11111111111111111111000000000000        0         
2830        1944        00000000000000000000111111111111        0         
2831        1937        00000011111111110000000000000000        0         
2832        1934        00000000001111111111000000000000        0         
2833        1928        00000000000000000011111111110000        0         
2835        1922        00000000000000000000000000111111        0         
2837        1915        00111111111100000000000000000000        0         
2838        1912        00000011111111110000000000000000        0         
2839        1909        11111111111111111111000000000000        0         
2840        1906        00000000000000111111111100000000        0         
2842        1006        00001111111111000000000000000000        4096      
2844        40          11111111111100000000000000000000        0         
2844        42          00000000000000000000000000111111        0         
2845        51          00000000000000111111111111111111        0         
2853        40          11111111111100000000000000000000        0         
2853        43          00000000111111111111111111111111        0         
2854        40          11111111111100000000000000000000        0         
2854        42          00000000000000000000000001111111        0         
2857        32          11111111111111111111111111111110        4096      
2864        156         11111111111111111111111000000000        0         
2867        69          00000000000000000000000000000111        0         
2882        53          11111111111111111111111111110000        0         
2882        54          00000000011111111111111111111111        0         
2883        51          00000000000001111111111111111111        4096      
2884        1937        00000011111111110000000000000000        0         
2890        69          00000000000000000000000000000111        0         
2893        625         00000000000000000000011111111111        0         
2896        253         00000000000000000000000000011111        0         
2897        234         11111111111111111111000000000000        0         
2906        156         11111111111111111111111000000000        0         
2907        69          00000000000000000000000000000111        0         
2909        1956        00000000000000111111111100000000        0         
2910        1953        00000000000000000011111111110000        0         
2911        1950        00000000000000000000001111111111        0         
2913        1940        00111111111100000000000000000000        4096      
2914        1931        00000000000000111111111100000000        0         
2915        1925        00000000000000000000001111111111        0         
2916        1922        00000000000000000000000000111111        0         
2918        1915        00111111111100000000000000000000        0         
2919        1912        00000011111111110000000000000000        0         
2920        1906        00000000000000111111111100000000        0         
2933        40          11111111111100000000000000000000        0         
2933        42          00000000000000000000000001111111        0         
2934        40          11111111111100000000000000000000        0         
2934        42          00000000000000000000000000111111        0         
2936        32          11111111111111111111111111111110        0         
2944        51          00000000000000111111111111111111        0         
2957        53          11111111111111111111111111110000        0         
2957        54          00000000011111111111111111111111        0         
2958        51          00000000000001111111111111111111        4096      
2965        253         00000000000000000000000000011111        0         
2967        1922        00000000000000000000000000111111        0         
2968        1940        00111111111100000000000000000000        0         
2974        40          11111111111100000000000000000000        4096      
2974        42          00000000000000000000000001111111        4096      
2989        69          00000000000000000000000000000111        0         
2992        1006        00001111111111000000000000000000        0         
2993        1906        00000000000000111111111100000000        0         
2995        1922        00000000000000000000000000111111        0         
2996        1925        00000000000000000000001111111111        0         
2997        1928        00000000000000000011111111110000        0         
2998        1937        00000011111111110000000000000000        0         
2999        1944        00000000000000000000111111111111        0         
3000        1953        00000000000000000011111111110000        0         
3008        40          11111111111100000000000000000000        4096      
3008        42          00000000000000000000000001111111        4096      
3023        53          11111111111111111111111111110000        0         
3023        54          00000000011111111111111111111111        0         
3030        625         00000000000000000000011111111111        0         
3033        253         00000000000000000000000000011111        0         
3034        234         11111111111111111111000000000000        0         
3045        156         11111111111111111111111000000000        0         
3046        1931        00000000000000111111111100000000        4096      
3049        1959        00000000001111111111000000000000        0         
3050        1956        00000000000000111111111100000000        0         
3051        1953        00000000000000000011111111110000        0         
3052        1950        00000000000000000000001111111111        0         
3053        1944        11111111111111111111000000000000        4096      
3055        1940        00111111111100000000000000000000        0         
3056        1937        00000011111111110000000000000000        4096      
3057        1934        00000000001111111111000000000000        4096      
3059        1928        00000000000000000011111111110000        0         
3060        1925        00000000000000000000001111111111        4096      
3061        1922        00000000000000000000000000111111        0         
3063        1915        00111111111100000000000000000000        0         
3064        1912        00000011111111110000000000000000        0         
3065        1909        11111111111111111111000000000000        0         
3066        1906        00000000000000111111111100000000        4096      
3068        1006        00001111111111000000000000000000        0         
3070        40          11111111111100000000000000000000        4096      
3070        43          00000000111111111111111111111111        4096      
3071        51          00000000000001111111111111111111        0         
3072        51          00000000000000111111111111111111        4096      
3083        40          11111111111100000000000000000000        0         
3083        42          00000000000000000000000001111111        0         
3084        40          11111111111100000000000000000000        0         
3084        42          00000000000000000000000000111111        0         
3086        32          11111111111111111111111111111110        0         
3094        53          00000001111111111111111111110000        4096      
3096        69          00000000000000000000000000000111        0         
3108        53          11111111111111111111111111110000        0         
3108        54          00000000011111111111111111111111        0         
3118        69          00000000000000000000000000000111        0         
3127        625         00000000000000000000011111111111        0         
3131        1909        11111111111111111111000000000000        0         
3132        1912        00000011111111110000000000000000        0         
3133        1934        00000000001111111111000000000000        0         
3134        1959        00000000001111111111000000000000        0         
3145        51          00000000000000111111111111111111        0         
3146        53          00000001111111111111111111110000        0         
3173        1909        11111111111111111111000000000000        4096      
3174        1912        00000011111111110000000000000000        0         
3175        1915        00111111111100000000000000000000        0         
3176        1922        00000000000000000000000000111111        0         
3177        1931        00000000000000111111111100000000        0         
3178        1940        00111111111100000000000000000000        0         
3179        1956        00000000000000111111111100000000        4096      
3188        40          11111111111100000000000000000000        0         
3188        42          00000000000000000000000000111111        0         
3189        40          11111111111100000000000000000000        0         
3189        42          00000000000000000000000001111111        0         
3202        53          00000001111111111111111111110000        0         
3204        51          00000000000000111111111111111111        0         
3208        253         00000000000000000000000000011111        0         
3216        156         11111111111111111111111000000000        0         
3228        1006        00001111111111000000000000000000        0         
3229        1915        00111111111100000000000000000000        4096      
3231        1925        00000000000000000000001111111111        0         
3232        1937        00000011111111110000000000000000        0         
3233        1940        00111111111100000000000000000000        4096      
3234        1944        00000000000000000000111111111111        0         
3235        1959        00000000001111111111000000000000        0         
3244        40          11111111111100000000000000000000        0         
3244        42          00000000000000000000000001111111        0         
3245        40          11111111111100000000000000000000        0         
3245        42          00000000000000000000000000111111        0         
3247        32          11111111111111111111111111111110        0         
3255        51          00000000000000111111111111111111        0         
3267        53          11111111111111111111111111110000        0         
3267        54          00000000011111111111111111111111        0         
3282        1909        11111111111111111111000000000000        0         
3283        1959        00000000001111111111000000000000        0         
3285        1928        00000000000000000011111111110000        0         
3291        40          11111111111100000000000000000000        0         
3291        42          00000000000000000000000000111111        0         
3292        40          11111111111100000000000000000000        0         
3292        42          00000000000000000000000001111111        0         
3297        51          00000000000000111111111111111111        0         
3298        53          11111111111111111111111111110000        0         
3298        54          00000000011111111111111111111111        0         
3314        253         00000000000000000000000000011111        0         
3317        1959        00000000001111111111000000000000        0         
3322        40          11111111111100000000000000000000        0         
3322        42          00000000000000000000000001111111        0         
3329        51          00000000000000111111111111111111        0         
3330        53          00000001111111111111111111110000        0         
3338        69          00000000000000000000000000000111        0         
3342        156         11111111111111111111111000000000        0         
3359        1925        00000000000000000000001111111111        0         
3360        1931        00000000000000111111111100000000        0         
3362        1950        00000000000000000000001111111111        0         
3379        53          00000001111111111111111111110000        0         
3380        51          00000000000000111111111111111111        0         
3391        53          11111111111111111111111111110000        0         
3391        54          00000000011111111111111111111111        0         
3410        1931        00000000000000111111111100000000        0         
3411        1934        00000000001111111111000000000000        4096      
3419        40          11111111111100000000000000000000        4096      
3419        42          00000000000000000000000000111111        4096      
3425        51          00000000000001111111111111111111        0         
3432        253         00000000000000000000000000011111        0         
3438        625         00000000000000000000011111111111        0         
3442        156         11111111111111111111111000000000        0         
3444        234         11111111111111111111000000000000        0         
3456        1928        00000000000000000011111111110000        0         
3457        1906        00000000000000111111111100000000        0         
3459        1959        00000000001111111111000000000000        0         
3460        1956        00000000000000111111111100000000        0         
3461        1950        00000000000000000000001111111111        0         
3462        1944        11111111111111111111000000000000        0         
3464        1944        00000000000000000000111111111111        0         
3465        1940        00111111111100000000000000000000        0         
3466        1937        00000011111111110000000000000000        0         
3467        1934        00000000001111111111000000000000        0         
3468        1931        00000000000000111111111100000000        0         
3470        1925        00000000000000000000001111111111        4096      
3471        1922        00000000000000000000000000111111        0         
3473        1915        00111111111100000000000000000000        0         
3474        1912        00000011111111110000000000000000        4096      
3475        1909        11111111111111111111000000000000        0         
3481        40          11111111111100000000000000000000        0         
3481        43          00000000111111111111111111111111        0         
3482        51          00000000000000111111111111111111        4096      
3495        40          11111111111100000000000000000000        4096      
3495        42          00000000000000000000000001111111        4096      
3496        40          11111111111100000000000000000000        0         
3496        42          00000000000000000000000000111111        0         
3498        32          11111111111111111111111111111110        0         
3507        51          00000000000001111111111111111111        0         
3510        69          00000000000000000000000000000111        0         
3523        53          11111111111111111111111111110000        0         
3523        54          00000000011111111111111111111111        0         
3531        625         00000000000000000000011111111111        0         
3535        253         00000000000000000000000000011111        0         
3536        234         11111111111111111111000000000000        0         
3551        156         11111111111111111111111000000000        0         
3553        1922        00000000000000000000000000111111        0         
3556        1956        00000000000000111111111100000000        0         
3557        1953        00000000000000000011111111110000        0         
3558        1944        11111111111111111111000000000000        4096      
3559        1944        00000000000000000000111111111111        0         
3560        1940        00111111111100000000000000000000        0         
3561        1937        00000011111111110000000000000000        0         
3562        1934        00000000001111111111000000000000        0         
3563        1931        00000000000000111111111100000000        0         
3564        1925        00000000000000000000001111111111        0         
3567        1915        00111111111100000000000000000000        0         
3568        1909        11111111111111111111000000000000        0         
3569        1906        00000000000000111111111100000000        4096      
3570        1006        00001111111111000000000000000000        4096      
3577        40          11111111111100000000000000000000        0         
3577        43          00000000111111111111111111111111        0         
3578        51          00000000000001111111111111111111        0         
3579        51          00000000000000111111111111111111        0         
3590        40          11111111111100000000000000000000        0         
3590        42          00000000000000000000000001111111        0         
3591        40          11111111111100000000000000000000        0         
3591        42          00000000000000000000000000111111        0         
3593        32          11111111111111111111111111111110        0         
3604        69          00000000000000000000000000000111        0         
3615        53          11111111111111111111111111110000        4096      
3615        54          00000000011111111111111111111111        4096      
3627        234         11111111111111111111000000000000        4096      
3640        1909        11111111111111111111000000000000        0         
3641        40          11111111111100000000000000000000        4096      
3641        42          00000000000000000000000001111111        4096      
3642        1959        00000000001111111111000000000000        0         
3643        1956        00000000000000111111111100000000        0         
3644        1953        00000000000000000011111111110000        0         
3645        1950        00000000000000000000001111111111        0         
3646        1940        00111111111100000000000000000000        0         
3647        1934        00000000001111111111000000000000        0         
3648        1928        00000000000000000011111111110000        4096      
3650        1906        00000000000000111111111100000000        0         
3663        40          11111111111100000000000000000000        0         
3663        42          00000000000000000000000000111111        0         
3665        32          11111111111111111111111111111110        4096      
3687        51          00000000000000111111111111111111        0         
3710        69          00000000000000000000000000000111        0         
3720        1912        00000011111111110000000000000000        0         
3721        1922        00000000000000000000000000111111        0         
3722        1928        00000000000000000011111111110000        0         
3723        1931        00000000000000111111111100000000        0         
3724        1956        00000000000000111111111100000000        0         
3735        40          11111111111100000000000000000000        0         
3735        42          00000000000000000000000001111111        0         
3752        53          11111111111111111111111111110000        4096      
3752        54          00000000011111111111111111111111        4096      
3753        51          00000000000000111111111111111111        0         
3755        1915        00111111111100000000000000000000        0         
3768        40          11111111111100000000000000000000        0         
3768        42          00000000000000000000000000111111        0         
3782        1909        11111111111111111111000000000000        0         
3783        1915        00111111111100000000000000000000        0         
3784        1928        00000000000000000011111111110000        0         
3805        156         11111111111111111111111000000000        0         
3827        51          00000000000000111111111111111111        0         
3828        53          11111111111111111111111111110000        0         
3828        54          00000000011111111111111111111111        0         
3854        1006        00001111111111000000000000000000        4096      
3855        1906        00000000000000111111111100000000        0         
3856        1940        00111111111100000000000000000000        0         
3866        40          11111111111100000000000000000000        0         
3866        42          00000000000000000000000001111111        0         
3892        1909        11111111111111111111000000000000        0         
3893        1940        00111111111100000000000000000000        0         
3898        40          11111111111100000000000000000000        0         
3898        42          00000000000000000000000001111111        0         
3901        51          00000000000000111111111111111111        0         
3907        234         11111111111111111111000000000000        0         
3925        1956        00000000000000111111111100000000        0         
3926        1953        00000000000000000011111111110000        0         
3927        1950        00000000000000000000001111111111        0         
3929        1940        00111111111100000000000000000000        0         
3930        1912        00000011111111110000000000000000        0         
3931        1909        11111111111111111111000000000000        0         
3950        40          11111111111100000000000000000000        0         
3950        42          00000000000000000000000001111111        0         
3951        40          11111111111100000000000000000000        0         
3951        42          00000000000000000000000000111111        0         
3953        32          11111111111111111111111111111110        0         
3961        51          00000000000000111111111111111111        4096      
3976        51          00000000000001111111111111111111        0         
3983        234         11111111111111111111000000000000        0         
3986        1925        00000000000000000000001111111111        0         
3987        1934        00000000001111111111000000000000        0         
3988        1940        00111111111100000000000000000000        0         
4000        234         11111111111111111111000000000000        0         
4022        1006        00001111111111000000000000000000        0         
4023        1925        00000000000000000000001111111111        0         
4024        1959        00000000001111111111000000000000        4096      
4026        40          11111111111100000000000000000000        0         
4026        43          00000000111111111111111111111111        0         
4034        32          11111111111111111111111111111110        0         
4036        40          11111111111100000000000000000000        4096      
4036        42          00000000000000000000000000111111        4096      
4037        40          11111111111100000000000000000000        0         
4037        42          00000000000000000000000001111111        0         
4051        51          00000000000000111111111111111111        0         
4062        69          00000000000000000000000000000111        0         
4066        253         00000000000000000000000000011111        0         
4070        40          11111111111100000000000000000000        0         
4070        42          00000000000000000000000001111111        0         
4075        1915        00111111111100000000000000000000        0         
4076        1934        00000000001111111111000000000000        0         
4077        1940        00111111111100000000000000000000        0         
4078        1950        00000000000000000000001111111111        0         
4088        40          11111111111100000000000000000000        0         
4088        42          00000000000000000000000000111111        0         
4121        1906        00000000000000111111111100000000        0         
4122        1909        11111111111111111111000000000000        0         
4123        1912        00000011111111110000000000000000        0         
4124        1934        00000000001111111111000000000000        0         
4125        1937        00000011111111110000000000000000        0         
4126        1006        00001111111111000000000000000000        0         
4133        40          11111111111100000000000000000000        4096      
4133        42          00000000000000000000000000111111        4096      
4135        40          11111111111100000000000000000000        4096      
4135        42          00000000000000000000000001111111        4096      
4148        51          00000000000000111111111111111111        0         
4164        253         00000000000000000000000000011111        0         
4169        1006        00001111111111000000000000000000        0         
4170        1909        11111111111111111111000000000000        0         
4277        69          00000000000000000000000000000111        0         
4282        253         00000000000000000000000000011111        0         
4289        1956        00000000000000111111111100000000        0         
4299        40          11111111111100000000000000000000        0         
4299        42          00000000000000000000000000111111        0         
4306        51          00000000000000111111111111111111        0         
4330        234         11111111111111111111000000000000        0         
4335        1934        00000000001111111111000000000000        0         
4336        1937        00000011111111110000000000000000        0         
4345        40          11111111111100000000000000000000        0         
4345        42          00000000000000000000000000111111        0         
4378        625         00000000000000000000011111111111        0         
4402        51          00000000000000111111111111111111        4096      
4422        1944        00000000000000000000111111111111        0         
4454        234         11111111111111111111000000000000        0         
4458        1928        00000000000000000011111111110000        0         
4459        1956        00000000000000111111111100000000        0         
4465        32          11111111111111111111111111111110        0         
4467        40          11111111111100000000000000000000        4096      
4467        42          00000000000000000000000001111111        4096      
4474        53          11111111111111111111111111110000        0         
4474        54          00000000011111111111111111111111        0         
4489        234         11111111111111111111000000000000        0         
4496        156         11111111111111111111111000000000        0         
4503        1953        00000000000000000011111111110000        4096      
4504        1944        11111111111111111111000000000000        0         
4505        1944        00000000000000000000111111111111        0         
4506        1940        00111111111100000000000000000000        4096      
4507        1934        00000000001111111111000000000000        0         
4508        1925        00000000000000000000001111111111        0         
4509        1915        00111111111100000000000000000000        0         
4510        1909        11111111111111111111000000000000        4096      
4511        253         00000000000000000000000000011111        0         
4522        51          00000000000000111111111111111111        4096      
4534        40          11111111111100000000000000000000        0         
4534        43          00000000111111111111111111111111        0         
4535        40          11111111111100000000000000000000        0         
4535        42          00000000000000000000000001111111        0         
4536        40          11111111111100000000000000000000        0         
4536        42          00000000000000000000000000111111        0         
4542        69          00000000000000000000000000000111        0         
4544        51          00000000000001111111111111111111        0         
4558        53          11111111111111111111111111110000        0         
4558        54          00000000011111111111111111111111        0         
4559        53          00000001111111111111111111110000        0         
4584        1956        00000000000000111111111100000000        4096      
4650        69          00000000000000000000000000000111        0         
4653        1953        00000000000000000011111111110000        0         
4654        234         11111111111111111111000000000000        0         
4666        1906        00000000000000111111111100000000        4096      
4667        1928        00000000000000000011111111110000        0         
4668        1934        00000000001111111111000000000000        0         
4675        32          11111111111111111111111111111110        0         
4677        40          11111111111100000000000000000000        0         
4677        42          00000000000000000000000001111111        0         
4685        51          00000000000000111111111111111111        0         
4697        51          00000000000001111111111111111111        0         
4721        1959        00000000001111111111000000000000        0         
4729        32          11111111111111111111111111111110        4096      
4759        1006        00001111111111000000000000000000        0         
4760        1925        00000000000000000000001111111111        4096      
4761        1934        00000000001111111111000000000000        0         
4762        1950        00000000000000000000001111111111        0         
4780        51          00000000000000111111111111111111        0         
4822        234         11111111111111111111000000000000        0         
4835        156         11111111111111111111111000000000        4096      
4839        1953        00000000000000000011111111110000        0         
4840        1940        00111111111100000000000000000000        0         
4841        1931        00000000000000111111111100000000        0         
4842        1925        00000000000000000000001111111111        0         
4843        1909        11111111111111111111000000000000        0         
4862        40          11111111111100000000000000000000        0         
4862        42          00000000000000000000000000111111        0         
4883        51          00000000000001111111111111111111        0         
4934        234         11111111111111111111000000000000        4096      
4947        40          11111111111100000000000000000000        0         
4947        42          00000000000000000000000000111111        0         
4960        69          00000000000000000000000000000111        4096      
4964        53          00000001111111111111111111110000        0         
4974        1944        00000000000000000000111111111111        0         
5004        1950        00000000000000000000001111111111        0         
5055        625         00000000000000000000011111111111        0         
5064        1915        00111111111100000000000000000000        0         
5065        1925        00000000000000000000001111111111        0         
5066        1940        00111111111100000000000000000000        0         
5068        1956        00000000000000111111111100000000        0         
5071        40          11111111111100000000000000000000        0         
5071        42          00000000000000000000000000111111        0         
5119        625         00000000000000000000011111111111        0         
5127        1922        00000000000000000000000000111111        0         
5128        1937        00000011111111110000000000000000        0         
5129        1956        00000000000000111111111100000000        4096      
5140        40          11111111111100000000000000000000        0         
5140        42          00000000000000000000000001111111        0         
5166        156         11111111111111111111111000000000        0         
5184        1915        00111111111100000000000000000000        4096      
5185        1934        00000000001111111111000000000000        0         
5186        1959        00000000001111111111000000000000        0         
5212        53          00000001111111111111111111110000        0         
5215        51          00000000000001111111111111111111        4096      
5252        51          00000000000000111111111111111111        0         
5269        1937        00000011111111110000000000000000        0         
5277        234         11111111111111111111000000000000        0         
5286        1922        00000000000000000000000000111111        0         
5287        1934        00000000001111111111000000000000        4096      
5288        1944        00000000000000000000111111111111        4096      
5289        1950        00000000000000000000001111111111        0         
5300        40          11111111111100000000000000000000        0         
5300        42          00000000000000000000000000111111        0         
5317        51          00000000000000111111111111111111        0         
5339        1956        00000000000000111111111100000000        0         
5407        40          11111111111100000000000000000000        0         
5407        42          00000000000000000000000000111111        0         
5437        1931        00000000000000111111111100000000        0         
5438        1950        00000000000000000000001111111111        0         
5605        156         11111111111111111111111000000000        0         
5609        69          00000000000000000000000000000111        0         
5632        40          11111111111100000000000000000000        0         
5632        42          00000000000000000000000000111111        0         
5673        1909        11111111111111111111000000000000        0         
5702        156         11111111111111111111111000000000        0         
5795        40          11111111111100000000000000000000        0         
5795        42          00000000000000000000000000111111        0         
6728        69          00000000000000000000000000000111        0         
6737        234         11111111111111111111000000000000        0         
6744        1909        11111111111111111111000000000000        0         
6745        1912        00000011111111110000000000000000        0         
6747        1922        00000000000000000000000000111111        0         
6748        1925        00000000000000000000001111111111        0         
6749        1931        00000000000000111111111100000000        0         
6750        1944        11111111111111111111000000000000        0         
6751        1953        00000000000000000011111111110000        4096      
6752        1956        00000000000000111111111100000000        0         
6761        40          11111111111100000000000000000000        0         
6761        42          00000000000000000000000000111111        0         
6766        51          00000000000000111111111111111111        0         
6767        51          00000000000001111111111111111111        0         
6769        53          00000001111111111111111111110000        0         
6770        53          11111111111111111111111111110000        0         
6770        54          00000000011111111111111111111111        0         
6787        625         00000000000000000000011111111111        0         
6790        234         11111111111111111111000000000000        0         
6791        253         00000000000000000000000000011111        0         
6795        156         11111111111111111111111000000000        0         
6806        1922        00000000000000000000000000111111        0         
6808        1959        00000000001111111111000000000000        4096      
6809        1953        00000000000000000011111111110000        0         
6810        1950        00000000000000000000001111111111        0         
6811        1944        11111111111111111111000000000000        0         
6812        1940        00111111111100000000000000000000        0         
6813        1937        00000011111111110000000000000000        0         
6814        1928        00000000000000000011111111110000        4096      
6815        1925        00000000000000000000001111111111        0         
6818        1915        00111111111100000000000000000000        4096      
6819        1912        00000011111111110000000000000000        0         
6820        1909        11111111111111111111000000000000        0         
6821        1906        00000000000000111111111100000000        4096      
6826        40          11111111111100000000000000000000        0         
6826        42          00000000000000000000000001111111        0         
6827        51          00000000000000111111111111111111        0         
6838        40          11111111111100000000000000000000        0         
6838        42          00000000000000000000000000111111        0         
6840        32          11111111111111111111111111111110        0         
6848        69          00000000000000000000000000000111        0         
6859        51          00000000000001111111111111111111        0         
6860        53          00000001111111111111111111110000        0         
6861        53          11111111111111111111111111110000        0         
6861        54          00000000011111111111111111111111        0         
6868        156         11111111111111111111111000000000        0         
6874        253         00000000000000000000000000011111        0         
6880        1940        00111111111100000000000000000000        0         
6904        625         00000000000000000000011111111111        0         
6911        253         00000000000000000000000000011111        4096      
6912        234         11111111111111111111000000000000        0         
6922        1931        00000000000000111111111100000000        0         
6925        1959        00000000001111111111000000000000        0         
6926        1956        00000000000000111111111100000000        0         
6927        1953        00000000000000000011111111110000        0         
6928        1950        00000000000000000000001111111111        0         
6929        1944        11111111111111111111000000000000        0         
6931        1940        00111111111100000000000000000000        0         
6932        1937        00000011111111110000000000000000        0         
6933        1934        00000000001111111111000000000000        0         
6935        1928        00000000000000000011111111110000        0         
6936        1925        00000000000000000000001111111111        4096      
6937        1922        00000000000000000000000000111111        0         
6939        1915        00111111111100000000000000000000        0         
6940        1912        00000011111111110000000000000000        0         
6941        1909        11111111111111111111000000000000        0         
6942        1906        00000000000000111111111100000000        0         
6944        1006        00001111111111000000000000000000        0         
6947        53          00000001111111111111111111110000        0         
6949        51          00000000000001111111111111111111        4096      
6950        51          00000000000000111111111111111111        0         
6959        40          11111111111100000000000000000000        0         
6959        42          00000000000000000000000001111111        0         
6960        40          11111111111100000000000000000000        4096      
6960        42          00000000000000000000000000111111        4096      
6962        32          11111111111111111111111111111110        4096      
6971        53          11111111111111111111111111110000        0         
6971        54          00000000011111111111111111111111        0         
6972        156         11111111111111111111111000000000        0         
6976        69          00000000000000000000000000000111        0         
6996        53          00000001111111111111111111110000        0         
6997        40          11111111111100000000000000000000        0         
6997        42          00000000000000000000000001111111        0         
7007        1915        00111111111100000000000000000000        0         
7008        51          00000000000000111111111111111111        0         
7010        40          11111111111100000000000000000000        0         
7010        42          00000000000000000000000000111111        0         
7016        1931        00000000000000111111111100000000        0         
7028        40          11111111111100000000000000000000        0         
7028        42          00000000000000000000000001111111        0         
7030        53          00000001111111111111111111110000        0         
7041        51          00000000000000111111111111111111        0         
7044        40          11111111111100000000000000000000        0         
7044        42          00000000000000000000000000111111        0         
7046        234         11111111111111111111000000000000        0         
7048        69          00000000000000000000000000000111        0         
7057        156         11111111111111111111111000000000        0         
7060        1931        00000000000000111111111100000000        0         
7063        1940        00111111111100000000000000000000        0         
7081        253         00000000000000000000000000011111        0         
7082        234         11111111111111111111000000000000        0         
7090        1934        00000000001111111111000000000000        0         
7092        1959        00000000001111111111000000000000        0         
7093        1956        00000000000000111111111100000000        0         
7094        1953        00000000000000000011111111110000        0         
7095        1950        00000000000000000000001111111111        0         
7097        1940        00111111111100000000000000000000        0         
7098        1937        00000011111111110000000000000000        0         
7100        1931        00000000000000111111111100000000        0         
7101        1925        00000000000000000000001111111111        0         
7102        1922        00000000000000000000000000111111        0         
7103        1915        00111111111100000000000000000000        0         
7104        1912        00000011111111110000000000000000        0         
7105        1909        11111111111111111111000000000000        0         
7106        1906        00000000000000111111111100000000        0         
7107        40          11111111111100000000000000000000        4096      
7107        42          00000000000000000000000001111111        4096      
7108        51          00000000000000111111111111111111        4096      
7117        40          11111111111100000000000000000000        0         
7117        42          00000000000000000000000000111111        0         
7119        32          11111111111111111111111111111110        0         
7124        53          11111111111111111111111111110000        4096      
7124        54          00000000011111111111111111111111        4096      
7125        51          00000000000001111111111111111111        0         
7127        156         11111111111111111111111000000000        4096      
7128        69          00000000000000000000000000000111        0         
7144        1928        00000000000000000011111111110000        0         
7147        1956        00000000000000111111111100000000        0         
7153        156         11111111111111111111111000000000        0         
7162        1931        00000000000000111111111100000000        0         
7166        156         11111111111111111111111000000000        0         
7176        69          00000000000000000000000000000111        0         
7188        625         00000000000000000000011111111111        0         
7191        253         00000000000000000000000000011111        4096      
7198        1937        00000011111111110000000000000000        0         
7199        234         11111111111111111111000000000000        0         
7201        1959        00000000001111111111000000000000        4096      
7202        1956        00000000000000111111111100000000        4096      
7203        1953        00000000000000000011111111110000        0         
7204        1950        00000000000000000000001111111111        0         
7205        1944        11111111111111111111000000000000        0         
7207        1944        00000000000000000000111111111111        0         
7208        1940        00111111111100000000000000000000        0         
7209        1006        00001111111111000000000000000000        0         
7210        1934        00000000001111111111000000000000        0         
7211        1931        00000000000000111111111100000000        0         
7212        1928        00000000000000000011111111110000        4096      
7213        1925        00000000000000000000001111111111        0         
7214        1922        00000000000000000000000000111111        0         
7216        1915        00111111111100000000000000000000        0         
7217        1912        00000011111111110000000000000000        0         
7218        1909        11111111111111111111000000000000        0         
7219        1906        00000000000000111111111100000000        0         
7220        40          11111111111100000000000000000000        4096      
7220        43          00000000111111111111111111111111        4096      
7221        53          11111111111111111111111111110000        0         
7221        54          00000000011111111111111111111111        0         
7222        53          00000001111111111111111111110000        0         
7223        51          00000000000001111111111111111111        0         
7224        51          00000000000000111111111111111111        0         
7232        40          11111111111100000000000000000000        4096      
7232        42          00000000000000000000000001111111        4096      
7233        40          11111111111100000000000000000000        4096      
7233        42          00000000000000000000000000111111        4096      
7235        32          11111111111111111111111111111110        4096      
7242        156         11111111111111111111111000000000        0         
7246        69          00000000000000000000000000000111        4096      
7276        40          11111111111100000000000000000000        0         
7276        42          00000000000000000000000001111111        0         
7279        40          11111111111100000000000000000000        0         
7279        42          00000000000000000000000001111111        0         
7283        1931        00000000000000111111111100000000        0         
7285        1959        00000000001111111111000000000000        0         
7286        40          11111111111100000000000000000000        0         
7286        43          00000000111111111111111111111111        0         
7299        40          11111111111100000000000000000000        0         
7299        42          00000000000000000000000001111111        0         
7306        625         00000000000000000000011111111111        4096      
7311        253         00000000000000000000000000011111        0         
7312        234         11111111111111111111000000000000        0         
7324        1925        00000000000000000000001111111111        0         
7326        1959        00000000001111111111000000000000        0         
7327        1956        00000000000000111111111100000000        0         
7328        1953        00000000000000000011111111110000        4096      
7329        1950        00000000000000000000001111111111        0         
7330        1944        11111111111111111111000000000000        4096      
7331        1944        00000000000000000000111111111111        0         
7332        1940        00111111111100000000000000000000        4096      
7333        1937        00000011111111110000000000000000        0         
7334        1934        00000000001111111111000000000000        0         
7335        1931        00000000000000111111111100000000        4096      
7336        1928        00000000000000000011111111110000        0         
7338        1922        00000000000000000000000000111111        0         
7340        1915        00111111111100000000000000000000        0         
7341        1912        00000011111111110000000000000000        4096      
7342        1909        11111111111111111111000000000000        4096      
7343        1906        00000000000000111111111100000000        0         
7345        1006        00001111111111000000000000000000        0         
7349        40          11111111111100000000000000000000        0         
7349        42          00000000000000000000000001111111        0         
7351        51          00000000000001111111111111111111        0         
7352        51          00000000000000111111111111111111        4096      
7363        40          11111111111100000000000000000000        0         
7363        42          00000000000000000000000000111111        0         
7365        32          11111111111111111111111111111110        4096      
7375        156         11111111111111111111111000000000        0         
7378        69          00000000000000000000000000000111        0         
7395        53          11111111111111111111111111110000        0         
7395        54          00000000011111111111111111111111        0         
7396        53          00000001111111111111111111110000        0         
7418        1950        00000000000000000000001111111111        0         
7430        625         00000000000000000000011111111111        0         
7434        253         00000000000000000000000000011111        0         
7435        234         11111111111111111111000000000000        4096      
7444        1925        00000000000000000000001111111111        0         
7447        1944        11111111111111111111000000000000        0         
7448        1944        00000000000000000000111111111111        0         
7449        1940        00111111111100000000000000000000        0         
7450        1937        00000011111111110000000000000000        0         
7451        1931        00000000000000111111111100000000        4096      
7452        1928        00000000000000000011111111110000        0         
7454        1922        00000000000000000000000000111111        4096      
7456        1915        00111111111100000000000000000000        0         
7457        1909        11111111111111111111000000000000        0         
7458        1906        00000000000000111111111100000000        0         
7461        69          00000000000000000000000000000111        0         
7466        32          11111111111111111111111111111110        0         
7468        40          11111111111100000000000000000000        0         
7468        42          00000000000000000000000000111111        0         
7469        40          11111111111100000000000000000000        0         
7469        42          00000000000000000000000001111111        0         
7478        51          00000000000000111111111111111111        0         
7479        156         11111111111111111111111000000000        0         
7501        51          00000000000000111111111111111111        0         
7506        1950        00000000000000000000001111111111        0         
7513        1934        00000000001111111111000000000000        4096      
7514        1925        00000000000000000000001111111111        0         
7515        1922        00000000000000000000000000111111        0         
7533        51          00000000000001111111111111111111        0         
7550        253         00000000000000000000000000011111        0         
7551        234         11111111111111111111000000000000        4096      
7562        1906        00000000000000111111111100000000        0         
7564        1956        00000000000000111111111100000000        0         
7565        1953        00000000000000000011111111110000        0         
7567        1931        00000000000000111111111100000000        0         
7568        1925        00000000000000000000001111111111        0         
7569        1912        00000011111111110000000000000000        0         
7570        1909        11111111111111111111000000000000        0         
7571        625         00000000000000000000011111111111        0         
7580        40          11111111111100000000000000000000        0         
7580        42          00000000000000000000000000111111        0         
7581        51          00000000000000111111111111111111        0         
7588        40          11111111111100000000000000000000        0         
7588        42          00000000000000000000000001111111        0         
7591        32          11111111111111111111111111111110        4096      
7598        53          11111111111111111111111111110000        0         
7598        54          00000000011111111111111111111111        0         
7617        234         11111111111111111111000000000000        0         
7618        253         00000000000000000000000000011111        4096      
7624        625         00000000000000000000011111111111        0         
7638        1925        00000000000000000000001111111111        0         
7640        1959        00000000001111111111000000000000        0         
7641        1944        11111111111111111111000000000000        0         
7644        1944        00000000000000000000111111111111        0         
7645        1940        00111111111100000000000000000000        0         
7646        1937        00000011111111110000000000000000        0         
7647        1934        00000000001111111111000000000000        0         
7648        1931        00000000000000111111111100000000        0         
7649        1928        00000000000000000011111111110000        4096      
7652        1915        00111111111100000000000000000000        0         
7653        1909        11111111111111111111000000000000        0         
7654        1906        00000000000000111111111100000000        0         
7663        53          00000001111111111111111111110000        0         
7667        51          00000000000001111111111111111111        0         
7668        51          00000000000000111111111111111111        0         
7674        156         11111111111111111111111000000000        0         
7676        40          11111111111100000000000000000000        4096      
7676        42          00000000000000000000000001111111        4096      
7678        32          11111111111111111111111111111110        0         
7687        53          11111111111111111111111111110000        0         
7687        54          00000000011111111111111111111111        0         
7691        69          00000000000000000000000000000111        0         
7712        234         11111111111111111111000000000000        4096      
7723        253         00000000000000000000000000011111        0         
7732        1915        00111111111100000000000000000000        0         
7734        1922        00000000000000000000000000111111        0         
7735        1940        00111111111100000000000000000000        0         
7744        40          11111111111100000000000000000000        0         
7744        42          00000000000000000000000000111111        0         
7745        40          11111111111100000000000000000000        0         
7745        42          00000000000000000000000001111111        0         
7746        40          11111111111100000000000000000000        0         
7746        43          00000000111111111111111111111111        0         
7765        53          11111111111111111111111111110000        0         
7765        54          00000000011111111111111111111111        0         
7766        53          00000001111111111111111111110000        0         
7770        253         00000000000000000000000000011111        0         
7788        1950        00000000000000000000001111111111        0         
7789        1940        00111111111100000000000000000000        0         
7790        1937        00000011111111110000000000000000        4096      
7791        1934        00000000001111111111000000000000        0         
7793        1915        00111111111100000000000000000000        0         
7794        1912        00000011111111110000000000000000        0         
7802        625         00000000000000000000011111111111        0         
7804        40          11111111111100000000000000000000        4096      
7804        42          00000000000000000000000000111111        4096      
7815        32          11111111111111111111111111111110        0         
7822        51          00000000000000111111111111111111        0         
7855        253         00000000000000000000000000011111        0         
7858        625         00000000000000000000011111111111        0         
7871        40          11111111111100000000000000000000        4096      
7871        42          00000000000000000000000000111111        4096      
7883        53          11111111111111111111111111110000        0         
7883        54          00000000011111111111111111111111        0         
7886        51          00000000000001111111111111111111        4096      
7887        51          00000000000000111111111111111111        0         
7899        1944        00000000000000000000111111111111        0         
7923        1950        00000000000000000000001111111111        0         
7926        156         11111111111111111111111000000000        0         
7928        53          11111111111111111111111111110000        0         
7928        54          00000000011111111111111111111111        0         
7929        51          00000000000000111111111111111111        0         
7939        51          00000000000000111111111111111111        0         
7940        156         11111111111111111111111000000000        0         
7953        625         00000000000000000000011111111111        0         
7960        51          00000000000000111111111111111111        0         
7971        1931        00000000000000111111111100000000        0         
7976        234         11111111111111111111000000000000        0         
7994        1912        00000011111111110000000000000000        0         
7995        1915        00111111111100000000000000000000        0         
7997        1940        00111111111100000000000000000000        0         
7998        1944        00000000000000000000111111111111        0         
7999        1944        11111111111111111111000000000000        0         
8007        32          11111111111111111111111111111110        0         
8015        51          00000000000000111111111111111111        0         
8016        53          11111111111111111111111111110000        0         
8016        54          00000000011111111111111111111111        0         
8032        40          11111111111100000000000000000000        0         
8032        42          00000000000000000000000001111111        0         
8033        51          00000000000000111111111111111111        0         
8034        1950        00000000000000000000001111111111        0         
8176        40          11111111111100000000000000000000        0         
8176        42          00000000000000000000000000111111        0         
8211        253         00000000000000000000000000011111        0         
8218        1922        00000000000000000000000000111111        0         
8219        1928        00000000000000000011111111110000        0         
8220        1950        00000000000000000000001111111111        0         
8221        1959        00000000001111111111000000000000        0         
8228        32          11111111111111111111111111111110        0         
8237        53          11111111111111111111111111110000        0         
8237        54          00000000011111111111111111111111        0         
8263        40          11111111111100000000000000000000        0         
8263        42          00000000000000000000000001111111        0         
8329        625         00000000000000000000011111111111        0         
8344        40          11111111111100000000000000000000        4096      
8344        42          00000000000000000000000000111111        4096      
