Merged IP Table (3302 entries):
Idx	SrcIP_lo	SrcIP_hi	DstIP_lo	DstIP_hi	Proto	SrcMask	DstMask	MergedCount
0	4201348280	4201348281	285982960	285982960	6	31	32	1
1	4201348284	4201348287	285982960	285982960	17	30	32	2
2	4201348284	4201348287	285982960	285982960	6	30	32	2
3	858267436	858267436	1974679736	1974679743	6	32	29	2
4	858267436	858267436	1974679736	1974679743	17	32	29	2
5	4201348272	4201348279	285982960	285982960	6	29	32	3
6	3190079527	3190079527	2557780480	2557780511	6	32	27	3
7	1681840925	1681840925	285982848	285982911	6	32	26	3
8	1681840925	1681840925	285982848	285982911	17	32	26	2
9	420039662	420039662	4152771200	4152771263	17	32	26	2
10	2532524610	2532524610	1435643636	1435643637	6	32	31	14
11	2532524610	2532524610	2557780528	2557780528	6	32	32	3
12	2532524608	2532524609	2557780529	2557780529	6	31	32	11
13	2532524610	2532524610	1435643636	1435643637	17	32	31	7
14	3190081536	3190083583	3105872690	3105872690	6	21	32	7
15	858267436	858267436	1058304976	1058304983	6	32	29	3
16	2532526080	2532528127	1435643638	1435643638	6	21	32	9
17	2532526080	2532528127	1435643638	1435643638	17	21	32	4
18	3190081536	3190083583	3105872690	3105872690	17	21	32	3
19	4201348284	4201348287	2557780530	2557780531	6	30	31	13
20	4201348284	4201348287	2557780530	2557780531	17	30	31	3
21	3706603093	3706603093	1058304960	1058304975	17	32	28	2
22	1523408332	1523408335	1435643632	1435643635	17	30	30	3
23	1523408332	1523408335	1435643632	1435643635	6	30	30	8
24	420044800	420052991	4152771327	4152771327	6	19	32	11
25	858267392	858267423	1974679733	1974679733	6	27	32	3
26	858267392	858267423	1974679733	1974679733	17	27	32	2
27	2532524624	2532524639	1435643632	1435643635	6	28	30	16
28	2532507648	2532524031	3263679605	3263679605	17	18	32	1
29	2532507648	2532524031	3263679605	3263679605	6	18	32	2
30	3190030336	3190063103	1435643638	1435643638	6	17	32	6
31	1681841024	1681841151	3105872691	3105872691	6	25	32	10
32	1523408329	1523408329	1435643520	1435643583	6	32	26	10
33	1523408329	1523408329	1435643520	1435643583	17	32	26	4
34	420039664	420039679	1058304976	1058304983	6	28	29	19
35	2532540416	2532573183	2557780529	2557780529	6	17	32	10
36	2532540416	2532573183	2557780529	2557780529	17	17	32	4
37	3190030336	3190063103	1435643638	1435643638	17	17	32	2
38	2532524611	2532524611	3263679616	3263679743	6	32	25	19
39	2532524624	2532524639	1435643632	1435643635	17	28	30	4
40	4201348288	4201348351	3263679606	3263679607	6	26	31	11
41	4201348272	4201348279	1058304960	1058304975	6	29	28	7
42	1681840920	1681840923	1435643520	1435643583	6	30	26	17
43	1681841024	1681841151	3105872691	3105872691	17	25	32	2
44	420039664	420039679	1058304976	1058304983	17	28	29	13
45	2532524611	2532524611	3263679616	3263679743	17	32	25	4
46	4201348288	4201348351	3263679606	3263679607	17	26	31	4
47	4201348288	4201348351	3263679600	3263679603	6	26	30	17
48	4201250816	4201316351	1058304984	1058304984	6	16	32	4
49	4201250816	4201316351	1058304984	1058304984	17	16	32	2
50	3706603094	3706603095	4152771200	4152771263	17	31	26	7
51	3706603094	3706603095	4152771200	4152771263	6	31	26	9
52	1681840920	1681840923	1435643520	1435643583	17	30	26	5
53	1681840912	1681840919	3105872704	3105872767	6	29	26	6
54	1523408352	1523408383	1435643616	1435643631	6	27	28	25
55	3190079488	3190079519	2557780512	2557780527	6	27	28	23
56	420039424	420039551	1058304988	1058304991	6	25	30	26
57	4201348288	4201348351	3263679600	3263679603	17	26	30	6
58	4201348284	4201348287	285982960	285982960	1	30	32	1
59	4201119744	4201250815	1058304984	1058304984	6	15	32	3
60	4201119744	4201250815	1058304984	1058304984	17	15	32	1
61	3706603072	3706603087	3263679552	3263679583	6	28	27	27
62	3706603088	3706603091	2557780608	2557780735	6	30	25	17
63	1681840912	1681840919	1435643520	1435643583	6	29	26	12
64	1681840912	1681840919	1435643520	1435643583	17	29	26	6
65	1681840912	1681840919	3105872704	3105872767	17	29	26	2
66	858267424	858267431	1058304896	1058304959	6	29	26	6
67	858267424	858267431	1058304896	1058304959	17	29	26	2
68	1523408352	1523408383	1435643616	1435643631	17	27	28	12
69	3190079488	3190079519	2557780512	2557780527	17	27	28	8
70	420039664	420039679	285982848	285982911	6	28	26	26
71	420039424	420039551	1058304988	1058304991	17	25	30	10
72	3190079616	3190079743	2557780536	2557780543	6	25	29	20
73	4201348280	4201348281	3263679744	3263679999	17	31	24	1
74	3706603072	3706603087	3263679552	3263679583	17	28	27	12
75	3706603088	3706603091	2557780608	2557780735	17	30	25	11
76	1681840924	1681840924	1974680576	1974681599	6	32	22	9
77	1681840924	1681840924	1974680576	1974681599	17	32	22	4
78	1681840640	1681840895	3105872696	3105872703	6	24	29	20
79	420039664	420039679	285982848	285982911	17	28	26	14
80	858267436	858267436	1974679736	1974679743	88	32	29	1
81	858267424	858267431	1974679808	1974680063	6	29	24	10
82	2532524616	2532524623	3105872690	3105872690	6	29	32	1
83	4201348272	4201348279	285982960	285982960	17	29	32	1
84	2532524612	2532524615	1435642880	1435643391	6	30	23	13
85	3190079616	3190079743	2557780536	2557780543	17	25	29	6
86	4201348288	4201348351	2557780480	2557780511	6	26	27	20
87	1681833984	1681838079	3105872691	3105872691	6	20	32	12
88	1681840912	1681840919	3105871872	3105872383	6	29	23	21
89	1681840925	1681840925	1435643904	1435647999	6	32	20	6
90	1681840640	1681840895	3105872696	3105872703	17	24	29	13
91	1523408330	1523408331	1435641856	1435642879	17	31	22	4
92	1523408330	1523408331	1435641856	1435642879	6	31	22	11
93	1523408896	1523417087	1435643638	1435643638	6	19	32	25
94	858267424	858267431	1974679808	1974680063	17	29	24	5
95	2532524612	2532524615	1435642880	1435643391	17	30	23	7
96	4201348288	4201348351	2557780480	2557780511	17	26	27	7
97	1681833984	1681838079	3105872691	3105872691	17	20	32	2
98	1681840912	1681840919	3105871872	3105872383	17	29	23	4
99	1681840896	1681840911	1974680064	1974680575	6	28	23	19
100	1523404800	1523406847	1435643632	1435643635	6	21	30	20
101	1523408896	1523417087	1435643638	1435643638	17	19	32	7
102	420020224	420036607	4152771327	4152771327	6	18	32	11
103	858267136	858267391	1974679680	1974679711	6	24	27	17
104	3190079488	3190079519	3105872690	3105872690	6	27	32	1
105	4201340928	4201345023	285982962	285982963	6	20	31	14
106	420039662	420039662	4152771200	4152771263	6	32	26	1
107	1681840896	1681840911	1974680064	1974680575	17	28	23	9
108	1523404800	1523406847	1435643632	1435643635	17	21	30	11
109	1523406848	1523407871	3105872672	3105872687	6	22	28	10
110	3190080512	3190081535	3263679584	3263679599	6	22	28	19
111	3706601472	3706602495	1058304960	1058304975	6	22	28	16
112	1523408256	1523408319	1974679552	1974679679	6	26	25	11
113	1523408256	1523408319	1974679552	1974679679	17	26	25	4
114	420020224	420036607	4152771327	4152771327	17	18	32	1
115	420039656	420039659	1974677504	1974679551	6	30	21	15
116	420039656	420039659	1974677504	1974679551	17	30	21	7
117	858267136	858267391	1974679680	1974679711	17	24	27	9
118	2532524624	2532524639	2557780992	2557782015	6	28	22	10
119	4201340928	4201345023	285982962	285982963	17	20	31	8
120	3706603096	3706603103	3263676416	3263678463	6	29	21	19
121	3706603136	3706603263	1058304768	1058304895	6	25	25	19
122	1681840928	1681840959	3105872896	3105873919	6	27	22	20
123	1681784832	1681817599	1435643639	1435643639	6	17	32	29
124	4201349120	4201381887	1058304985	1058304985	6	17	32	15
125	1681838080	1681840127	285982944	285982959	6	21	28	27
126	1681840640	1681840895	285982720	285982847	6	24	25	27
127	1523406848	1523407871	3105872672	3105872687	17	22	28	3
128	3190080512	3190081535	3263679584	3263679599	17	22	28	9
129	4201347072	4201348095	285982944	285982959	6	22	28	9
130	4201347072	4201348095	285982944	285982959	17	22	28	2
131	3706601472	3706602495	1058304960	1058304975	17	22	28	4
132	1523408384	1523408895	3105872704	3105872767	6	23	26	41
133	3706602496	3706603007	3263679488	3263679551	6	23	26	17
134	858267432	858267435	285986816	285990911	6	30	20	8
135	858267432	858267435	285986816	285990911	17	30	20	2
136	858267438	858267439	1058291712	1058299903	6	31	19	4
137	2532525056	2532526079	3263679552	3263679583	6	22	27	23
138	3190080512	3190081535	2557780480	2557780511	6	22	27	16
139	2532524610	2532524610	2557780528	2557780528	17	32	32	1
140	2532524672	2532524799	3263679616	3263679743	6	25	25	8
141	2532524672	2532524799	3263679616	3263679743	17	25	25	3
142	3706603136	3706603263	1058304768	1058304895	17	25	25	6
143	2532524624	2532524639	2557780992	2557782015	17	28	22	4
144	4201348224	4201348255	285983232	285983743	6	27	23	10
145	4201348224	4201348255	285983232	285983743	17	27	23	2
146	3706603096	3706603103	1058299904	1058303999	6	29	20	8
147	3706603096	3706603103	3263676416	3263678463	17	29	21	4
148	1681840928	1681840959	1435639808	1435641855	6	27	21	9
149	1681840928	1681840959	3105872896	3105873919	17	27	22	9
150	1681784832	1681817599	1435643639	1435643639	17	17	32	15
151	4201349120	4201381887	1058304985	1058304985	17	17	32	6
152	1681850368	1681915903	1435643639	1435643639	6	16	32	30
153	1681838080	1681840127	285982944	285982959	17	21	28	9
154	1681840640	1681840895	285982720	285982847	17	24	25	10
155	1523408336	1523408351	3105865728	3105869823	6	28	20	21
156	4201348256	4201348271	285986816	285990911	6	28	20	17
157	1523408384	1523408895	3105872704	3105872767	17	23	26	17
158	3706602496	3706603007	3263679488	3263679551	17	23	26	6
159	420039552	420039615	4152771584	4152772607	6	26	22	15
160	2532524544	2532524607	2557780992	2557782015	6	26	22	24
161	858292224	858324991	1974679734	1974679735	6	17	31	18
162	4201349120	4201381887	1058304986	1058304987	6	17	31	22
163	858267440	858267455	285984768	285986815	6	28	21	5
164	858267440	858267455	285984768	285986815	17	28	21	3
165	3706603072	3706603087	3263676416	3263678463	6	28	21	3
166	858267648	858275839	1058304976	1058304983	6	19	29	11
167	2532525056	2532526079	3263679552	3263679583	17	22	27	6
168	3190080512	3190081535	2557780480	2557780511	17	22	27	10
169	2532524610	2532524610	1435643636	1435643637	1	32	31	1
170	2532524032	2532524543	1435643392	1435643519	6	23	25	7
171	2532524608	2532524609	2557780529	2557780529	17	31	32	2
172	4201347072	4201348095	285982848	285982911	6	22	26	12
173	4201348096	4201348223	285983232	285983743	6	25	23	14
174	3706603008	3706603071	1058304000	1058304511	6	26	23	4
175	1681840925	1681840925	285983744	285984767	6	32	22	2
176	1681833984	1681838079	1974679680	1974679711	6	20	27	32
177	1523400704	1523404799	1435643584	1435643615	6	20	27	34
178	420040704	420044799	1974679680	1974679711	6	20	27	20
179	1681840928	1681840959	1435639808	1435641855	17	27	21	3
180	1681850368	1681915903	1435643639	1435643639	17	16	32	11
181	1681840926	1681840927	3105816576	3105849343	17	31	17	3
182	1681840926	1681840927	3105816576	3105849343	6	31	17	7
183	1681817600	1681833983	3105872696	3105872703	6	18	29	28
184	4201316352	4201332735	285982968	285982975	6	18	29	22
185	1523384320	1523400703	285982964	285982967	6	18	30	4
186	1523384320	1523400703	285982964	285982967	17	18	30	3
187	1523408332	1523408335	285966336	285982719	6	30	18	6
188	1523408332	1523408335	285966336	285982719	17	30	18	4
189	1523417088	1523449855	3105872692	3105872695	6	17	30	28
190	2532540416	2532573183	1435643632	1435643635	6	17	30	7
191	1523408352	1523408383	3105865728	3105869823	6	27	20	10
192	4201348224	4201348255	285986816	285990911	6	27	20	6
193	1523408336	1523408351	3105865728	3105869823	17	28	20	10
194	4201348256	4201348271	285986816	285990911	17	28	20	6
195	420039552	420039615	285984768	285986815	6	26	21	27
196	420039552	420039615	4152771584	4152772607	17	26	22	2
197	2532524544	2532524607	2557780992	2557782015	17	26	22	8
198	420085760	420216831	285982961	285982961	6	15	32	5
199	2532311040	2532442111	2557780528	2557780528	6	15	32	18
200	858292224	858324991	1974679734	1974679735	17	17	31	8
201	4201349120	4201381887	1058304986	1058304987	17	17	31	6
202	858267424	858267431	1974665216	1974673407	6	29	19	3
203	858267648	858275839	1058304976	1058304983	17	19	29	4
204	2532524616	2532524623	2557788160	2557804543	6	29	18	19
205	2532442112	2532507647	1435643636	1435643637	6	16	31	24
206	2532524608	2532524609	3263561728	3263627263	6	31	16	17
207	2532524672	2532524799	2557780992	2557782015	6	25	22	12
208	2532524624	2532524639	1974665216	1974673407	6	28	19	14
209	4201348280	4201348281	285982960	285982960	0	31	32	1
210	4201347072	4201348095	285982720	285982847	6	22	25	17
211	4201347072	4201348095	285982848	285982911	17	22	26	5
212	4201348096	4201348223	285983232	285983743	17	25	23	10
213	3706609664	3706617855	1058304960	1058304975	6	19	28	28
214	1681842176	1681850367	1435643584	1435643615	6	19	27	25
215	1681833984	1681838079	1974679680	1974679711	17	20	27	14
216	1523400704	1523404799	1435643584	1435643615	17	20	27	14
217	420040704	420044799	1974679680	1974679711	17	20	27	8
218	1681391616	1681653759	3105872690	3105872690	17	14	32	3
219	1681391616	1681653759	3105872690	3105872690	6	14	32	5
220	3706191872	3706454015	1058304984	1058304984	6	14	32	7
221	3706191872	3706454015	1058304984	1058304984	17	14	32	1
222	1681840960	1681841023	1974673408	1974677503	6	26	20	15
223	1681841152	1681842175	3105872384	3105872639	6	22	24	14
224	1681817600	1681833983	3105872696	3105872703	17	18	29	12
225	4201316352	4201332735	285982968	285982975	17	18	29	12
226	1523417088	1523449855	3105872692	3105872695	17	17	30	13
227	1523408352	1523408383	3105865728	3105869823	17	27	20	3
228	1523408128	1523408255	1435639808	1435641855	6	25	21	22
229	420039552	420039615	285984768	285986815	17	26	21	11
230	420039616	420039647	4152778752	4152786943	6	27	19	15
231	420085760	420216831	285982961	285982961	17	15	32	4
232	2532311040	2532442111	2557780528	2557780528	17	15	32	7
233	2532311040	2532442111	3263679604	3263679604	6	15	32	4
234	420039660	420039661	285868032	285933567	17	31	16	2
235	2532524608	2532524609	3105751040	3105816575	17	31	16	2
236	2532524608	2532524609	3105751040	3105816575	6	31	16	7
237	2532524608	2532524609	3263561728	3263627263	17	31	16	5
238	858292224	858324991	1974679736	1974679743	6	17	29	18
239	3190081536	3190083583	3105872690	3105872690	1	21	32	1
240	2532524616	2532524623	2557788160	2557804543	17	29	18	6
241	2532442112	2532507647	1435643636	1435643637	17	16	31	14
242	2532524672	2532524799	2557780992	2557782015	17	25	22	4
243	2532524624	2532524639	1974665216	1974673407	17	28	19	3
244	2532507648	2532524031	1435643616	1435643631	6	18	28	29
245	3190079528	3190079535	3263627264	3263660031	6	29	17	7
246	3190079528	3190079535	2557739008	2557771775	6	29	17	12
247	4201348284	4201348287	285982960	285982960	0	30	32	1
248	4201347072	4201348095	285982720	285982847	17	22	25	4
249	3706609664	3706617855	1058304960	1058304975	17	19	28	16
250	1681842176	1681850367	1435643584	1435643615	17	19	27	11
251	1681840128	1681840639	285983232	285983743	6	23	23	10
252	1681840128	1681840639	285983232	285983743	17	23	23	4
253	1681840928	1681840959	1974681600	1974697983	6	27	18	10
254	858267392	858267423	285966336	285982719	6	27	18	21
255	2532524640	2532524671	3263660032	3263676415	6	27	18	16
256	1681840960	1681841023	1974673408	1974677503	17	26	20	5
257	1681841152	1681842175	3105872384	3105872639	17	22	24	4
258	1681841152	1681842175	285983232	285983743	6	22	23	12
259	1523056640	1523318783	3105872688	3105872689	6	14	31	23
260	3189768192	3190030335	2557780530	2557780531	6	14	31	20
261	1523408352	1523408383	3105873920	3105882111	6	27	19	10
262	420039616	420039647	285990912	285999103	17	27	19	5
263	420039616	420039647	285990912	285999103	6	27	19	11
264	420039616	420039647	4152778752	4152786943	17	27	19	4
265	1523408256	1523408319	1435631616	1435639807	6	26	19	20
266	3190079552	3190079615	3263684608	3263692799	6	26	19	7
267	1523408128	1523408255	1435639808	1435641855	17	25	21	6
268	268435456	402653183	4152771327	4152771327	6	5	32	4
269	420039663	420039663	4152360960	4152623103	6	32	14	4
270	3706603092	3706603092	2557476864	2557739007	6	32	14	3
271	420044800	420052991	1974679744	1974679807	6	19	26	25
272	419430400	419954687	1974679732	1974679732	6	13	32	5
273	419430400	419954687	1974679732	1974679732	17	13	32	2
274	858267436	858267436	1974679736	1974679743	0	32	29	1
275	858292224	858324991	1974679736	1974679743	17	17	29	9
276	858324992	858390527	1974679736	1974679743	6	16	29	20
277	2532526080	2532528127	1435643648	1435643903	6	21	24	8
278	2532524616	2532524623	3105872690	3105872690	0	29	32	1
279	4201348272	4201348279	285982960	285982960	0	29	32	1
280	2532507648	2532524031	2557780480	2557780511	6	18	27	10
281	2532507648	2532524031	1435643616	1435643631	17	18	28	10
282	3190079528	3190079535	3263627264	3263660031	17	29	17	6
283	3190079528	3190079535	2557739008	2557771775	17	29	17	4
284	3190079536	3190079551	1435664384	1435697151	6	28	17	13
285	4201348282	4201348282	402653184	536870911	6	32	5	9
286	4201349120	4201381887	1058304960	1058304975	6	17	28	13
287	4201349120	4201381887	2557780512	2557780527	6	17	28	6
288	4201348284	4201348287	2557780530	2557780531	1	30	31	2
289	1680867328	1681391615	1435643636	1435643637	6	13	31	21
290	419430400	419954687	4152771324	4152771325	6	13	31	16
291	1681840928	1681840959	1974681600	1974697983	17	27	18	6
292	858267392	858267423	285966336	285982719	17	27	18	8
293	2532524640	2532524671	3263660032	3263676415	17	27	18	8
294	3190079488	3190079519	3263660032	3263676415	6	27	18	13
295	3190079488	3190079519	3263660032	3263676415	17	27	18	4
296	3190079488	3190079519	1435648000	1435664383	6	27	18	5
297	1681784832	1681817599	285982944	285982959	17	17	28	2
298	1681784832	1681817599	285982944	285982959	6	17	28	12
299	2532540416	2532573183	1435643616	1435643631	17	17	28	1
300	2532540416	2532573183	1435643616	1435643631	6	17	28	3
301	4201349120	4201381887	1058304960	1058304975	17	17	28	7
302	4201349120	4201381887	2557780512	2557780527	17	17	28	1
303	1681841152	1681842175	285983232	285983743	17	22	23	3
304	1523384320	1523400703	1435643520	1435643583	6	18	26	15
305	1523056640	1523318783	3105872688	3105872689	17	14	31	7
306	3189768192	3190030335	2557780530	2557780531	17	14	31	5
307	1523449856	1523580927	1435643640	1435643647	6	15	29	25
308	1523408256	1523408319	1435631616	1435639807	17	26	19	8
309	3190079552	3190079615	3263684608	3263692799	17	26	19	4
310	1523318784	1523384319	3105872672	3105872687	6	16	28	35
311	419954688	420020223	1974679712	1974679727	6	16	28	19
312	420039662	420039662	4152774656	4152778751	6	32	20	1
313	420052992	420085759	285982912	285982943	6	17	27	20
314	420044800	420052991	1974679744	1974679807	17	19	26	12
315	420216832	420478975	1974679728	1974679731	6	14	30	15
316	2532573184	2532835327	2557780532	2557780535	6	14	30	21
317	858324992	858390527	1974679736	1974679743	17	16	29	8
318	2532524612	2532524615	1435500544	1435631615	6	30	15	7
319	3190079520	3190079523	3263430656	3263561727	6	30	15	9
320	3190079536	3190079551	1435664384	1435697151	17	28	17	4
321	3190079744	3190079999	2557784064	2557788159	6	24	20	12
322	4201348352	4201348607	4152774656	4152778751	6	24	20	11
323	4201644032	4202692607	4152771326	4152771326	6	12	32	7
324	3706603093	3706603093	1058304960	1058304975	6	32	28	1
325	3706605568	3706609663	1058304512	1058304767	6	20	24	12
326	1677721600	1679818751	1435643638	1435643638	17	11	32	8
327	1677721600	1679818751	1435643638	1435643638	6	11	32	14
328	855638016	857735167	285982960	285982960	6	11	32	3
329	1680867328	1681391615	1435643636	1435643637	17	13	31	6
330	419430400	419954687	4152771324	4152771325	17	13	31	3
331	1681840960	1681841023	3105849344	3105865727	6	26	18	13
332	1681840960	1681841023	3105849344	3105865727	17	26	18	4
333	1523384320	1523400703	1435643520	1435643583	17	18	26	6
334	1523449856	1523580927	1435643640	1435643647	17	15	29	13
335	1523318784	1523384319	3105872672	3105872687	17	16	28	11
336	419954688	420020223	1974679712	1974679727	17	16	28	8
337	420052992	420085759	285982912	285982943	17	17	27	9
338	420216832	420478975	1974679728	1974679731	17	14	30	6
339	2532573184	2532835327	2557780532	2557780535	17	14	30	10
340	2532573184	2532835327	1435643632	1435643635	17	14	30	2
341	2532573184	2532835327	1435643632	1435643635	6	14	30	6
342	3706191872	3706454015	1058304988	1058304991	6	14	30	9
343	3706191872	3706454015	1058304988	1058304991	17	14	30	8
344	858324992	858390527	285982912	285982943	6	16	27	21
345	858267520	858267647	1058291712	1058299903	6	25	19	11
346	858267520	858267647	1058291712	1058299903	17	25	19	4
347	3190079616	3190079743	3105873920	3105882111	6	25	19	8
348	3190079616	3190079743	3105873920	3105882111	17	25	19	4
349	3706603136	3706603263	1058291712	1058299903	17	25	19	2
350	3706603136	3706603263	1058291712	1058299903	6	25	19	4
351	858267456	858267519	1974697984	1974730751	6	26	17	13
352	2532524610	2532524610	1435648000	1435664383	6	32	18	2
353	2532524640	2532524671	1435664384	1435697151	6	27	17	13
354	2532524640	2532524671	1435664384	1435697151	17	27	17	3
355	3190079527	3190079527	2557780480	2557780511	0	32	27	1
356	3190079536	3190079551	2557804544	2557870079	17	28	16	5
357	4201348256	4201348271	285868032	285933567	6	28	16	11
358	4201348256	4201348271	285868032	285933567	17	28	16	6
359	3190079488	3190079519	3105872690	3105872690	0	27	32	1
360	3190079744	3190079999	2557784064	2557788159	17	24	20	2
361	4201348352	4201348607	4152774656	4152778751	17	24	20	4
362	4201644032	4202692607	4152771326	4152771326	17	12	32	3
363	4201381888	4201644031	3263679608	3263679615	6	14	29	20
364	3706605568	3706609663	1058304512	1058304767	17	20	24	6
365	1681840925	1681840925	285982848	285982911	0	32	26	1
366	420039662	420039662	4152771200	4152771263	0	32	26	1
367	1680867328	1681391615	1435643640	1435643647	6	13	29	12
368	1679818752	1680867327	1435643632	1435643635	6	12	30	4
369	4201644032	4202692607	4152771320	4152771323	6	12	30	21
370	1681840912	1681840919	3105357824	3105619967	6	29	14	9
371	420039648	420039655	4152360960	4152623103	6	29	14	7
372	419954688	420020223	285982848	285982911	6	16	26	15
373	420039168	420039423	1974681600	1974697983	6	24	18	13
374	2532524800	2532525055	1435648000	1435664383	6	24	18	18
375	3190079744	3190079999	3105849344	3105865727	6	24	18	14
376	858324992	858390527	285982912	285982943	17	16	27	5
377	858267440	858267455	285736960	285868031	6	28	15	9
378	858521600	858783743	1974679712	1974679727	6	14	28	22
379	2532524610	2532524610	1435697152	1435762687	6	32	16	4
380	2532524544	2532524607	1435697152	1435762687	6	26	16	12
381	3190080512	3190081535	2557784064	2557788159	6	22	20	13
382	4201349120	4201381887	1058304768	1058304895	6	17	25	15
383	4201381888	4201644031	3263679608	3263679615	17	14	29	9
384	3706603093	3706603093	3263627264	3263660031	6	32	17	3
385	1680867328	1681391615	1435643640	1435643647	17	13	29	5
386	1681391616	1681653759	3105872640	3105872671	6	14	27	18
387	4201644032	4202692607	4152771320	4152771323	17	12	30	5
388	1679818752	1680867327	3105872696	3105872703	6	12	29	21
389	419954688	420020223	285982848	285982911	17	16	26	7
390	420039664	420039679	1974730752	1974992895	6	28	14	6
391	420039664	420039679	1058304976	1058304983	1	28	29	1
392	420039168	420039423	1974681600	1974697983	17	24	18	3
393	2532524800	2532525055	1435648000	1435664383	17	24	18	4
394	3190079744	3190079999	3105849344	3105865727	17	24	18	5
395	4201348352	4201348607	2557788160	2557804543	6	24	18	7
396	420039424	420039551	1974697984	1974730751	6	25	17	2
397	4201348096	4201348223	285933568	285966335	6	25	17	6
398	4201348096	4201348223	285933568	285966335	17	25	17	3
399	858390528	858521599	1058304896	1058304959	6	15	26	21
400	3190161408	3190292479	2557780544	2557780607	6	15	26	17
401	858521600	858783743	1974679712	1974679727	17	14	28	8
402	2532524544	2532524607	1435697152	1435762687	17	26	16	4
403	2532524611	2532524611	3263679616	3263679743	1	32	25	1
404	3190095872	3190161407	2557780608	2557780735	6	16	25	23
405	3190030336	3190063103	2557780736	2557780991	6	17	24	14
406	3190079488	3190079519	2557870080	2558001151	6	27	15	4
407	3190079616	3190079743	2557804544	2557870079	6	25	16	13
408	4201349120	4201381887	1058304768	1058304895	17	17	25	5
409	4201348288	4201348351	3263679606	3263679607	1	26	31	1
410	4201348288	4201348351	1058406400	1058537471	6	26	15	9
411	4201347072	4201348095	285990912	285999103	6	22	19	4
412	4201348272	4201348279	1436024832	1436549119	6	29	13	4
413	4201348272	4201348279	1058304960	1058304975	17	29	28	1
414	3706454016	3706585087	3263679552	3263679583	17	15	27	1
415	3706454016	3706585087	3263679552	3263679583	6	15	27	5
416	1681391616	1681653759	3105872640	3105872671	17	14	27	7
417	1679818752	1680867327	3105872696	3105872703	17	12	29	3
418	1523408320	1523408327	1434451968	1435500543	17	29	12	4
419	1523408320	1523408327	1434451968	1435500543	6	29	12	8
420	1523408128	1523408255	3105619968	3105751039	6	25	15	7
421	420039664	420039679	1058304976	1058304983	88	28	29	1
422	858292224	858324991	1974679808	1974680063	6	17	24	2
423	3190030336	3190063103	2557780736	2557780991	17	17	24	6
424	858324992	858390527	4152771328	4152771583	6	16	24	19
425	858390528	858521599	1058304896	1058304959	17	15	26	6
426	3190161408	3190292479	2557780544	2557780607	17	15	26	7
427	857735168	858259455	1974679712	1974679727	17	13	28	4
428	857735168	858259455	1974679712	1974679727	6	13	28	12
429	858267136	858267391	1974697984	1974730751	17	24	17	3
430	858267136	858267391	1974697984	1974730751	6	24	17	4
431	2532524800	2532525055	3105816576	3105849343	6	24	17	5
432	2532524800	2532525055	3105816576	3105849343	17	24	17	2
433	2532524610	2532524610	2557780528	2557780528	0	32	32	1
434	2532524611	2532524611	3263679616	3263679743	88	32	25	1
435	3190083584	3190087679	1435643904	1435647999	6	20	20	14
436	3190095872	3190161407	2557780608	2557780735	17	16	25	8
437	3190079524	3190079525	1438646272	1442840575	17	31	10	2
438	3190079524	3190079525	1438646272	1442840575	6	31	10	4
439	4201348280	4201348281	1438646272	1442840575	17	31	10	1
440	3190079616	3190079743	2557804544	2557870079	17	25	16	4
441	4201348288	4201348351	3263679606	3263679607	88	26	31	1
442	4201348288	4201348351	1058406400	1058537471	17	26	15	2
443	4201381888	4201644031	1058304896	1058304959	6	14	26	12
444	4201348608	4201349119	4152786944	4152819711	6	23	17	8
445	3706609664	3706617855	3263678464	3263679487	6	19	22	3
446	3706601472	3706602495	1058275328	1058291711	6	22	18	9
447	3706603094	3706603095	4152771200	4152771263	88	31	26	1
448	1681840920	1681840923	1435643520	1435643583	88	30	26	1
449	1681841024	1681841151	1435500544	1435631615	17	25	15	3
450	1681841024	1681841151	1435500544	1435631615	6	25	15	6
451	1681840912	1681840919	1435643520	1435643583	1	29	26	1
452	1681840912	1681840919	3105872704	3105872767	1	29	26	1
453	1681840960	1681841023	285999104	286261247	6	26	14	5
454	3190079552	3190079615	3105357824	3105619967	6	26	14	5
455	3190079552	3190079615	1435762688	1436024831	17	26	14	2
456	1523408352	1523408383	1435643616	1435643631	1	27	28	1
457	3190079488	3190079519	2557780512	2557780527	1	27	28	1
458	1523408896	1523417087	285984768	285986815	17	19	21	1
459	1523408896	1523417087	285984768	285986815	6	19	21	8
460	420085760	420216831	4152771072	4152771199	17	15	25	3
461	420085760	420216831	4152771072	4152771199	6	15	25	13
462	420039424	420039551	4152360960	4152623103	6	25	14	4
463	858324992	858390527	4152771328	4152771583	17	16	24	9
464	858265600	858266623	4152754176	4152770559	17	22	18	4
465	858265600	858266623	4152754176	4152770559	6	22	18	8
466	3706601472	3706602495	1058275328	1058291711	17	22	18	2
467	858783744	859832319	1058304992	1058305023	6	12	27	18
468	2524971008	2529165311	2557780536	2557780543	6	10	29	18
469	2532524610	2532524610	1435643636	1435643637	0	32	31	1
470	2532524608	2532524609	2557780529	2557780529	0	31	32	1
471	3190083584	3190087679	1435643904	1435647999	17	20	20	5
472	3706605568	3706609663	1058299904	1058303999	17	20	20	5
473	3706605568	3706609663	1058299904	1058303999	6	20	20	11
474	3190161408	3190292479	3263679744	3263679999	6	15	24	13
475	4201348288	4201348351	3263679600	3263679603	88	26	30	1
476	4201381888	4201644031	1058304896	1058304959	17	14	26	5
477	4201348608	4201349119	4152786944	4152819711	17	23	17	2
478	3706603072	3706603087	3263679552	3263679583	1	28	27	3
479	3706603088	3706603091	2557780608	2557780735	1	30	25	1
480	1681840925	1681840925	285983744	285984767	0	32	22	1
481	1523408328	1523408328	285983744	285984767	0	32	22	1
482	1681840924	1681840924	1974680576	1974681599	1	32	22	1
483	1681850368	1681915903	3105871872	3105872383	6	16	23	3
484	1681840912	1681840919	3105872704	3105872767	88	29	26	1
485	1686110208	1694498815	3105872696	3105872703	6	9	29	7
486	1522532352	1523056639	3105872768	3105872895	6	13	25	14
487	419430400	419954687	4152771072	4152771199	6	13	25	8
488	3190292480	3190816767	3263679616	3263679743	6	13	25	7
489	1523056640	1523318783	1435643648	1435643903	6	14	24	16
490	1523408352	1523408383	1435643616	1435643631	88	27	28	1
491	3190079488	3190079519	2557780512	2557780527	88	27	28	1
492	420039664	420039679	285982848	285982911	1	28	26	2
493	419430400	419954687	4152771200	4152771263	6	13	26	8
494	419430400	419954687	4152771200	4152771263	17	13	26	3
495	3190292480	3190816767	3263679488	3263679551	17	13	26	2
496	3190292480	3190816767	3263679488	3263679551	6	13	26	5
497	855638016	857735167	4152771264	4152771295	6	11	27	19
498	2529165312	2531262463	3263679552	3263679583	6	11	27	8
499	858783744	859832319	1058304992	1058305023	17	12	27	11
500	859832320	864026623	285982944	285982959	6	10	28	14
501	2524971008	2529165311	1435643616	1435643631	6	10	28	13
502	858267456	858267519	1056964608	1058013183	6	26	12	5
503	2524971008	2529165311	2557780536	2557780543	17	10	29	12
504	2532540416	2532573183	3263678464	3263679487	6	17	22	5
505	2533359616	2550136831	2557780532	2557780535	6	8	30	15
506	3190161408	3190292479	3263679744	3263679999	17	15	24	3
507	3190816768	3191865343	3263679488	3263679551	6	12	26	17
508	3706716160	3707764735	4152771200	4152771263	6	12	26	17
509	4201348280	4201348281	3263679744	3263679999	6	31	24	1
510	3706603072	3706603087	3263679552	3263679583	88	28	27	1
511	1681840920	1681840923	3087007744	3103784959	6	30	8	6
512	1681915904	1686110207	3105872640	3105872671	6	10	27	16
513	1518338048	1522532351	3105872640	3105872671	6	10	27	14
514	1679818752	1680867327	1974679744	1974679807	6	12	26	5
515	3190816768	3191865343	3263679488	3263679551	17	12	26	7
516	3706716160	3707764735	4152771200	4152771263	17	12	26	5
517	1681840925	1681840925	1435643904	1435647999	17	32	20	1
518	1686110208	1694498815	3105872696	3105872703	17	9	29	3
519	1522532352	1523056639	3105872768	3105872895	17	13	25	4
520	419430400	419954687	4152771072	4152771199	17	13	25	2
521	3190292480	3190816767	3263679616	3263679743	17	13	25	3
522	1523408330	1523408331	1435641856	1435642879	1	31	22	1
523	1523384320	1523400703	285986816	285990911	6	18	20	5
524	1523407872	1523408127	285999104	286261247	6	24	14	4
525	1523056640	1523318783	1435643648	1435643903	17	14	24	6
526	3706191872	3706454015	1058304512	1058304767	6	14	24	8
527	3706191872	3706454015	1058304512	1058304767	17	14	24	3
528	402653184	419430399	4152771320	4152771323	17	8	30	2
529	2533359616	2550136831	2557780532	2557780535	17	8	30	5
530	3204448256	3221225471	2557780532	2557780535	6	8	30	10
531	3204448256	3221225471	2557780532	2557780535	17	8	30	1
532	420039664	420039679	285982848	285982911	88	28	26	1
533	420216832	420478975	1058304000	1058304511	6	14	23	9
534	3189768192	3190030335	3263680000	3263680511	6	14	23	13
535	4201381888	4201644031	1058304000	1058304511	6	14	23	8
536	855638016	857735167	4152771264	4152771295	17	11	27	7
537	2529165312	2531262463	3263679552	3263679583	17	11	27	4
538	858266624	858267135	285736960	285868031	17	23	15	1
539	858267436	858267436	1058304976	1058304983	0	32	29	1
540	859832320	864026623	285982944	285982959	17	10	28	7
541	2524971008	2529165311	1435643616	1435643631	17	10	28	6
542	3706603008	3706603071	1056964608	1058013183	6	26	12	6
543	2532526080	2532528127	1435643638	1435643638	0	21	32	1
544	3190081536	3190083583	3105872690	3105872690	0	21	32	1
545	2531262464	2532311039	1435643392	1435643519	6	12	25	16
546	2532524612	2532524615	1435642880	1435643391	1	30	23	1
547	4201348288	4201348351	2557780480	2557780511	1	26	27	1
548	4202692608	4211081215	3263679584	3263679599	6	9	28	16
549	3705667584	3706191871	1058304512	1058304767	6	13	24	14
550	1677721600	1679818751	1435643520	1435643583	6	11	26	9
551	1677721600	1679818751	1435643520	1435643583	17	11	26	2
552	1681915904	1686110207	3105872640	3105872671	17	10	27	5
553	1518338048	1522532351	3105872640	3105872671	17	10	27	5
554	1681840925	1681840925	1435643904	1435647999	88	32	20	1
555	1681653760	1681784831	1974680576	1974681599	6	15	22	8
556	3706454016	3706585087	4152771584	4152772607	6	15	22	9
557	3706454016	3706585087	4152771584	4152772607	17	15	22	5
558	1681840640	1681840895	3105872696	3105872703	88	24	29	1
559	1681840896	1681840911	293601280	301989887	6	28	9	5
560	1524629504	1526726655	1435643392	1435643519	6	11	25	19
561	1523408896	1523417087	1435643638	1435643638	1	19	32	2
562	420039662	420039662	4152774656	4152778751	0	32	20	1
563	420052992	420085759	1974673408	1974677503	6	17	20	5
564	858292224	858324991	4152774656	4152778751	6	17	20	4
565	420478976	421527551	285982976	285983231	6	12	24	24
566	858783744	859832319	1974679808	1974680063	6	12	24	14
567	3190816768	3191865343	2557780736	2557780991	6	12	24	3
568	419954688	420020223	1974673408	1974677503	6	16	20	9
569	3706650624	3706716159	1058299904	1058303999	6	16	20	16
570	420216832	420478975	1058304000	1058304511	17	14	23	3
571	3189768192	3190030335	3263680000	3263680511	17	14	23	5
572	4201381888	4201644031	1058304000	1058304511	17	14	23	2
573	857735168	858259455	1974679808	1974680063	6	13	24	12
574	857735168	858259455	1974679808	1974680063	17	13	24	2
575	3705667584	3706191871	1058304512	1058304767	17	13	24	7
576	2532311040	2532442111	2557782016	2557784063	6	15	21	12
577	2532442112	2532507647	3263676416	3263678463	6	16	21	6
578	2532442112	2532507647	3263676416	3263678463	17	16	21	3
579	3190095872	3190161407	3263676416	3263678463	6	16	21	5
580	2531262464	2532311039	1435643392	1435643519	17	12	25	6
581	2532524612	2532524615	1435642880	1435643391	88	30	23	1
582	2532524611	2532524611	1974665216	1974673407	6	32	19	4
583	2532835328	2533359615	2557779968	2557780479	6	13	23	25
584	3190292480	3190816767	2557779968	2557780479	6	13	23	15
585	3191865344	3196059647	3263679488	3263679551	6	10	26	14
586	3699376128	3703570431	2557780544	2557780607	6	10	26	22
587	4201348280	4201348281	402653184	536870911	6	31	5	4
588	4201348288	4201348351	2557780480	2557780511	88	26	27	1
589	4201348284	4201348287	2557780530	2557780531	0	30	31	1
590	4201348352	4201348607	1058537472	1059061759	6	24	13	4
591	4202692608	4211081215	3263679584	3263679599	17	9	28	5
592	3706603093	3706603093	1058304960	1058304975	0	32	28	1
593	1711276032	1744830463	285982968	285982975	6	7	29	6
594	1711276032	1744830463	285982968	285982975	17	7	29	1
595	1681833984	1681838079	3105872691	3105872691	88	20	32	1
596	1681840896	1681840911	1974680064	1974680575	1	28	23	1
597	1523408332	1523408335	1435643632	1435643635	0	30	30	1
598	1524629504	1526726655	1435643392	1435643519	17	11	25	11
599	1523580928	1524629503	3105871872	3105872383	6	12	23	27
600	858783744	859832319	1058304000	1058304511	6	12	23	13
601	1523408256	1523408319	1974679552	1974679679	1	26	25	1
602	1523408896	1523417087	1435643638	1435643638	88	19	32	1
603	420039648	420039655	1979711488	2013265919	17	29	7	3
604	420478976	421527551	285982976	285983231	17	12	24	12
605	858783744	859832319	1974679808	1974680063	17	12	24	4
606	3190816768	3191865343	2557780736	2557780991	17	12	24	4
607	419954688	420020223	1974673408	1974677503	17	16	20	2
608	3706650624	3706716159	1058299904	1058303999	17	16	20	6
609	420039662	420039662	4152754176	4152770559	6	32	18	3
610	420039656	420039659	1974677504	1974679551	1	30	21	1
611	420044800	420052991	4152771327	4152771327	0	19	32	1
612	423624704	427819007	1974679552	1974679679	6	10	25	20
613	2532311040	2532442111	2557782016	2557784063	17	15	21	6
614	2532524672	2532524799	3265265664	3267362815	6	25	11	5
615	2532524611	2532524611	1974665216	1974673407	1	32	19	1
616	2532524611	2532524611	1974665216	1974673407	17	32	19	1
617	2532835328	2533359615	2557779968	2557780479	17	13	23	12
618	3190292480	3190816767	2557779968	2557780479	17	13	23	7
619	3204448256	3221225471	2557780480	2557780511	6	8	27	18
620	3196059648	3204448255	2557780480	2557780511	6	9	27	5
621	3196059648	3204448255	2557780480	2557780511	17	9	27	2
622	3191865344	3196059647	3263679488	3263679551	17	10	26	3
623	3699376128	3703570431	2557780544	2557780607	17	10	26	5
624	4201348283	4201348283	2557788160	2557804543	6	32	18	3
625	4201381888	4201644031	4152771584	4152772607	6	14	22	2
626	4201340928	4201345023	285982962	285982963	1	20	31	1
627	3706191872	3706454015	4152772608	4152774655	6	14	21	12
628	3705667584	3706191871	1058305024	1058306047	6	13	22	12
629	3706603104	3706603135	3254779904	3263168511	6	27	9	7
630	3703570432	3705667583	4152771328	4152771583	6	11	24	22
631	3706454016	3706585087	3263680512	3263684607	6	15	20	6
632	1879048192	2147483647	1435643632	1435643635	6	4	30	9
633	1681840128	1681840639	1434451968	1435500543	6	23	12	5
634	1681915904	1686110207	285982976	285983231	6	10	24	24
635	1679818752	1680867327	3105872896	3105873919	6	12	22	16
636	1681840896	1681840911	1974680064	1974680575	88	28	23	1
637	1509949440	1518338047	3105872768	3105872895	6	9	25	20
638	427819008	436207615	1974679552	1974679679	6	9	25	28
639	4202692608	4211081215	3263679616	3263679743	6	9	25	3
640	1476395008	1509949439	285982912	285982943	6	7	27	15
641	436207616	469762047	4152771264	4152771295	6	7	27	11
642	1523406848	1523407871	3104833536	3105357823	6	22	13	6
643	3190080512	3190081535	3263679584	3263679599	1	22	28	1
644	4201347072	4201348095	285982944	285982959	1	22	28	1
645	1523580928	1524629503	3105871872	3105872383	17	12	23	13
646	420039662	420039662	4152754176	4152770559	17	32	18	1
647	423624704	427819007	1974679552	1974679679	17	10	25	9
648	857735168	858259455	1974677504	1974679551	6	13	21	13
649	858267136	858267391	1974679680	1974679711	88	24	27	1
650	858267438	858267439	1058291712	1058299903	17	31	19	1
651	858267392	858267423	1974679733	1974679733	0	27	32	1
652	2532524610	2532524610	1435648000	1435664383	0	32	18	1
653	2532442112	2532507647	3263684608	3263692799	6	16	19	5
654	2532524611	2532524611	1974665216	1974673407	88	32	19	1
655	2532524624	2532524639	2583691264	2617245695	6	28	7	5
656	2532507648	2532524031	3263679605	3263679605	0	18	32	1
657	3204448256	3221225471	2557780480	2557780511	17	8	27	6
658	3187671040	3189768191	3263680000	3263680511	6	11	23	17
659	2952790016	3087007743	2557780536	2557780543	6	5	29	11
660	3707764736	3724541951	4152771200	4152771263	6	8	26	14
661	3706191872	3706454015	4152772608	4152774655	17	14	21	2
662	3706603096	3706603103	3263676416	3263678463	1	29	21	1
663	3705667584	3706191871	1058305024	1058306047	17	13	22	3
664	3703570432	3705667583	4152771328	4152771583	17	11	24	7
665	3706454016	3706585087	3263680512	3263684607	17	15	20	4
666	3706603136	3706603263	4143972352	4152360959	6	25	9	7
667	1879048192	2147483647	1435643632	1435643635	17	4	30	2
668	1694498816	1711276031	285982720	285982847	6	8	25	18
669	1681915904	1686110207	285982976	285983231	17	10	24	6
670	1681840928	1681840959	3105872896	3105873919	1	27	22	1
671	1681784832	1681817599	1435643639	1435643639	1	17	32	3
672	1681838080	1681840127	285982944	285982959	1	21	28	1
673	1679818752	1680867327	3105872896	3105873919	17	12	22	8
674	1681840640	1681840895	285982720	285982847	1	24	25	1
675	1509949440	1518338047	3105872768	3105872895	17	9	25	10
676	427819008	436207615	1974679552	1974679679	17	9	25	8
677	4202692608	4211081215	3263679616	3263679743	17	9	25	2
678	1523408329	1523408329	1435643520	1435643583	0	32	26	1
679	1476395008	1509949439	285982848	285982911	6	7	26	12
680	1476395008	1509949439	285982912	285982943	17	7	27	5
681	436207616	469762047	4152771264	4152771295	17	7	27	4
682	1523406848	1523407871	3105872672	3105872687	88	22	28	1
683	1523408256	1523408319	268435456	285212671	6	26	8	7
684	3706603008	3706603071	2566914048	2583691263	6	26	8	6
685	1523408384	1523408895	3105872704	3105872767	1	23	26	3
686	3706602496	3706603007	3263679488	3263679551	1	23	26	1
687	421527552	423624703	285983744	285984767	6	11	22	22
688	469762048	536870911	1058304992	1058305023	6	6	27	20
689	4227858432	4294967295	4152771264	4152771295	6	6	27	13
690	857735168	858259455	1974677504	1974679551	17	13	21	3
691	4200595456	4201119743	4152772608	4152774655	6	13	21	3
692	3706603072	3706603087	3263676416	3263678463	17	28	21	1
693	858267440	858267455	285984768	285986815	1	28	21	1
694	3706603072	3706603087	3263676416	3263678463	1	28	21	1
695	858521600	858783743	285990912	285999103	6	14	19	6
696	2516582400	2524971007	1435643648	1435643903	6	9	24	25
697	2532525056	2532526079	3263679552	3263679583	1	22	27	1
698	2532540416	2532573183	2557780529	2557780529	0	17	32	1
699	3190030336	3190063103	1435643638	1435643638	0	17	32	1
700	2531262464	2532311039	2557782016	2557784063	6	12	21	13
701	2532524800	2532525055	1438646272	1442840575	6	24	10	6
702	2532524800	2532525055	1438646272	1442840575	17	24	10	3
703	3190079744	3190079999	1438646272	1442840575	6	24	10	4
704	3706603136	3706603263	1058304768	1058304895	88	25	25	1
705	2532524624	2532524639	1435643632	1435643635	0	28	30	1
706	3190079527	3190079527	1435664384	1435697151	0	32	17	1
707	3706603093	3706603093	3263627264	3263660031	0	32	17	1
708	3187671040	3189768191	3263680000	3263680511	17	11	23	4
709	2952790016	3087007743	2557780536	2557780543	17	5	29	3
710	3191865344	3196059647	3263680000	3263680511	6	10	23	12
711	4201348224	4201348255	335544320	402653183	6	27	6	8
712	4201250816	4201316351	3263627264	3263660031	6	16	17	7
713	4201348272	4201348279	402653184	536870911	6	29	5	6
714	3707764736	3724541951	4152771200	4152771263	17	8	26	5
715	3706603096	3706603103	1058299904	1058303999	1	29	20	1
716	3706603096	3706603103	3263676416	3263678463	88	29	21	1
717	1694498816	1711276031	285982720	285982847	17	8	25	3
718	4211081216	4227858431	1058304768	1058304895	6	8	25	3
719	1681841024	1681841151	3105872691	3105872691	0	25	32	1
720	1681840928	1681840959	3154116608	3221225471	6	27	6	8
721	420039616	420039647	939524096	1006632959	6	27	6	6
722	1681784832	1681817599	1435643639	1435643639	88	17	32	1
723	4201349120	4201381887	1058304985	1058304985	88	17	32	1
724	1681850368	1681915903	1435643639	1435643639	1	16	32	1
725	1681838080	1681840127	285982944	285982959	88	21	28	1
726	1681840926	1681840927	3105816576	3105849343	1	31	17	1
727	1681840640	1681840895	285982720	285982847	88	24	25	1
728	1610612736	1677721599	1435643520	1435643583	6	6	26	14
729	1476395008	1509949439	285982848	285982911	17	7	26	7
730	1523408336	1523408351	3105865728	3105869823	1	28	20	1
731	4201348256	4201348271	285986816	285990911	1	28	20	2
732	1523408384	1523408895	3105872704	3105872767	88	23	26	1
733	3706602496	3706603007	3263679488	3263679551	88	23	26	1
734	420039552	420039615	4152771584	4152772607	1	26	22	1
735	2532524544	2532524607	2557780992	2557782015	1	26	22	3
736	402653184	419430399	4152771328	4152771583	6	8	24	13
737	421527552	423624703	285983744	285984767	17	11	22	14
738	420039664	420039679	1058304976	1058304983	0	28	29	1
739	469762048	536870911	1058304992	1058305023	17	6	27	6
740	4227858432	4294967295	4152771264	4152771295	17	6	27	9
741	419430400	419954687	4152774656	4152778751	6	13	20	4
742	436207616	469762047	1974679732	1974679732	6	7	32	3
743	420039660	420039661	285868032	285933567	6	31	16	4
744	4201349120	4201381887	1058304986	1058304987	1	17	31	1
745	858263552	858265599	4153409536	4154458111	6	21	12	6
746	536870912	1073741823	285982964	285982967	17	3	30	3
747	536870912	1073741823	285982964	285982967	6	3	30	8
748	864026624	872415231	1058304000	1058304511	6	9	23	11
749	858267648	858275839	1058304976	1058304983	1	19	29	1
750	858521600	858783743	285990912	285999103	17	14	19	2
751	2532524610	2532524610	1435697152	1435762687	0	32	16	1
752	2516582400	2524971007	1435643648	1435643903	17	9	24	11
753	2532525056	2532526079	3263679552	3263679583	88	22	27	1
754	2531262464	2532311039	2557782016	2557784063	17	12	21	7
755	2532524611	2532524611	3263679616	3263679743	0	32	25	1
756	3190079536	3190079551	1073741824	1342177279	6	28	4	13
757	3190161408	3190292479	3105849344	3105865727	17	15	18	1
758	3191865344	3196059647	3263680000	3263680511	17	10	23	2
759	3190079744	3190079999	1426063360	1434451967	17	24	9	1
760	4201348288	4201348351	3263679606	3263679607	0	26	31	1
761	4201347072	4201348095	285982848	285982911	1	22	26	2
762	4201250816	4201316351	1058304984	1058304984	0	16	32	1
763	4201348272	4201348279	1058304960	1058304975	0	29	28	1
764	4201348096	4201348223	285983232	285983743	1	25	23	1
765	4198498304	4200595455	4152772608	4152774655	6	11	21	9
766	3706716160	3707764735	3263680512	3263684607	6	12	20	7
767	3706603072	3706603087	4160749568	4294967295	6	28	5	8
768	3706603094	3706603095	4152771200	4152771263	0	31	26	1
769	3706603008	3706603071	1058304000	1058304511	88	26	23	1
770	1681840920	1681840923	1435643520	1435643583	0	30	26	1
771	1681833984	1681838079	1974679680	1974679711	1	20	27	1
772	1523400704	1523404799	1435643584	1435643615	1	20	27	3
773	420040704	420044799	1974679680	1974679711	1	20	27	2
774	1681850368	1681915903	1435643639	1435643639	88	16	32	1
775	4201316352	4201332735	285982968	285982975	1	18	29	1
776	1610612736	1677721599	1435643520	1435643583	17	6	26	5
777	1522532352	1523056639	3105873920	3105882111	6	13	19	6
778	1522532352	1523056639	3105873920	3105882111	17	13	19	2
779	857735168	858259455	1974665216	1974673407	6	13	19	4
780	1518338048	1522532351	3105869824	3105871871	6	10	21	19
781	4194304000	4198498303	4152772608	4152774655	6	10	21	20
782	1523417088	1523449855	3105872692	3105872695	1	17	30	2
783	1523404800	1523406847	3107979264	3112173567	6	21	10	7
784	1543503872	1610612735	285982720	285982847	6	6	25	14
785	2415919104	2483027967	3263679616	3263679743	6	6	25	19
786	1523408352	1523408383	3105865728	3105869823	1	27	20	2
787	4201348224	4201348255	285986816	285990911	1	27	20	1
788	1523408336	1523408351	3105865728	3105869823	88	28	20	1
789	4201348256	4201348271	285986816	285990911	88	28	20	1
790	420039552	420039615	285984768	285986815	1	26	21	3
791	420039552	420039615	4152771584	4152772607	88	26	22	1
792	2532524544	2532524607	2557780992	2557782015	88	26	22	1
793	402653184	419430399	4152771328	4152771583	17	8	24	2
794	421527552	423624703	4152774656	4152778751	6	11	20	5
795	2529165312	2531262463	1435643904	1435647999	6	11	20	16
796	420085760	420216831	285982961	285982961	1	15	32	1
797	2532311040	2532442111	2557780528	2557780528	1	15	32	2
798	2532524608	2532524609	3263561728	3263627263	1	31	16	1
799	4201349120	4201381887	1058304986	1058304987	88	17	31	1
800	864026624	872415231	1058304000	1058304511	17	9	23	3
801	3690987520	3699376127	1058304000	1058304511	17	9	23	1
802	3690987520	3699376127	1058304000	1058304511	6	9	23	2
803	939524096	1073741823	1974679744	1974679807	6	5	26	20
804	4026531840	4160749567	2557780544	2557780607	6	5	26	15
805	858267456	858267519	4026531840	4093640703	6	26	6	7
806	2483027968	2516582399	3105872384	3105872639	6	7	24	22
807	3154116608	3187671039	2557780736	2557780991	6	7	24	20
808	3724541952	3758096383	3263679744	3263679999	6	7	24	12
809	2532524616	2532524623	2684354560	3221225471	6	29	3	4
810	2532442112	2532507647	1435643636	1435643637	1	16	31	2
811	2532524032	2532524543	1435643392	1435643519	17	23	25	1
812	2532524672	2532524799	2557780992	2557782015	1	25	22	1
813	3187671040	3189768191	2557782016	2557784063	6	11	21	9
814	4198498304	4200595455	4152772608	4152774655	17	11	21	2
815	3190079536	3190079551	1073741824	1342177279	17	28	4	6
816	4201348288	4201348351	3263679600	3263679603	0	26	30	1
817	4201347072	4201348095	285982720	285982847	1	22	25	2
818	4201347072	4201348095	285982848	285982911	88	22	26	1
819	4201119744	4201250815	1058304984	1058304984	0	15	32	1
820	4201348096	4201348223	285983232	285983743	88	25	23	1
821	4026531840	4160749567	3263679552	3263679583	6	5	27	8
822	4026531840	4160749567	3263679552	3263679583	17	5	27	3
823	3221225472	4294967295	1058304976	1058304983	6	2	29	18
824	3706716160	3707764735	3263680512	3263684607	17	12	20	4
825	3690987520	3699376127	3263678464	3263679487	6	9	22	16
826	3706191872	3706454015	1058275328	1058291711	17	14	18	2
827	3706191872	3706454015	1058275328	1058291711	6	14	18	7
828	3221225472	3489660927	1058304992	1058305023	6	4	27	8
829	3706603104	3706603135	536870912	805306367	6	27	4	9
830	3706609664	3706617855	1058304960	1058304975	1	19	28	3
831	1879048192	2147483647	3105872640	3105872671	6	4	27	7
832	1879048192	2147483647	3105872640	3105872671	17	4	27	2
833	3221225472	3489660927	1058304992	1058305023	17	4	27	4
834	1681842176	1681850367	1435643584	1435643615	1	19	27	1
835	1681833984	1681838079	1974679680	1974679711	88	20	27	1
836	1523400704	1523404799	1435643584	1435643615	88	20	27	1
837	420040704	420044799	1974679680	1974679711	88	20	27	1
838	1681840912	1681840919	1435643520	1435643583	0	29	26	1
839	1681840912	1681840919	3105872704	3105872767	0	29	26	1
840	858267424	858267431	1058304896	1058304959	0	29	26	1
841	1681840960	1681841023	1974673408	1974677503	1	26	20	1
842	1681817600	1681833983	3105872696	3105872703	88	18	29	1
843	4201316352	4201332735	285982968	285982975	88	18	29	1
844	1610612736	1677721599	3105872384	3105872639	6	6	24	20
845	1686110208	1694498815	1435639808	1435641855	6	9	21	11
846	1522532352	1523056639	1974681600	1974697983	6	13	18	10
847	1522532352	1523056639	1974681600	1974697983	17	13	18	5
848	1518338048	1522532351	3105869824	3105871871	17	10	21	8
849	4194304000	4198498303	4152772608	4152774655	17	10	21	7
850	1342177280	1476395007	3105872768	3105872895	6	5	25	15
851	1523417088	1523449855	3105872692	3105872695	88	17	30	1
852	1523408328	1523408328	1436024832	1436549119	6	32	13	3
853	1523408328	1523408328	1436024832	1436549119	17	32	13	1
854	3190079527	3190079527	1436024832	1436549119	6	32	13	2
855	3190079527	3190079527	1436024832	1436549119	17	32	13	1
856	4201345024	4201347071	289406976	293601279	6	21	10	6
857	1543503872	1610612735	285982720	285982847	17	6	25	6
858	2415919104	2483027967	3263679616	3263679743	17	6	25	12
859	420039616	420039647	285990912	285999103	1	27	19	1
860	420039616	420039647	4152778752	4152786943	1	27	19	1
861	4201348224	4201348255	285986816	285990911	17	27	20	1
862	1523408352	1523408383	1435643616	1435643631	0	27	28	1
863	3190079488	3190079519	2557780512	2557780527	0	27	28	1
864	1526726656	1543503871	3105872896	3105873919	6	8	22	19
865	1526726656	1543503871	1435641856	1435642879	6	8	22	15
866	838860800	855638015	285983744	285984767	6	8	22	16
867	1523408128	1523408255	1435639808	1435641855	1	25	21	2
868	1523408896	1523417087	3105882112	3107979263	6	19	11	7
869	939524096	1073741823	1974679732	1974679732	17	5	32	1
870	420039552	420039615	285984768	285986815	88	26	21	1
871	420039663	420039663	4152360960	4152623103	17	32	14	2
872	3706603092	3706603092	2557476864	2557739007	17	32	14	2
873	421527552	423624703	4152774656	4152778751	17	11	20	2
874	2529165312	2531262463	1435643904	1435647999	17	11	20	8
875	420039424	420039551	1058304988	1058304991	0	25	30	1
876	2532524608	2532524609	3105751040	3105816575	88	31	16	1
877	2532524608	2532524609	3263561728	3263627263	88	31	16	1
878	420038656	420039167	1946157056	1962934271	6	23	8	8
879	420038656	420039167	301989888	335544319	6	23	7	9
880	3706602496	3706603007	2583691264	2617245695	6	23	7	8
881	858292224	858324991	1974679736	1974679743	1	17	29	1
882	939524096	1073741823	1974679744	1974679807	17	5	26	7
883	4026531840	4160749567	2557780544	2557780607	17	5	26	2
884	0	2147483647	4152771312	4152771319	6	1	29	32
885	2483027968	2516582399	3105872384	3105872639	17	7	24	5
886	3154116608	3187671039	2557780736	2557780991	17	7	24	7
887	3724541952	3758096383	3263679744	3263679999	17	7	24	7
888	2532524616	2532524623	2557788160	2557804543	88	29	18	1
889	2532442112	2532507647	1435643636	1435643637	88	16	31	1
890	2532524610	2532524610	2556428288	2557476863	6	32	12	6
891	2532507648	2532524031	1435643616	1435643631	1	18	28	1
892	3190079528	3190079535	2557739008	2557771775	1	29	17	1
893	3190079552	3190079615	2415919104	2550136831	6	26	5	7
894	3190079552	3190079615	2415919104	2550136831	17	26	5	4
895	3190079526	3190079526	3263692800	3264217087	6	32	13	4
896	3190816768	3191865343	3105873920	3105882111	6	12	19	10
897	3190816768	3191865343	3105873920	3105882111	17	12	19	5
898	3706716160	3707764735	1058291712	1058299903	6	12	19	3
899	3706716160	3707764735	1058291712	1058299903	17	12	19	2
900	4201348280	4201348281	3263679744	3263679999	0	31	24	1
901	4200595456	4201119743	3263627264	3263660031	6	13	17	12
902	4201347072	4201348095	268435456	285212671	6	22	8	7
903	4201348224	4201348255	0	268435455	17	27	4	2
904	4201348224	4201348255	0	268435455	6	27	4	8
905	3706603104	3706603135	536870912	805306367	17	27	4	4
906	4201250816	4201316351	4152623104	4152754175	6	16	15	2
907	3221225472	4294967295	2557780512	2557780527	6	2	28	24
908	3221225472	4294967295	1058304976	1058304983	17	2	29	8
909	3690987520	3699376127	3263678464	3263679487	17	9	22	7
910	3703570432	3705667583	3263684608	3263692799	6	11	19	16
911	3706603072	3706603087	3263679552	3263679583	0	28	27	1
912	3706603088	3706603091	2557780608	2557780735	0	30	25	1
913	1677721600	1679818751	1435631616	1435639807	6	11	19	1
914	3703570432	3705667583	3263684608	3263692799	17	11	19	8
915	1681840920	1681840923	3105357824	3105619967	6	30	14	3
916	1711276032	1744830463	1435641856	1435642879	6	7	22	12
917	805306368	838860799	1058305024	1058306047	6	7	22	21
918	1681842176	1681850367	1435643584	1435643615	88	19	27	1
919	1681840924	1681840924	1974680576	1974681599	0	32	22	1
920	1681840128	1681840639	285983232	285983743	88	23	23	1
921	3190079488	3190079519	1435648000	1435664383	17	27	18	1
922	1681840928	1681840959	1974681600	1974697983	1	27	18	2
923	858267392	858267423	285966336	285982719	1	27	18	2
924	2532524640	2532524671	3263660032	3263676415	1	27	18	3
925	3190079488	3190079519	3263660032	3263676415	1	27	18	2
926	4201349120	4201381887	2557780512	2557780527	1	17	28	1
927	1744830464	1879048191	3105872384	3105872639	6	5	24	9
928	4026531840	4160749567	4152771328	4152771583	6	5	24	2
929	3489660928	3623878655	1058304512	1058304767	6	5	24	17
930	1681840960	1681841023	1073741824	1342177279	6	26	4	7
931	1681840960	1681841023	1073741824	1342177279	17	26	4	3
932	420039552	420039615	0	268435455	6	26	4	7
933	420039552	420039615	0	268435455	17	26	4	1
934	1681840960	1681841023	1974673408	1974677503	88	26	20	1
935	1681841152	1681842175	3105872384	3105872639	88	22	24	1
936	1681841152	1681842175	285983232	285983743	1	22	23	2
937	1681817600	1681833983	3103784960	3104833535	17	18	12	2
938	1610612736	1677721599	3105872384	3105872639	17	6	24	4
939	1686110208	1694498815	1435639808	1435641855	17	9	21	6
940	1342177280	1476395007	3105872768	3105872895	17	5	25	10
941	3189768192	3190030335	2557780530	2557780531	1	14	31	1
942	1523408352	1523408383	3105873920	3105882111	17	27	19	1
943	1523408352	1523408383	3105873920	3105882111	88	27	19	1
944	420039616	420039647	4152778752	4152786943	88	27	19	1
945	1526726656	1543503871	3105872896	3105873919	17	8	22	4
946	1526726656	1543503871	1435641856	1435642879	17	8	22	6
947	838860800	855638015	285983744	285984767	17	8	22	2
948	1523408256	1523408319	1435631616	1435639807	1	26	19	1
949	3190079552	3190079615	3263684608	3263692799	1	26	19	2
950	1523408128	1523408255	1435639808	1435641855	88	25	21	1
951	268435456	402653183	4152771327	4152771327	17	5	32	1
952	268435456	402653183	4152771327	4152771327	88	5	32	1
953	420036608	420038655	4143972352	4152360959	6	21	9	4
954	420039664	420039679	285982848	285982911	0	28	26	1
955	420044800	420052991	1974679744	1974679807	1	19	26	3
956	420038656	420039167	1979711488	2013265919	6	23	7	6
957	420038656	420039167	1979711488	2013265919	17	23	7	3
958	420038656	420039167	301989888	335544319	17	23	7	2
959	3706602496	3706603007	2583691264	2617245695	17	23	7	4
960	858292224	858324991	1974679736	1974679743	88	17	29	1
961	858324992	858390527	1974679736	1974679743	1	16	29	2
962	838860800	855638015	1974677504	1974679551	6	8	21	7
963	3707764736	3724541951	4152772608	4152774655	6	8	21	13
964	0	2147483647	4152771312	4152771319	17	1	29	10
965	0	2147483647	4152771296	4152771311	6	1	28	32
966	2532524610	2532524610	2556428288	2557476863	17	32	12	1
967	2532524610	2532524610	2556428288	2557476863	1	32	12	2
968	2532524612	2532524615	1435500544	1435631615	1	30	15	1
969	3190079520	3190079523	3263430656	3263561727	1	30	15	2
970	2532524612	2532524615	1435500544	1435631615	17	30	15	2
971	3190079520	3190079523	3263430656	3263561727	17	30	15	2
972	2532507648	2532524031	2557780480	2557780511	1	18	27	1
973	2532507648	2532524031	1435643616	1435643631	88	18	28	1
974	3190079528	3190079535	3263627264	3263660031	88	29	17	1
975	3190079536	3190079551	2557804544	2557870079	6	28	16	6
976	3190079536	3190079551	1435664384	1435697151	1	28	17	2
977	3190079526	3190079526	3263692800	3264217087	17	32	13	2
978	3190079616	3190079743	2557780536	2557780543	0	25	29	1
979	4201644032	4202692607	3263679605	3263679605	1	12	32	1
980	4200595456	4201119743	3263627264	3263660031	17	13	17	1
981	4227858432	4294967295	1058304000	1058304511	6	6	23	11
982	4201347072	4201348095	268435456	285212671	17	22	8	3
983	4201119744	4201250815	2557870080	2558001151	6	15	15	6
984	4201119744	4201250815	2557870080	2558001151	17	15	15	1
985	4201119744	4201250815	4152623104	4152754175	6	15	15	5
986	4201250816	4201316351	2557476864	2557739007	6	16	14	4
987	3221225472	4294967295	2557780512	2557780527	17	2	28	8
988	1677721600	1679818751	1435643638	1435643638	1	11	32	3
989	1681840920	1681840923	3105357824	3105619967	17	30	14	1
990	1711276032	1744830463	1435641856	1435642879	17	7	22	4
991	436207616	469762047	4152771584	4152772607	6	7	22	9
992	436207616	469762047	4152771584	4152772607	17	7	22	3
993	805306368	838860799	1058305024	1058306047	17	7	22	6
994	858267392	858267423	285966336	285982719	88	27	18	1
995	2532524640	2532524671	3263660032	3263676415	88	27	18	1
996	3190079488	3190079519	3263660032	3263676415	88	27	18	1
997	4201349120	4201381887	1058304960	1058304975	88	17	28	1
998	1744830464	1879048191	3105872384	3105872639	17	5	24	1
999	3489660928	3623878655	1058304512	1058304767	17	5	24	4
1000	1681840925	1681840925	1435643904	1435647999	0	32	20	1
1001	1681840640	1681840895	3105872696	3105872703	0	24	29	1
1002	1681840960	1681841023	3105849344	3105865727	1	26	18	1
1003	1681841152	1681842175	3120562176	3154116607	6	22	7	6
1004	1681841152	1681842175	3120562176	3154116607	17	22	7	4
1005	1681841152	1681842175	285983232	285983743	88	22	23	1
1006	1522532352	1523056639	3105619968	3105751039	6	13	15	10
1007	3190292480	3190816767	3263430656	3263561727	6	13	15	5
1008	4200595456	4201119743	2557870080	2558001151	6	13	15	3
1009	1523408330	1523408331	1435641856	1435642879	0	31	22	1
1010	1523384320	1523400703	1435643520	1435643583	1	18	26	1
1011	1523056640	1523318783	3105872688	3105872689	88	14	31	1
1012	3189768192	3190030335	2557780530	2557780531	88	14	31	1
1013	1523449856	1523580927	1435643640	1435643647	1	15	29	3
1014	1523408256	1523408319	1435631616	1435639807	88	26	19	1
1015	1523318784	1523384319	3105872672	3105872687	1	16	28	2
1016	419954688	420020223	1974679712	1974679727	1	16	28	2
1017	420052992	420085759	285982912	285982943	1	17	27	1
1018	0	268435455	1974679808	1974680063	6	4	24	19
1019	536870912	805306367	4152771328	4152771583	6	4	24	13
1020	2147483648	2415919103	1974679808	1974680063	6	4	24	9
1021	402653184	419430399	1974677504	1974679551	6	8	21	5
1022	402653184	419430399	1974677504	1974679551	17	8	21	3
1023	838860800	855638015	1974677504	1974679551	17	8	21	2
1024	3707764736	3724541951	4152772608	4152774655	17	8	21	5
1025	420044800	420052991	1974679744	1974679807	88	19	26	1
1026	423624704	427819007	285966336	285982719	6	10	18	11
1027	420216832	420478975	1974679728	1974679731	1	14	30	1
1028	2532573184	2532835327	2557780532	2557780535	1	14	30	1
1029	3706191872	3706454015	1058304988	1058304991	1	14	30	1
1030	858324992	858390527	1974679736	1974679743	88	16	29	1
1031	536870912	1073741823	4152771072	4152771199	6	3	25	22
1032	858267424	858267431	1974679808	1974680063	0	29	24	1
1033	4201348096	4201348223	285990912	285999103	6	25	19	2
1034	3190079616	3190079743	3105873920	3105882111	1	25	19	1
1035	3706603136	3706603263	1058291712	1058299903	1	25	19	1
1036	0	2147483647	4152771296	4152771311	17	1	28	13
1037	2532526080	2532528127	1435643648	1435643903	17	21	24	1
1038	2532526080	2532528127	1435643648	1435643903	88	21	24	1
1039	2532524610	2532524610	2556428288	2557476863	88	32	12	1
1040	2532524640	2532524671	1435664384	1435697151	1	27	17	2
1041	2532524612	2532524615	2558001152	2558525439	6	30	13	6
1042	2532524612	2532524615	1435500544	1435631615	88	30	15	1
1043	3190079520	3190079523	3263430656	3263561727	88	30	15	1
1044	2532524612	2532524615	1435642880	1435643391	0	30	23	1
1045	2550136832	2684354559	1435642880	1435643391	6	5	23	11
1046	2532524611	2532524611	1436549120	1438646271	6	32	11	5
1047	2532507648	2532524031	2557780480	2557780511	88	18	27	1
1048	3087007744	3154116607	1435641856	1435642879	6	6	22	12
1049	3623878656	3690987519	1058305024	1058306047	6	6	22	19
1050	3190079536	3190079551	2557804544	2557870079	1	28	16	1
1051	4201348256	4201348271	285868032	285933567	1	28	16	2
1052	3190079536	3190079551	1435664384	1435697151	88	28	17	1
1053	3190079744	3190079999	2557784064	2557788159	1	24	20	2
1054	4201348352	4201348607	4152774656	4152778751	1	24	20	2
1055	4201644032	4202692607	3263679605	3263679605	17	12	32	1
1056	4201644032	4202692607	3263679605	3263679605	6	12	32	1
1057	4201644032	4202692607	4152771326	4152771326	1	12	32	2
1058	4201348288	4201348351	2557780480	2557780511	0	26	27	1
1059	4227858432	4294967295	1058304000	1058304511	17	6	23	1
1060	4201119744	4201250815	2557476864	2557739007	6	15	14	4
1061	4198498304	4200595455	3263627264	3263660031	6	11	17	8
1062	3707764736	3724541951	3263680512	3263684607	6	8	20	9
1063	3690987520	3699376127	2557771776	2557779967	6	9	19	10
1064	3706605568	3706609663	1058304512	1058304767	1	20	24	2
1065	3706603264	3706603519	4160749568	4294967295	17	24	5	4
1066	3706603264	3706603519	4160749568	4294967295	6	24	5	7
1067	1681840925	1681840925	2684354560	3221225471	6	32	3	1
1068	1677721600	1679818751	1435643638	1435643638	88	11	32	1
1069	1680867328	1681391615	1435643636	1435643637	88	13	31	1
1070	419430400	419954687	4152771324	4152771325	88	13	31	1
1071	1681833984	1681838079	3105872691	3105872691	0	20	32	1
1072	1744830464	1879048191	3105871872	3105872383	6	5	23	5
1073	2550136832	2684354559	1435642880	1435643391	17	5	23	3
1074	2952790016	3087007743	1435642880	1435643391	6	5	23	3
1075	1681840912	1681840919	3105871872	3105872383	0	29	23	1
1076	1681840912	1681840919	3105357824	3105619967	17	29	14	2
1077	420039648	420039655	4152360960	4152623103	17	29	14	2
1078	858267424	858267431	1974730752	1974992895	17	29	14	1
1079	858267424	858267431	1974730752	1974992895	6	29	14	4
1080	2532524616	2532524623	1974730752	1974992895	6	29	14	2
1081	1681840912	1681840919	3105357824	3105619967	1	29	14	1
1082	420039648	420039655	4152360960	4152623103	1	29	14	1
1083	858267424	858267431	1974730752	1974992895	1	29	14	1
1084	1681840960	1681841023	3105849344	3105865727	88	26	18	1
1085	1681817600	1681833983	289406976	293601279	6	18	10	6
1086	1522532352	1523056639	3105619968	3105751039	17	13	15	4
1087	3190292480	3190816767	3263430656	3263561727	17	13	15	2
1088	4200595456	4201119743	4152623104	4152754175	6	13	15	5
1089	4200595456	4201119743	4152623104	4152754175	17	13	15	1
1090	4200595456	4201119743	3263430656	3263561727	17	13	15	1
1091	4200595456	4201119743	3263430656	3263561727	6	13	15	2
1092	4200595456	4201119743	2557870080	2558001151	17	13	15	2
1093	1523449856	1523580927	1435643640	1435643647	88	15	29	1
1094	1523408896	1523417087	1435643638	1435643638	0	19	32	1
1095	1523318784	1523384319	3105872672	3105872687	88	16	28	1
1096	419954688	420020223	1974679712	1974679727	88	16	28	1
1097	420052992	420085759	285982912	285982943	88	17	27	1
1098	0	268435455	1974679808	1974680063	17	4	24	6
1099	536870912	805306367	4152771328	4152771583	17	4	24	5
1100	423624704	427819007	285966336	285982719	17	10	18	5
1101	420216832	420478975	1974679728	1974679731	88	14	30	1
1102	2532573184	2532835327	2557780532	2557780535	88	14	30	1
1103	2532573184	2532835327	1435643632	1435643635	88	14	30	1
1104	858324992	858390527	285982912	285982943	1	16	27	1
1105	536870912	1073741823	4152771072	4152771199	17	3	25	10
1106	858267440	858267455	285736960	285868031	17	28	15	2
1107	858267520	858267647	1058291712	1058299903	88	25	19	1
1108	838860800	855638015	285986816	285990911	6	8	20	15
1109	838860800	855638015	285986816	285990911	17	8	20	2
1110	3707764736	3724541951	3263680512	3263684607	17	8	20	2
1111	858267456	858267519	1974697984	1974730751	17	26	17	1
1112	858267392	858267423	0	4294967295	6	27	0	12
1113	2532524610	2532524610	3267362816	3271557119	6	32	10	3
1114	2533359616	2550136831	1974665216	1974673407	6	8	19	11
1115	4211081216	4227858431	4152778752	4152786943	6	8	19	11
1116	2532524640	2532524671	1435664384	1435697151	88	27	17	1
1117	2532524612	2532524615	2558001152	2558525439	17	30	13	2
1118	2532524612	2532524615	2558001152	2558525439	1	30	13	3
1119	2532524611	2532524611	1436549120	1438646271	1	32	11	2
1120	2532524611	2532524611	1436549120	1438646271	17	32	11	2
1121	3087007744	3154116607	1435641856	1435642879	17	6	22	2
1122	3623878656	3690987519	1058305024	1058306047	17	6	22	7
1123	3187671040	3189768191	3105751040	3105816575	6	11	16	6
1124	4201348256	4201348271	285868032	285933567	88	28	16	1
1125	3190087680	3190095871	3112173568	3120562175	17	19	9	2
1126	3190079744	3190079999	2557784064	2557788159	88	24	20	1
1127	4201348352	4201348607	4152774656	4152778751	88	24	20	1
1128	3758096384	4294967295	3263679744	3263679999	6	3	24	14
1129	4201381888	4201644031	3263679608	3263679615	1	14	29	1
1130	4201119744	4201250815	3263692800	3264217087	6	15	13	2
1131	4198498304	4200595455	3263627264	3263660031	17	11	17	6
1132	3221225472	4294967295	1058304768	1058304895	6	2	25	11
1133	3690987520	3699376127	2557771776	2557779967	17	9	19	6
1134	1680867328	1681391615	1435643640	1435643647	1	13	29	1
1135	1681840912	1681840919	3105357824	3105619967	88	29	14	1
1136	420039648	420039655	4152360960	4152623103	88	29	14	1
1137	858267424	858267431	1974730752	1974992895	88	29	14	1
1138	1681840960	1681841023	3105816576	3105849343	6	26	17	1
1139	858267456	858267519	1974697984	1974730751	88	26	17	1
1140	1681841152	1681842175	1476395008	1610612735	17	22	5	2
1141	1681841152	1681842175	1476395008	1610612735	6	22	5	5
1142	1681840896	1681840911	1974680064	1974680575	0	28	23	1
1143	1681817600	1681833983	293601280	301989887	17	18	9	2
1144	1523404800	1523406847	1435643632	1435643635	0	21	30	1
1145	1523408256	1523408319	1974679552	1974679679	0	26	25	1
1146	402653184	419430399	1974665216	1974673407	6	8	19	7
1147	402653184	419430399	1974665216	1974673407	17	8	19	5
1148	2533359616	2550136831	1974665216	1974673407	17	8	19	3
1149	4211081216	4227858431	4152778752	4152786943	17	8	19	7
1150	420020224	420036607	4152771327	4152771327	0	18	32	1
1151	420039662	420039662	4152754176	4152770559	0	32	18	1
1152	420039656	420039659	1974677504	1974679551	0	30	21	1
1153	420039664	420039679	1974730752	1974992895	1	28	14	1
1154	420040704	420044799	1006632960	1040187391	17	20	7	2
1155	420040704	420044799	1006632960	1040187391	6	20	7	5
1156	420039168	420039423	1974681600	1974697983	1	24	18	2
1157	2532524800	2532525055	1435648000	1435664383	1	24	18	2
1158	3190079744	3190079999	3105849344	3105865727	1	24	18	3
1159	4201348352	4201348607	2557788160	2557804543	1	24	18	1
1160	805306368	838860799	1058291712	1058299903	6	7	19	9
1161	858267136	858267391	1974679680	1974679711	0	24	27	1
1162	858267648	858275839	1040187392	1056964607	6	19	8	7
1163	858521600	858783743	1974679712	1974679727	1	14	28	2
1164	859832320	864026623	285868032	285933567	6	10	16	6
1165	858267392	858267423	0	4294967295	17	27	0	3
1166	2529165312	2531262463	1974599680	1974665215	6	11	16	2
1167	2529165312	2531262463	1974599680	1974665215	17	11	16	2
1168	2529165312	2531262463	3263561728	3263627263	6	11	16	6
1169	2529165312	2531262463	3263561728	3263627263	17	11	16	1
1170	3187671040	3189768191	3105751040	3105816575	17	11	16	1
1171	2532524544	2532524607	1435697152	1435762687	1	26	16	1
1172	2532524612	2532524615	2558001152	2558525439	88	30	13	1
1173	2532524611	2532524611	1974665216	1974673407	0	32	19	1
1174	2532524611	2532524611	1436549120	1438646271	88	32	11	1
1175	2684354560	3221225471	1435642880	1435643391	6	3	23	7
1176	3190080512	3190081535	2557784064	2557788159	1	22	20	2
1177	3190080512	3190081535	2557784064	2557788159	17	22	20	2
1178	4201348283	4201348283	1438646272	1442840575	6	32	10	4
1179	3758096384	4294967295	3263679744	3263679999	17	3	24	4
1180	4160749568	4194303999	1058299904	1058303999	6	7	20	4
1181	4160749568	4194303999	1058299904	1058303999	17	7	20	1
1182	3724541952	3758096383	3263680512	3263684607	17	7	20	2
1183	3724541952	3758096383	3263680512	3263684607	6	7	20	2
1184	4201644032	4202692607	4152771320	4152771323	1	12	30	1
1185	4200595456	4201119743	2558001152	2558525439	6	13	13	2
1186	4200595456	4201119743	4152885248	4153409535	6	13	13	3
1187	4200595456	4201119743	2557476864	2557739007	17	13	14	3
1188	4200595456	4201119743	2557476864	2557739007	6	13	14	3
1189	4200595456	4201119743	4152360960	4152623103	17	13	14	1
1190	4201340928	4201345023	285982962	285982963	0	20	31	1
1191	3758096384	4026531839	4152771584	4152772607	6	4	22	7
1192	4201348272	4201348279	1436024832	1436549119	17	29	13	1
1193	4201348096	4201348223	285933568	285966335	1	25	17	1
1194	4198498304	4200595455	4152623104	4152754175	6	11	15	8
1195	3221225472	4294967295	1058304768	1058304895	17	2	25	2
1196	1680867328	1681391615	1435643640	1435643647	88	13	29	1
1197	1680867328	1681391615	285212672	285736959	6	13	13	3
1198	4200595456	4201119743	4152885248	4153409535	17	13	13	2
1199	1681391616	1681653759	3105872640	3105872671	1	14	27	1
1200	4201644032	4202692607	4152771320	4152771323	88	12	30	1
1201	1679818752	1680867327	3105872696	3105872703	1	12	29	2
1202	1543503872	1610612735	1435631616	1435639807	6	6	19	4
1203	1523406848	1523407871	3105872672	3105872687	0	22	28	1
1204	3190080512	3190081535	3263679584	3263679599	0	22	28	1
1205	4201347072	4201348095	285982944	285982959	0	22	28	1
1206	3706601472	3706602495	1058304960	1058304975	0	22	28	1
1207	1523408320	1523408327	1434451968	1435500543	1	29	12	1
1208	420039664	420039679	1974730752	1974992895	88	28	14	1
1209	420039664	420039679	1974730752	1974992895	17	28	14	1
1210	420039168	420039423	1974681600	1974697983	88	24	18	1
1211	2532524800	2532525055	1435648000	1435664383	88	24	18	1
1212	4201348352	4201348607	2557788160	2557804543	17	24	18	1
1213	4201348352	4201348607	2557788160	2557804543	88	24	18	1
1214	858390528	858521599	1058304896	1058304959	1	15	26	2
1215	3190161408	3190292479	2557780544	2557780607	1	15	26	3
1216	805306368	838860799	1058291712	1058299903	17	7	19	3
1217	857735168	858259455	1974679712	1974679727	1	13	28	1
1218	858267432	858267435	285986816	285990911	0	30	20	1
1219	2532524800	2532525055	3105816576	3105849343	1	24	17	1
1220	858521600	858783743	1974679712	1974679727	88	14	28	1
1221	4194304000	4198498303	2557804544	2557870079	6	10	16	2
1222	858267438	858267439	1058291712	1058299903	0	31	19	1
1223	2532532224	2532540415	3288334336	3355443199	6	19	6	3
1224	2532524544	2532524607	1435500544	1435631615	6	26	15	2
1225	2532524544	2532524607	1435697152	1435762687	88	26	16	1
1226	2532524672	2532524799	3263679616	3263679743	0	25	25	1
1227	3706603136	3706603263	1058304768	1058304895	0	25	25	1
1228	2532524624	2532524639	2557780992	2557782015	0	28	22	1
1229	2684354560	3221225471	1435642880	1435643391	17	3	23	4
1230	3190080512	3190081535	2557784064	2557788159	88	22	20	1
1231	3190063104	3190079487	3087007744	3103784959	6	18	8	5
1232	3190095872	3190161407	2557780608	2557780735	1	16	25	2
1233	3706650624	3706716159	2557780608	2557780735	1	16	25	1
1234	3706650624	3706716159	2557780608	2557780735	6	16	25	2
1235	3190030336	3190063103	2557780736	2557780991	1	17	24	2
1236	3196059648	3204448255	3105751040	3105816575	6	9	16	8
1237	3190079616	3190079743	2557804544	2557870079	1	25	16	3
1238	3758096384	4026531839	4152771584	4152772607	17	4	22	3
1239	4201347072	4201348095	285990912	285999103	17	22	19	1
1240	4194304000	4198498303	4152623104	4152754175	6	10	15	3
1241	4201348224	4201348255	285983232	285983743	0	27	23	1
1242	4201316352	4201332735	285983232	285983743	6	18	23	2
1243	4198498304	4200595455	4152623104	4152754175	17	11	15	1
1244	3706603096	3706603103	3263676416	3263678463	0	29	21	1
1245	3706603104	3706603135	3263168512	3263430655	1	27	14	1
1246	3706603104	3706603135	3263168512	3263430655	6	27	14	3
1247	3706603520	3706605567	805306368	939524095	6	21	5	5
1248	1681841024	1681841151	1435500544	1435631615	1	25	15	2
1249	1523408128	1523408255	3105619968	3105751039	1	25	15	2
1250	1681391616	1681653759	3105872640	3105872671	88	14	27	1
1251	1681840928	1681840959	3105872896	3105873919	0	27	22	1
1252	1681784832	1681817599	1435643639	1435643639	0	17	32	1
1253	4201349120	4201381887	1058304985	1058304985	0	17	32	1
1254	1681838080	1681840127	285982944	285982959	0	21	28	1
1255	1679818752	1680867327	3105872696	3105872703	88	12	29	1
1256	1681840640	1681840895	1435697152	1435762687	6	24	16	2
1257	1681840640	1681840895	1435697152	1435762687	1	24	16	1
1258	1523407872	1523408127	1974599680	1974665215	1	24	16	2
1259	1523407872	1523408127	1974599680	1974665215	6	24	16	4
1260	1681840640	1681840895	285982720	285982847	0	24	25	1
1261	1681840960	1681841023	285999104	286261247	1	26	14	1
1262	3190079552	3190079615	3105357824	3105619967	1	26	14	1
1263	3190079552	3190079615	1435762688	1436024831	6	26	14	3
1264	3190079552	3190079615	1435762688	1436024831	1	26	14	1
1265	1073741824	1342177279	3105869824	3105871871	6	4	21	5
1266	1543503872	1610612735	1435631616	1435639807	17	6	19	2
1267	1523408320	1523408327	1434451968	1435500543	88	29	12	1
1268	1523408384	1523408895	3105872704	3105872767	0	23	26	1
1269	3706602496	3706603007	3263679488	3263679551	0	23	26	1
1270	1523408896	1523417087	285984768	285986815	1	19	21	1
1271	420085760	420216831	4152771072	4152771199	1	15	25	1
1272	423624704	427819007	4152623104	4152754175	17	10	15	1
1273	3191865344	3196059647	3105619968	3105751039	17	10	15	3
1274	3191865344	3196059647	3105619968	3105751039	6	10	15	4
1275	3190030336	3190063103	2557780736	2557780991	88	17	24	1
1276	858324992	858390527	4152771328	4152771583	1	16	24	2
1277	858390528	858521599	1058304896	1058304959	88	15	26	1
1278	3190161408	3190292479	2557780544	2557780607	88	15	26	1
1279	857735168	858259455	1974679712	1974679727	88	13	28	1
1280	858265600	858266623	4152754176	4152770559	1	22	18	2
1281	3706601472	3706602495	1058275328	1058291711	1	22	18	2
1282	858267440	858267455	285984768	285986815	0	28	21	1
1283	3706603072	3706603087	3263676416	3263678463	0	28	21	1
1284	2532524800	2532525055	3105816576	3105849343	88	24	17	1
1285	858521600	858783743	1059061760	1061158911	17	14	11	2
1286	2532525056	2532526079	3263679552	3263679583	0	22	27	1
1287	3190080512	3190081535	2557780480	2557780511	0	22	27	1
1288	4201348288	4201348351	1058406400	1058537471	88	26	15	1
1289	3190083584	3190087679	1435643904	1435647999	1	20	20	1
1290	3706605568	3706609663	1058299904	1058303999	1	20	20	3
1291	3190095872	3190161407	2557780608	2557780735	88	16	25	1
1292	3706650624	3706716159	2557780608	2557780735	88	16	25	1
1293	4201348280	4201348281	1438646272	1442840575	6	31	10	1
1294	3196059648	3204448255	3105751040	3105816575	17	9	16	2
1295	3190079616	3190079743	2557804544	2557870079	88	25	16	1
1296	4201381888	4201644031	1058304896	1058304959	1	14	26	2
1297	4201348284	4201348287	1438646272	1442840575	6	30	10	2
1298	4201348608	4201349119	4152786944	4152819711	1	23	17	2
1299	4201316352	4201332735	285983232	285983743	88	18	23	1
1300	4201316352	4201332735	285983232	285983743	17	18	23	1
1301	4198498304	4200595455	2557476864	2557739007	17	11	14	3
1302	4198498304	4200595455	2557476864	2557739007	6	11	14	4
1303	3707764736	3724541951	4152819712	4152885247	6	8	16	6
1304	3706617856	3706650623	3271557120	3288334335	6	17	8	5
1305	3706603096	3706603103	1058299904	1058303999	0	29	20	1
1306	3706603104	3706603135	3263168512	3263430655	17	27	14	1
1307	3706603008	3706603071	1058304000	1058304511	0	26	23	1
1308	1681841024	1681841151	1435500544	1435631615	88	25	15	1
1309	1523408128	1523408255	3105619968	3105751039	88	25	15	1
1310	1523408128	1523408255	3105619968	3105751039	17	25	15	1
1311	1681841024	1681841151	1436024832	1436549119	6	25	13	5
1312	420039424	420039551	1974992896	1975517183	6	25	13	5
1313	1681840128	1681840639	3105751040	3105816575	6	23	16	3
1314	858266624	858267135	1058340864	1058406399	6	23	16	3
1315	858266624	858267135	1058340864	1058406399	1	23	16	2
1316	3190080000	3190080511	1435697152	1435762687	1	23	16	1
1317	3190080000	3190080511	1435697152	1435762687	6	23	16	3
1318	1681840928	1681840959	1435639808	1435641855	0	27	21	1
1319	2532442112	2532507647	1435642880	1435643391	6	16	23	2
1320	1681850368	1681915903	1435643639	1435643639	0	16	32	1
1321	1681653760	1681784831	3105872768	3105872895	17	15	25	1
1322	420085760	420216831	4152771072	4152771199	88	15	25	1
1323	1681840926	1681840927	3105816576	3105849343	0	31	17	1
1324	1681840640	1681840895	1435697152	1435762687	88	24	16	1
1325	1681840640	1681840895	1435697152	1435762687	17	24	16	1
1326	1523407872	1523408127	1974599680	1974665215	88	24	16	1
1327	1523407872	1523408127	1974599680	1974665215	17	24	16	1
1328	1681840960	1681841023	285999104	286261247	88	26	14	1
1329	1681840960	1681841023	285999104	286261247	17	26	14	1
1330	3190079552	3190079615	3105357824	3105619967	17	26	14	1
1331	1681841152	1681842175	285933568	285966335	6	22	17	2
1332	420039680	420040703	1058308096	1058340863	6	22	17	4
1333	420039680	420040703	1058308096	1058340863	1	22	17	2
1334	2532525056	2532526079	2557739008	2557771775	6	22	17	3
1335	2532525056	2532526079	2557739008	2557771775	1	22	17	2
1336	1523384320	1523400703	285982964	285982967	0	18	30	1
1337	1523408332	1523408335	285966336	285982719	0	30	18	1
1338	1523056640	1523318783	285982848	285982911	6	14	26	1
1339	1523056640	1523318783	285982848	285982911	17	14	26	1
1340	1523408336	1523408351	3105865728	3105869823	0	28	20	1
1341	4201348256	4201348271	285986816	285990911	0	28	20	1
1342	420039552	420039615	4152771584	4152772607	0	26	22	1
1343	2532524544	2532524607	2557780992	2557782015	0	26	22	1
1344	420039424	420039551	4152360960	4152623103	1	25	14	2
1345	419430400	419954687	4152771200	4152771263	1	13	26	1
1346	3190292480	3190816767	3263679488	3263679551	1	13	26	1
1347	436207616	469762047	1974679732	1974679732	0	7	32	1
1348	858292224	858324991	1974679734	1974679735	0	17	31	1
1349	4201349120	4201381887	1058304986	1058304987	0	17	31	1
1350	858324992	858390527	4152771328	4152771583	88	16	24	1
1351	858259456	858263551	4152778752	4152786943	6	20	19	3
1352	858259456	858263551	4152778752	4152786943	1	20	19	1
1353	2532528128	2532532223	1974665216	1974673407	1	20	19	1
1354	2532528128	2532532223	2557771776	2557779967	1	20	19	3
1355	2532528128	2532532223	2557771776	2557779967	6	20	19	3
1356	858265600	858266623	4152754176	4152770559	88	22	18	1
1357	3706601472	3706602495	1058275328	1058291711	88	22	18	1
1358	858267424	858267431	1974665216	1974673407	0	29	19	1
1359	858267136	858267391	1974468608	1974599679	6	24	15	3
1360	858267136	858267391	1974468608	1974599679	1	24	15	3
1361	4201348352	4201348607	1058406400	1058537471	6	24	15	3
1362	4201348352	4201348607	1058406400	1058537471	1	24	15	1
1363	858783744	859832319	1058304992	1058305023	1	12	27	1
1364	858267648	858275839	1058304976	1058304983	0	19	29	1
1365	2532526080	2532528127	1435648000	1435664383	6	21	18	3
1366	2532526080	2532528127	1435648000	1435664383	1	21	18	2
1367	2532526080	2532528127	2557788160	2557804543	6	21	18	3
1368	2524971008	2529165311	2557780536	2557780543	1	10	29	1
1369	2532540416	2532573183	3263678464	3263679487	1	17	22	2
1370	2532524032	2532524543	1435643392	1435643519	0	23	25	1
1371	2550136832	2684354559	2557771776	2557779967	6	5	19	3
1372	3190063104	3190079487	2557782016	2557784063	6	18	21	3
1373	3190083584	3190087679	1435643904	1435647999	88	20	20	1
1374	3706605568	3706609663	1058299904	1058303999	88	20	20	1
1375	3190161408	3190292479	3263679744	3263679999	1	15	24	2
1376	3196059648	3204448255	3105619968	3105751039	6	9	15	2
1377	3196059648	3204448255	3263430656	3263561727	6	9	15	3
1378	2684354560	2952790015	3263680512	3263684607	17	4	20	2
1379	3190081536	3190083583	2684354560	3221225471	6	21	3	5
1380	4201347072	4201348095	285982848	285982911	0	22	26	1
1381	4194304000	4198498303	4152360960	4152623103	17	10	14	1
1382	4201348272	4201348279	1438646272	1442840575	6	29	10	2
1383	4201348608	4201349119	1058308096	1058340863	6	23	17	1
1384	4201348608	4201349119	4152786944	4152819711	88	23	17	1
1385	4201348096	4201348223	285983232	285983743	0	25	23	1
1386	4198498304	4200595455	4152885248	4153409535	17	11	13	2
1387	1681840920	1681840923	3087007744	3103784959	1	30	8	2
1388	1681841024	1681841151	1436024832	1436549119	1	25	13	2
1389	420039424	420039551	1974992896	1975517183	1	25	13	1
1390	1681840128	1681840639	3105751040	3105816575	17	23	16	1
1391	858266624	858267135	1058340864	1058406399	17	23	16	1
1392	858266624	858267135	1058340864	1058406399	88	23	16	1
1393	3190080000	3190080511	1435697152	1435762687	88	23	16	1
1394	3190080000	3190080511	1435697152	1435762687	17	23	16	1
1395	3706602496	3706603007	4152819712	4152885247	6	23	16	1
1396	1681833984	1681838079	1974679680	1974679711	0	20	27	1
1397	1523400704	1523404799	1435643584	1435643615	0	20	27	1
1398	420040704	420044799	1974679680	1974679711	0	20	27	1
1399	1681391616	1681653759	3105872690	3105872690	0	14	32	1
1400	3706191872	3706454015	1058304984	1058304984	0	14	32	1
1401	1681850368	1681915903	3105871872	3105872383	17	16	23	1
1402	2532442112	2532507647	1435642880	1435643391	17	16	23	1
1403	3190816768	3191865343	3263679488	3263679551	1	12	26	2
1404	3706716160	3707764735	4152771200	4152771263	1	12	26	1
1405	1681653760	1681784831	1974679808	1974680063	6	15	24	1
1406	3190161408	3190292479	3263679744	3263679999	88	15	24	1
1407	420039680	420040703	1058308096	1058340863	17	22	17	1
1408	420039680	420040703	1058308096	1058340863	88	22	17	1
1409	2532525056	2532526079	2557739008	2557771775	17	22	17	1
1410	2532525056	2532526079	2557739008	2557771775	88	22	17	1
1411	1681840896	1681840911	1975517184	1979711487	6	28	10	4
1412	1681840896	1681840911	1975517184	1979711487	17	28	10	2
1413	1681817600	1681833983	3105872696	3105872703	0	18	29	1
1414	4201316352	4201332735	285982968	285982975	0	18	29	1
1415	1686110208	1694498815	3105872696	3105872703	1	9	29	1
1416	3190292480	3190816767	3263679616	3263679743	1	13	25	1
1417	1523384320	1523400703	285986816	285990911	1	18	20	1
1418	2532507648	2532524031	2557784064	2557788159	1	18	20	2
1419	2532507648	2532524031	2557784064	2557788159	6	18	20	3
1420	1523407872	1523408127	285999104	286261247	1	24	14	2
1421	1523417088	1523449855	3105872692	3105872695	0	17	30	1
1422	2532540416	2532573183	1435643632	1435643635	0	17	30	1
1423	1523056640	1523318783	1435643648	1435643903	1	14	24	1
1424	3706191872	3706454015	1058304512	1058304767	1	14	24	1
1425	1523406848	1523407871	1435697152	1435762687	6	22	16	2
1426	3190080512	3190081535	3263561728	3263627263	1	22	16	2
1427	3190080512	3190081535	3263561728	3263627263	6	22	16	2
1428	1523408352	1523408383	3105865728	3105869823	0	27	20	1
1429	4201348224	4201348255	285986816	285990911	0	27	20	1
1430	268435456	402653183	4152754176	4152770559	6	5	18	4
1431	420039552	420039615	285984768	285986815	0	26	21	1
1432	402653184	419430399	4152771320	4152771323	6	8	30	1
1433	2533359616	2550136831	2557780532	2557780535	1	8	30	2
1434	3204448256	3221225471	2557780532	2557780535	1	8	30	2
1435	420085760	420216831	285982961	285982961	0	15	32	1
1436	2532311040	2532442111	2557780528	2557780528	0	15	32	1
1437	2532311040	2532442111	3263679604	3263679604	0	15	32	1
1438	420039424	420039551	4152360960	4152623103	88	25	14	1
1439	419430400	419954687	4152771200	4152771263	88	13	26	1
1440	3190292480	3190816767	3263679488	3263679551	88	13	26	1
1441	420039660	420039661	285868032	285933567	0	31	16	1
1442	2532524608	2532524609	3105751040	3105816575	0	31	16	1
1443	2532524608	2532524609	3263561728	3263627263	0	31	16	1
1444	858267437	858267437	1879048192	1946157055	1	32	6	1
1445	858259456	858263551	4152778752	4152786943	17	20	19	1
1446	858259456	858263551	4152778752	4152786943	88	20	19	1
1447	2532528128	2532532223	1974665216	1974673407	6	20	19	1
1448	2532528128	2532532223	2557771776	2557779967	88	20	19	1
1449	2532528128	2532532223	2557771776	2557779967	17	20	19	1
1450	855638016	857735167	4152771264	4152771295	1	11	27	2
1451	2529165312	2531262463	3263679552	3263679583	1	11	27	1
1452	858267136	858267391	1974468608	1974599679	17	24	15	1
1453	858267136	858267391	1974468608	1974599679	88	24	15	1
1454	4201348352	4201348607	1058406400	1058537471	17	24	15	1
1455	4201348352	4201348607	1058406400	1058537471	88	24	15	1
1456	858266624	858267135	285736960	285868031	1	23	15	1
1457	858266624	858267135	285736960	285868031	6	23	15	3
1458	2532524032	2532524543	2557870080	2558001151	6	23	15	3
1459	2532524032	2532524543	2557870080	2558001151	1	23	15	2
1460	859832320	864026623	285982944	285982959	1	10	28	1
1461	2524971008	2529165311	1435643616	1435643631	1	10	28	2
1462	858267456	858267519	1056964608	1058013183	1	26	12	1
1463	3706603008	3706603071	1056964608	1058013183	1	26	12	3
1464	858267456	858267519	1056964608	1058013183	17	26	12	2
1465	2532526080	2532528127	1435648000	1435664383	88	21	18	1
1466	2532526080	2532528127	1435648000	1435664383	17	21	18	1
1467	2532526080	2532528127	2557788160	2557804543	88	21	18	1
1468	3190081536	3190083583	3105849344	3105865727	6	21	18	1
1469	2532524616	2532524623	2557788160	2557804543	0	29	18	1
1470	2532524616	2532524623	3112173568	3120562175	6	29	9	3
1471	2532524616	2532524623	3112173568	3120562175	1	29	9	1
1472	2532442112	2532507647	1435643636	1435643637	0	16	31	1
1473	2524971008	2529165311	2557780536	2557780543	88	10	29	1
1474	2532540416	2532573183	3263678464	3263679487	88	17	22	1
1475	2532540416	2532573183	3263678464	3263679487	17	17	22	1
1476	2532524672	2532524799	2557780992	2557782015	0	25	22	1
1477	2532524624	2532524639	1974665216	1974673407	0	28	19	1
1478	3190063104	3190079487	2557782016	2557784063	88	18	21	1
1479	3190063104	3190079487	2557782016	2557784063	17	18	21	1
1480	3196059648	3204448255	3263168512	3263430655	6	9	14	3
1481	3196059648	3204448255	3263168512	3263430655	17	9	14	2
1482	4201347072	4201348095	285982720	285982847	0	22	25	1
1483	4201348282	4201348282	402653184	536870911	1	32	5	1
1484	3706609664	3706617855	1058291712	1058299903	6	19	19	3
1485	3706609664	3706617855	1058304960	1058304975	0	19	28	1
1486	1681840920	1681840923	3087007744	3103784959	17	30	8	1
1487	1681840920	1681840923	3087007744	3103784959	88	30	8	1
1488	1681842176	1681850367	1435643584	1435643615	0	19	27	1
1489	1681841024	1681841151	1436024832	1436549119	17	25	13	1
1490	420039424	420039551	1974992896	1975517183	17	25	13	1
1491	420039424	420039551	1974992896	1975517183	88	25	13	1
1492	1681840128	1681840639	285983232	285983743	0	23	23	1
1493	1681833984	1681838079	3105816576	3105849343	6	20	17	2
1494	1681833984	1681838079	3105816576	3105849343	1	20	17	1
1495	4201340928	4201345023	3263627264	3263660031	6	20	17	2
1496	4201340928	4201345023	3263627264	3263660031	1	20	17	1
1497	1681915904	1686110207	3105872640	3105872671	1	10	27	2
1498	1518338048	1522532351	3105872640	3105872671	1	10	27	3
1499	3190816768	3191865343	3263679488	3263679551	88	12	26	1
1500	3706716160	3707764735	4152771200	4152771263	88	12	26	1
1501	1744830464	1879048191	285933568	285966335	6	5	17	5
1502	1744830464	1879048191	285933568	285966335	17	5	17	1
1503	1681653760	1681784831	1974680576	1974681599	1	15	22	2
1504	3706454016	3706585087	4152771584	4152772607	1	15	22	2
1505	1681840960	1681841023	1974673408	1974677503	0	26	20	1
1506	1681841152	1681842175	3105872384	3105872639	0	22	24	1
1507	420039664	420039679	4143972352	4152360959	6	28	9	3
1508	420039664	420039679	4143972352	4152360959	1	28	9	1
1509	1681840896	1681840911	1975517184	1979711487	88	28	10	1
1510	1522532352	1523056639	3105872768	3105872895	88	13	25	1
1511	3190292480	3190816767	3263679616	3263679743	88	13	25	1
1512	1523384320	1523400703	285986816	285990911	88	18	20	1
1513	2532507648	2532524031	2557784064	2557788159	88	18	20	1
1514	1523384320	1523400703	2684354560	2952790015	6	18	4	5
1515	1523407872	1523408127	285999104	286261247	88	24	14	1
1516	1523407872	1523408127	285999104	286261247	17	24	14	1
1517	1523056640	1523318783	1435643648	1435643903	88	14	24	1
1518	1523408328	1523408328	1436024832	1436549119	0	32	13	1
1519	3190079527	3190079527	1436024832	1436549119	0	32	13	1
1520	1523406848	1523407871	1435697152	1435762687	88	22	16	1
1521	3190080512	3190081535	3263561728	3263627263	17	22	16	1
1522	3190080512	3190081535	3263561728	3263627263	88	22	16	1
1523	1523408320	1523408327	3120562176	3154116607	6	29	7	4
1524	1523408352	1523408383	3105873920	3105882111	0	27	19	1
1525	420039616	420039647	285990912	285999103	0	27	19	1
1526	420039616	420039647	4152778752	4152786943	0	27	19	1
1527	1523408352	1523408383	1962934272	1971322879	6	27	9	6
1528	1523408128	1523408255	1435639808	1435641855	0	25	21	1
1529	268435456	402653183	4152771327	4152771327	0	5	32	1
1530	420052992	420085759	1974673408	1974677503	1	17	20	2
1531	858292224	858324991	4152774656	4152778751	1	17	20	2
1532	2533359616	2550136831	2557780532	2557780535	88	8	30	1
1533	420039648	420039655	4143972352	4152360959	6	29	9	1
1534	420039648	420039655	4143972352	4152360959	88	29	9	1
1535	420039648	420039655	4143972352	4152360959	17	29	9	1
1536	2532524616	2532524623	3112173568	3120562175	17	29	9	1
1537	2532524616	2532524623	3112173568	3120562175	88	29	9	1
1538	420039648	420039655	4152786944	4152819711	0	29	17	1
1539	3190079528	3190079535	3263627264	3263660031	0	29	17	1
1540	3190079528	3190079535	2557739008	2557771775	0	29	17	1
1541	420039663	420039663	4152360960	4152623103	0	32	14	1
1542	3706603092	3706603092	2557476864	2557739007	0	32	14	1
1543	420039680	420040703	285736960	285868031	6	22	15	3
1544	420039424	420039551	1973420032	1974468607	6	25	12	3
1545	4201348096	4201348223	286261248	287309823	1	25	12	1
1546	4201348096	4201348223	286261248	287309823	6	25	12	3
1547	419430400	419954687	1974679732	1974679732	0	13	32	1
1548	420216832	420478975	1058304000	1058304511	1	14	23	3
1549	3189768192	3190030335	3263680000	3263680511	1	14	23	1
1550	858292224	858324991	1974679736	1974679743	0	17	29	1
1551	857735168	858259455	1974679808	1974680063	1	13	24	1
1552	858267437	858267437	1879048192	1946157055	6	32	6	1
1553	858267437	858267437	1879048192	1946157055	17	32	6	1
1554	858275840	858292223	285990912	285999103	6	18	19	3
1555	855638016	857735167	4152771264	4152771295	88	11	27	1
1556	2529165312	2531262463	3263679552	3263679583	88	11	27	1
1557	858266624	858267135	285736960	285868031	88	23	15	1
1558	2532524032	2532524543	2557870080	2558001151	88	23	15	1
1559	859832320	864026623	285982944	285982959	88	10	28	1
1560	858267456	858267519	1056964608	1058013183	88	26	12	1
1561	3706603008	3706603071	1056964608	1058013183	88	26	12	1
1562	2532526080	2532528127	3105751040	3105816575	6	21	16	3
1563	3190095872	3190161407	3263676416	3263678463	1	16	21	1
1564	2531262464	2532311039	1435643392	1435643519	1	12	25	2
1565	2532507648	2532524031	1435643616	1435643631	0	18	28	1
1566	3190080000	3190080511	3263168512	3263430655	6	23	14	4
1567	4201348282	4201348282	402653184	536870911	0	32	5	2
1568	3758096384	4294967295	3263684608	3263692799	6	3	19	4
1569	4160749568	4194303999	4152623104	4152754175	6	7	15	5
1570	4160749568	4194303999	4152623104	4152754175	17	7	15	3
1571	3724541952	3758096383	3263430656	3263561727	17	7	15	2
1572	4201348352	4201348607	1058537472	1059061759	1	24	13	2
1573	3706603264	3706603519	4152885248	4153409535	6	24	13	4
1574	3706603264	3706603519	4152885248	4153409535	1	24	13	2
1575	4201348352	4201348607	1058537472	1059061759	17	24	13	2
1576	4202692608	4211081215	3263679584	3263679599	1	9	28	1
1577	4201348282	4201348282	402653184	536870911	88	32	5	1
1578	3489660928	3623878655	1058340864	1058406399	6	5	16	8
1579	3706603072	3706603087	4127195136	4143972351	6	28	8	5
1580	3706609664	3706617855	1058291712	1058299903	17	19	19	1
1581	3706609664	3706617855	1058291712	1058299903	88	19	19	1
1582	3706603008	3706603071	4156555264	4160749567	6	26	10	5
1583	1677721600	1679818751	1435643520	1435643583	88	11	26	1
1584	1711276032	1744830463	285982968	285982975	1	7	29	2
1585	1681833984	1681838079	3105816576	3105849343	88	20	17	1
1586	1681833984	1681838079	3105816576	3105849343	17	20	17	1
1587	4201340928	4201345023	3263627264	3263660031	17	20	17	1
1588	1681391616	1681653759	1879048192	1946157055	6	14	6	5
1589	1681915904	1686110207	3105872640	3105872671	88	10	27	1
1590	1518338048	1522532351	3105872640	3105872671	88	10	27	1
1591	1681840928	1681840959	1974681600	1974697983	0	27	18	1
1592	858267392	858267423	285966336	285982719	0	27	18	1
1593	2532524640	2532524671	3263660032	3263676415	0	27	18	1
1594	3190079488	3190079519	3263660032	3263676415	0	27	18	1
1595	3190079488	3190079519	1435648000	1435664383	0	27	18	1
1596	1681784832	1681817599	285982944	285982959	0	17	28	1
1597	2532540416	2532573183	1435643616	1435643631	0	17	28	1
1598	4201349120	4201381887	1058304960	1058304975	0	17	28	1
1599	4201349120	4201381887	2557780512	2557780527	0	17	28	1
1600	1681653760	1681784831	1974680576	1974681599	17	15	22	1
1601	1681653760	1681784831	1974680576	1974681599	88	15	22	1
1602	3706454016	3706585087	4152771584	4152772607	88	15	22	1
1603	1681840640	1681840895	3105882112	3107979263	6	24	11	5
1604	1681841152	1681842175	285983232	285983743	0	22	23	1
1605	1681840896	1681840911	293601280	301989887	17	28	9	1
1606	420039664	420039679	4143972352	4152360959	88	28	9	1
1607	420039664	420039679	4143972352	4152360959	17	28	9	1
1608	1523056640	1523318783	3105872688	3105872689	0	14	31	1
1609	3189768192	3190030335	2557780530	2557780531	0	14	31	1
1610	1524629504	1526726655	1435643392	1435643519	1	11	25	2
1611	420039648	420039655	1979711488	2013265919	6	29	7	4
1612	1523408320	1523408327	3120562176	3154116607	1	29	7	1
1613	420039648	420039655	1979711488	2013265919	1	29	7	1
1614	1523408352	1523408383	1962934272	1971322879	1	27	9	2
1615	3190079488	3190079519	3112173568	3120562175	6	27	9	3
1616	4201348224	4201348255	293601280	301989887	6	27	9	4
1617	1523408352	1523408383	1962934272	1971322879	17	27	9	2
1618	3706603104	3706603135	3254779904	3263168511	17	27	9	2
1619	1523408256	1523408319	1435631616	1435639807	0	26	19	1
1620	3190079552	3190079615	3263684608	3263692799	0	26	19	1
1621	420052992	420085759	1974673408	1974677503	88	17	20	1
1622	420052992	420085759	1974673408	1974677503	17	17	20	1
1623	858292224	858324991	4152774656	4152778751	88	17	20	1
1624	858292224	858324991	4152774656	4152778751	17	17	20	1
1625	420036608	420038655	1974730752	1974992895	6	21	14	5
1626	420039680	420040703	285736960	285868031	17	22	15	1
1627	420039680	420040703	285736960	285868031	88	22	15	1
1628	420085760	420216831	1974677504	1974679551	6	15	21	2
1629	420478976	421527551	285982976	285983231	1	12	24	2
1630	3190816768	3191865343	2557780736	2557780991	1	12	24	1
1631	420044800	420052991	1974679744	1974679807	0	19	26	1
1632	4201348096	4201348223	286261248	287309823	17	25	12	1
1633	420216832	420478975	1058304000	1058304511	88	14	23	1
1634	3189768192	3190030335	3263680000	3263680511	88	14	23	1
1635	4201381888	4201644031	1058304000	1058304511	88	14	23	1
1636	420038656	420039167	1058537472	1059061759	1	23	13	2
1637	3190080000	3190080511	1436024832	1436549119	1	23	13	1
1638	3190080000	3190080511	1436024832	1436549119	6	23	13	2
1639	858324992	858390527	1974679736	1974679743	0	16	29	1
1640	857735168	858259455	1974679808	1974680063	88	13	24	1
1641	3705667584	3706191871	1058304512	1058304767	88	13	24	1
1642	858275840	858292223	285990912	285999103	88	18	19	1
1643	858275840	858292223	285990912	285999103	17	18	19	1
1644	858267520	858267647	287309824	289406975	6	25	11	4
1645	858267520	858267647	287309824	289406975	1	25	11	3
1646	2532524672	2532524799	3265265664	3267362815	1	25	11	2
1647	858267520	858267647	287309824	289406975	17	25	11	2
1648	2532524672	2532524799	3265265664	3267362815	17	25	11	2
1649	2532526080	2532528127	3105751040	3105816575	88	21	16	1
1650	2532526080	2532528127	1435643648	1435643903	0	21	24	1
1651	2483027968	2516582399	3263168512	3263430655	17	7	14	2
1652	2483027968	2516582399	3263168512	3263430655	6	7	14	3
1653	2532442112	2532507647	3263676416	3263678463	88	16	21	1
1654	3190095872	3190161407	3263676416	3263678463	88	16	21	1
1655	2532524610	2532524610	2556428288	2557476863	0	32	12	1
1656	2531262464	2532311039	1435643392	1435643519	88	12	25	1
1657	2532524612	2532524615	1435500544	1435631615	0	30	15	1
1658	3190079520	3190079523	3263430656	3263561727	0	30	15	1
1659	2532835328	2533359615	2557779968	2557780479	1	13	23	3
1660	2532507648	2532524031	2557780480	2557780511	0	18	27	1
1661	3087007744	3154116607	2557476864	2557739007	6	6	14	10
1662	4227858432	4294967295	4152360960	4152623103	6	6	14	7
1663	3623878656	3690987519	1058013184	1058275327	6	6	14	7
1664	3190079536	3190079551	1435664384	1435697151	0	28	17	1
1665	3196059648	3204448255	2557780480	2557780511	1	9	27	2
1666	3191865344	3196059647	3263679488	3263679551	1	10	26	1
1667	3699376128	3703570431	2557780544	2557780607	1	10	26	2
1668	3190079526	3190079526	3263692800	3264217087	0	32	13	1
1669	3190080000	3190080511	3263168512	3263430655	88	23	14	1
1670	3190080000	3190080511	3263168512	3263430655	17	23	14	1
1671	4201348280	4201348281	402653184	536870911	1	31	5	1
1672	4201644032	4202692607	3263679605	3263679605	0	12	32	1
1673	4201348352	4201348607	1058537472	1059061759	88	24	13	1
1674	3706603264	3706603519	4152885248	4153409535	17	24	13	1
1675	3706603264	3706603519	4152885248	4153409535	88	24	13	1
1676	4202692608	4211081215	3263679584	3263679599	88	9	28	1
1677	4201348096	4201348223	289406976	293601279	6	25	10	5
1678	3706603136	3706603263	1061158912	1065353215	6	25	10	6
1679	4201332736	4201340927	3263627264	3263660031	1	19	17	1
1680	4201332736	4201340927	3263627264	3263660031	6	19	17	3
1681	3221225472	4294967295	2557771776	2557779967	17	2	19	2
1682	3221225472	4294967295	2557771776	2557779967	6	2	19	3
1683	0	4294967295	1058306048	1058308095	17	0	21	2
1684	0	4294967295	1058306048	1058308095	6	0	21	4
1685	3489660928	3623878655	1058340864	1058406399	17	5	16	1
1686	3706603072	3706603087	4127195136	4143972351	17	28	8	2
1687	3706603072	3706603087	4127195136	4143972351	1	28	8	1
1688	3706650624	3706716159	3758096384	4026531839	6	16	4	4
1689	3706603008	3706603071	1059061760	1061158911	6	26	11	1
1690	3706603008	3706603071	4156555264	4160749567	17	26	10	2
1691	3706603008	3706603071	4156555264	4160749567	1	26	10	3
1692	1681840925	1681840925	2684354560	3221225471	0	32	3	1
1693	1677721600	1679818751	1435643638	1435643638	0	11	32	1
1694	855638016	857735167	285982960	285982960	0	11	32	1
1695	1681840920	1681840923	3105357824	3105619967	0	30	14	1
1696	1681842176	1681850367	2147483648	4294967295	17	19	1	3
1697	1681842176	1681850367	2147483648	4294967295	6	19	1	6
1698	2532532224	2532540415	2147483648	4294967295	17	19	1	3
1699	2532532224	2532540415	2147483648	4294967295	6	19	1	7
1700	1680867328	1681391615	1435643636	1435643637	0	13	31	1
1701	419430400	419954687	4152771324	4152771325	0	13	31	1
1702	1681840128	1681840639	3103784960	3104833535	6	23	12	4
1703	1681840128	1681840639	1434451968	1435500543	17	23	12	2
1704	2532524032	2532524543	3264217088	3265265663	6	23	12	4
1705	2532524032	2532524543	3264217088	3265265663	17	23	12	2
1706	1681840128	1681840639	1434451968	1435500543	1	23	12	2
1707	2532524032	2532524543	3264217088	3265265663	1	23	12	1
1708	1681840640	1681840895	3105882112	3107979263	1	24	11	2
1709	420039168	420039423	4154458112	4156555263	1	24	11	2
1710	420039168	420039423	4154458112	4156555263	6	24	11	4
1711	1681840640	1681840895	3105882112	3107979263	17	24	11	2
1712	420039168	420039423	1971322880	1973420031	6	24	11	2
1713	1681840960	1681841023	3105849344	3105865727	0	26	18	1
1714	1523384320	1523400703	1435643520	1435643583	0	18	26	1
1715	1524629504	1526726655	1435643392	1435643519	88	11	25	1
1716	1523406848	1523407871	3104833536	3105357823	1	22	13	3
1717	1523408320	1523408327	3120562176	3154116607	17	29	7	1
1718	420039648	420039655	1979711488	2013265919	88	29	7	1
1719	1523408352	1523408383	1962934272	1971322879	88	27	9	1
1720	4201348224	4201348255	293601280	301989887	17	27	9	1
1721	4201348224	4201348255	293601280	301989887	88	27	9	1
1722	3706603104	3706603135	3254779904	3263168511	88	27	9	1
1723	1523580928	1524629503	3105871872	3105872383	1	12	23	3
1724	858783744	859832319	1058304000	1058304511	1	12	23	2
1725	1523449856	1523580927	1435643640	1435643647	0	15	29	1
1726	1523318784	1523384319	3105872672	3105872687	0	16	28	1
1727	419954688	420020223	1974679712	1974679727	0	16	28	1
1728	268435456	402653183	1974468608	1974599679	6	5	15	7
1729	420052992	420085759	285982912	285982943	0	17	27	1
1730	0	268435455	4152819712	4152885247	6	4	16	7
1731	3758096384	4026531839	4152819712	4152885247	17	4	16	1
1732	420036608	420038655	285999104	286261247	6	21	14	4
1733	420036608	420038655	285999104	286261247	1	21	14	1
1734	420036608	420038655	1974730752	1974992895	1	21	14	3
1735	3706603520	3706605567	3263168512	3263430655	6	21	14	2
1736	420036608	420038655	1974730752	1974992895	17	21	14	2
1737	2532311040	2532442111	2557782016	2557784063	88	15	21	1
1738	420478976	421527551	285982976	285983231	88	12	24	1
1739	858783744	859832319	1974679808	1974680063	88	12	24	1
1740	419954688	420020223	1974673408	1974677503	88	16	20	1
1741	3706650624	3706716159	1058299904	1058303999	88	16	20	1
1742	420216832	420478975	1974679728	1974679731	0	14	30	1
1743	2532573184	2532835327	2557780532	2557780535	0	14	30	1
1744	2532573184	2532835327	1435643632	1435643635	0	14	30	1
1745	3706191872	3706454015	1058304988	1058304991	0	14	30	1
1746	420038656	420039167	1058537472	1059061759	6	23	13	1
1747	420038656	420039167	1058537472	1059061759	17	23	13	1
1748	3190080000	3190080511	1436024832	1436549119	17	23	13	1
1749	3190080000	3190080511	1436024832	1436549119	88	23	13	1
1750	858390528	858521599	402653184	536870911	6	15	5	3
1751	858275840	858292223	3221225472	4294967295	6	18	2	10
1752	858275840	858292223	3221225472	4294967295	17	18	2	3
1753	3706585088	3706601471	3221225472	4294967295	6	18	2	8
1754	3706585088	3706601471	3221225472	4294967295	17	18	2	5
1755	858267520	858267647	1058291712	1058299903	0	25	19	1
1756	3190079616	3190079743	3105873920	3105882111	0	25	19	1
1757	4201348096	4201348223	285990912	285999103	0	25	19	1
1758	3706603136	3706603263	1058291712	1058299903	0	25	19	1
1759	858267520	858267647	287309824	289406975	88	25	11	1
1760	2532524672	2532524799	3265265664	3267362815	88	25	11	1
1761	2532442112	2532507647	3263684608	3263692799	1	16	19	1
1762	3706603264	3706603519	3267362816	3271557119	6	24	10	6
1763	2533359616	2550136831	1973420032	1974468607	6	8	12	3
1764	2533359616	2550136831	1973420032	1974468607	17	8	12	3
1765	2532524640	2532524671	1435664384	1435697151	0	27	17	1
1766	2532524624	2532524639	2583691264	2617245695	17	28	7	1
1767	3706603072	3706603087	2583691264	2617245695	6	28	7	3
1768	2532524624	2532524639	2583691264	2617245695	1	28	7	2
1769	2532835328	2533359615	2557779968	2557780479	88	13	23	1
1770	3190292480	3190816767	2557779968	2557780479	88	13	23	1
1771	3087007744	3154116607	2557476864	2557739007	17	6	14	3
1772	3623878656	3690987519	1058013184	1058275327	17	6	14	3
1773	3204448256	3221225471	2557780480	2557780511	1	8	27	3
1774	3190079536	3190079551	2557804544	2557870079	0	28	16	1
1775	4201348256	4201348271	285868032	285933567	0	28	16	1
1776	3196059648	3204448255	2557780480	2557780511	88	9	27	1
1777	3699376128	3703570431	2557780544	2557780607	88	10	26	1
1778	3190080000	3190080511	1436549120	1438646271	6	23	11	5
1779	3706602496	3706603007	2554331136	2556428287	6	23	11	5
1780	3190079744	3190079999	2557784064	2557788159	0	24	20	1
1781	4201348352	4201348607	4152774656	4152778751	0	24	20	1
1782	4201348280	4201348281	402653184	536870911	88	31	5	1
1783	4201644032	4202692607	4152771326	4152771326	0	12	32	1
1784	4201348288	4201348351	3254779904	3263168511	6	26	9	3
1785	4201381888	4201644031	4152771584	4152772607	17	14	22	1
1786	4201348096	4201348223	289406976	293601279	1	25	10	1
1787	3706603136	3706603263	1061158912	1065353215	1	25	10	2
1788	4201348096	4201348223	289406976	293601279	17	25	10	1
1789	3706603136	3706603263	1061158912	1065353215	17	25	10	2
1790	4201316352	4201332735	3263627264	3263660031	6	18	17	3
1791	4201332736	4201340927	3263627264	3263660031	17	19	17	1
1792	4201345024	4201347071	285212672	285736959	6	21	13	5
1793	3706191872	3706454015	4152772608	4152774655	1	14	21	1
1794	3724541952	3758096383	3263692800	3264217087	6	7	13	4
1795	3705667584	3706191871	1058305024	1058306047	1	13	22	1
1796	3703570432	3705667583	4152771328	4152771583	1	11	24	2
1797	3706603072	3706603087	4127195136	4143972351	88	28	8	1
1798	3706609664	3706617855	2557804544	2557870079	6	19	16	2
1799	3706454016	3706585087	3263680512	3263684607	1	15	20	1
1800	3706605568	3706609663	1058304512	1058304767	0	20	24	1
1801	3706603008	3706603071	4156555264	4160749567	88	26	10	1
1802	1879048192	2147483647	1435643632	1435643635	1	4	30	2
1803	1681840128	1681840639	3103784960	3104833535	17	23	12	1
1804	1681840128	1681840639	1434451968	1435500543	88	23	12	1
1805	2532524032	2532524543	3264217088	3265265663	88	23	12	1
1806	1681915904	1686110207	285982976	285983231	1	10	24	2
1807	1679818752	1680867327	3105872896	3105873919	1	12	22	2
1808	1681840912	1681840919	3105357824	3105619967	0	29	14	1
1809	420039648	420039655	4152360960	4152623103	0	29	14	1
1810	858267424	858267431	1974730752	1974992895	0	29	14	1
1811	1681840640	1681840895	3105882112	3107979263	88	24	11	1
1812	420039168	420039423	4154458112	4156555263	88	24	11	1
1813	420039168	420039423	4154458112	4156555263	17	24	11	1
1814	427819008	436207615	1974679552	1974679679	1	9	25	2
1815	1476395008	1509949439	285982912	285982943	1	7	27	1
1816	1523406848	1523407871	3104833536	3105357823	88	22	13	1
1817	1523406848	1523407871	3104833536	3105357823	17	22	13	1
1818	1523580928	1524629503	3105871872	3105872383	88	12	23	1
1819	858783744	859832319	1058304000	1058304511	88	12	23	1
1820	1523408336	1523408351	335544320	402653183	6	28	6	3
1821	1523408336	1523408351	335544320	402653183	17	28	6	2
1822	1523408256	1523408319	268435456	285212671	17	26	8	2
1823	268435456	402653183	1058537472	1059061759	6	5	13	11
1824	420036608	420038655	285999104	286261247	17	21	14	1
1825	420036608	420038655	285999104	286261247	88	21	14	1
1826	420036608	420038655	1974730752	1974992895	88	21	14	1
1827	858263552	858265599	1974730752	1974992895	6	21	14	1
1828	3706603520	3706605567	3263168512	3263430655	17	21	14	1
1829	420039680	420040703	4154458112	4156555263	6	22	11	5
1830	420020224	420036607	0	4294967295	6	18	0	14
1831	420044800	420052991	4152623104	4152754175	6	19	15	2
1832	420044800	420052991	4152623104	4152754175	1	19	15	2
1833	4201332736	4201340927	2557870080	2558001151	1	19	15	2
1834	4201332736	4201340927	2557870080	2558001151	6	19	15	3
1835	436207616	469762047	1973420032	1974468607	6	7	12	3
1836	436207616	469762047	1973420032	1974468607	17	7	12	2
1837	436207616	469762047	1056964608	1058013183	6	7	12	6
1838	436207616	469762047	1056964608	1058013183	17	7	12	1
1839	423624704	427819007	1974679552	1974679679	88	10	25	1
1840	858292224	858324991	1974697984	1974730751	6	17	17	2
1841	858324992	858390527	285982912	285982943	0	16	27	1
1842	0	1073741823	1974697984	1974730751	6	2	17	12
1843	0	1073741823	1974697984	1974730751	17	2	17	3
1844	0	1073741823	4152819712	4152885247	6	2	16	19
1845	858267440	858267455	285736960	285868031	0	28	15	1
1846	858267456	858267519	1974697984	1974730751	0	26	17	1
1847	2532524610	2532524610	3267362816	3271557119	0	32	10	1
1848	4201348282	4201348282	1438646272	1442840575	0	32	10	1
1849	2532524800	2532525055	1438646272	1442840575	1	24	10	1
1850	3706603264	3706603519	3267362816	3271557119	1	24	10	1
1851	3190079744	3190079999	1438646272	1442840575	17	24	10	2
1852	3706603264	3706603519	3267362816	3271557119	17	24	10	2
1853	2532524612	2532524615	2558001152	2558525439	0	30	13	1
1854	2532524611	2532524611	1436549120	1438646271	0	32	11	1
1855	2532524624	2532524639	2583691264	2617245695	88	28	7	1
1856	3204448256	3221225471	2557780480	2557780511	88	8	27	1
1857	3187671040	3189768191	3263680000	3263680511	1	11	23	2
1858	2952790016	3087007743	2557780536	2557780543	1	5	29	2
1859	3190080512	3190081535	3264217088	3265265663	1	22	12	1
1860	3196059648	3204448255	3112173568	3120562175	6	9	9	3
1861	2684354560	2952790015	1435762688	1436024831	6	4	14	19
1862	3190081536	3190083583	3263692800	3264217087	6	21	13	4
1863	3190081536	3190083583	3263692800	3264217087	1	21	13	1
1864	4201345024	4201347071	285212672	285736959	1	21	13	2
1865	3706602496	3706603007	2554331136	2556428287	17	23	11	2
1866	3190080000	3190080511	1436549120	1438646271	1	23	11	1
1867	3706602496	3706603007	2554331136	2556428287	1	23	11	3
1868	3758096384	4294967295	3263430656	3263561727	6	3	15	9
1869	4201381888	4201644031	3263679608	3263679615	0	14	29	1
1870	4201119744	4201250815	2147483648	2415919103	6	15	4	5
1871	4201119744	4201250815	2147483648	2415919103	17	15	4	2
1872	4201348272	4201348279	402653184	536870911	1	29	5	2
1873	4201348096	4201348223	289406976	293601279	88	25	10	1
1874	3706603136	3706603263	1061158912	1065353215	88	25	10	1
1875	4201316352	4201332735	3263627264	3263660031	88	18	17	1
1876	4201316352	4201332735	3263627264	3263660031	17	18	17	1
1877	3707764736	3724541951	4152771200	4152771263	1	8	26	1
1878	3706609664	3706617855	2557804544	2557870079	17	19	16	1
1879	3706603264	3706603519	2558525440	2566914047	6	24	9	4
1880	3706603136	3706603263	4143972352	4152360959	17	25	9	2
1881	1879048192	2147483647	1435643632	1435643635	88	4	30	1
1882	1680867328	1681391615	1435643640	1435643647	0	13	29	1
1883	1681915904	1686110207	285982976	285983231	88	10	24	1
1884	1681840928	1681840959	3154116608	3221225471	1	27	6	2
1885	420039616	420039647	939524096	1006632959	1	27	6	1
1886	3190079488	3190079519	1342177280	1409286143	1	27	6	2
1887	3190079488	3190079519	1342177280	1409286143	6	27	6	4
1888	4201348224	4201348255	335544320	402653183	1	27	6	1
1889	1681840928	1681840959	3154116608	3221225471	17	27	6	2
1890	3190079488	3190079519	1342177280	1409286143	17	27	6	2
1891	1681838080	1681840127	3103784960	3104833535	6	21	12	4
1892	1681838080	1681840127	3103784960	3104833535	17	21	12	2
1893	858263552	858265599	4153409536	4154458111	17	21	12	2
1894	3706603520	3706605567	2556428288	2557476863	6	21	12	4
1895	3706603520	3706605567	2556428288	2557476863	17	21	12	2
1896	858263552	858265599	4153409536	4154458111	1	21	12	2
1897	3706603520	3706605567	2556428288	2557476863	1	21	12	2
1898	1679818752	1680867327	1435643632	1435643635	0	12	30	1
1899	4201644032	4202692607	4152771320	4152771323	0	12	30	1
1900	1679818752	1680867327	3105872896	3105873919	88	12	22	1
1901	1509949440	1518338047	3105872768	3105872895	88	9	25	1
1902	427819008	436207615	1974679552	1974679679	88	9	25	1
1903	4202692608	4211081215	3263679616	3263679743	88	9	25	1
1904	1476395008	1509949439	285982848	285982911	1	7	26	1
1905	1476395008	1509949439	285982912	285982943	88	7	27	1
1906	436207616	469762047	4152771264	4152771295	88	7	27	1
1907	1523408336	1523408351	335544320	402653183	88	28	6	1
1908	1523408256	1523408319	268435456	285212671	88	26	8	1
1909	3706603008	3706603071	2566914048	2583691263	17	26	8	1
1910	268435456	402653183	1058537472	1059061759	17	5	13	4
1911	4026531840	4160749567	3263692800	3264217087	6	5	13	7
1912	4026531840	4160749567	3263692800	3264217087	17	5	13	1
1913	420020224	420036607	0	4294967295	17	18	0	6
1914	421527552	423624703	285983744	285984767	1	11	22	2
1915	419954688	420020223	285982848	285982911	0	16	26	1
1916	420039664	420039679	1974730752	1974992895	0	28	14	1
1917	420040704	420044799	1058537472	1059061759	6	20	13	4
1918	420040704	420044799	1058537472	1059061759	1	20	13	1
1919	420040704	420044799	1058537472	1059061759	17	20	13	2
1920	420044800	420052991	4152623104	4152754175	88	19	15	1
1921	420044800	420052991	4152623104	4152754175	17	19	15	1
1922	4201332736	4201340927	2557870080	2558001151	17	19	15	1
1923	420039168	420039423	1974681600	1974697983	0	24	18	1
1924	2532524800	2532525055	1435648000	1435664383	0	24	18	1
1925	3190079744	3190079999	3105849344	3105865727	0	24	18	1
1926	4201348352	4201348607	2557788160	2557804543	0	24	18	1
1927	420039424	420039551	1974697984	1974730751	0	25	17	1
1928	4201348096	4201348223	285933568	285966335	0	25	17	1
1929	469762048	536870911	1058304992	1058305023	1	6	27	1
1930	4227858432	4294967295	4152771264	4152771295	1	6	27	2
1931	419430400	419954687	4152774656	4152778751	1	13	20	1
1932	436207616	469762047	1971322880	1973420031	6	7	11	4
1933	436207616	469762047	1971322880	1973420031	17	7	11	2
1934	858292224	858324991	1974697984	1974730751	88	17	17	1
1935	857735168	858259455	1974677504	1974679551	88	13	21	1
1936	0	1073741823	4152819712	4152885247	17	2	16	6
1937	858521600	858783743	285990912	285999103	1	14	19	1
1938	858521600	858783743	1974679712	1974679727	0	14	28	1
1939	2516582400	2524971007	1435643648	1435643903	1	9	24	2
1940	2531262464	2532311039	2557782016	2557784063	1	12	21	1
1941	2532524800	2532525055	1438646272	1442840575	88	24	10	1
1942	3190079744	3190079999	1438646272	1442840575	88	24	10	1
1943	3706603264	3706603519	3267362816	3271557119	88	24	10	1
1944	2532524544	2532524607	1435697152	1435762687	0	26	16	1
1945	2532524624	2532524639	2415919104	2550136831	6	28	5	3
1946	3706603072	3706603087	4160749568	4294967295	17	28	5	2
1947	4201348256	4201348271	402653184	536870911	6	28	5	2
1948	3706603072	3706603087	4160749568	4294967295	1	28	5	1
1949	3190080512	3190081535	2557784064	2557788159	0	22	20	1
1950	3190080512	3190081535	3264217088	3265265663	6	22	12	1
1951	2684354560	2952790015	1435762688	1436024831	17	4	14	9
1952	3758096384	4026531839	2557476864	2557739007	6	4	14	2
1953	3190081536	3190083583	3263692800	3264217087	17	21	13	1
1954	3190081536	3190083583	3263692800	3264217087	88	21	13	1
1955	4201345024	4201347071	285212672	285736959	17	21	13	1
1956	4201345024	4201347071	285212672	285736959	88	21	13	1
1957	3190079488	3190079519	2557870080	2558001151	0	27	15	1
1958	3190080000	3190080511	1436549120	1438646271	88	23	11	1
1959	3706602496	3706603007	2554331136	2556428287	88	23	11	1
1960	3190079744	3190079999	1426063360	1434451967	1	24	9	2
1961	3190079744	3190079999	1426063360	1434451967	6	24	9	3
1962	3706603264	3706603519	2558525440	2566914047	17	24	9	1
1963	4201348283	4201348283	1438646272	1442840575	0	32	10	1
1964	4201349120	4201381887	2147483648	4294967295	17	17	1	3
1965	4201349120	4201381887	2147483648	4294967295	6	17	1	7
1966	4201349120	4201381887	1058304768	1058304895	0	17	25	1
1967	3758096384	4294967295	3263430656	3263561727	17	3	15	6
1968	4201348272	4201348279	1436024832	1436549119	0	29	13	1
1969	4201348272	4201348279	402653184	536870911	17	29	5	1
1970	4201316352	4201332735	2557870080	2558001151	6	18	15	3
1971	2147483648	4294967295	1974599680	1974665215	6	1	16	8
1972	2147483648	4294967295	1058308096	1058340863	6	1	17	6
1973	3221225472	3758096383	1058013184	1058275327	6	3	14	17
1974	3706454016	3706585087	3263679552	3263679583	0	15	27	1
1975	3706603136	3706603263	4143972352	4152360959	88	25	9	1
1976	1681391616	1681653759	3105872640	3105872671	0	14	27	1
1977	420039616	420039647	939524096	1006632959	17	27	6	1
1978	3190079488	3190079519	1342177280	1409286143	88	27	6	1
1979	4201348224	4201348255	335544320	402653183	17	27	6	1
1980	4201348224	4201348255	335544320	402653183	88	27	6	1
1981	1681838080	1681840127	3103784960	3104833535	88	21	12	1
1982	858263552	858265599	4153409536	4154458111	88	21	12	1
1983	3706603520	3706605567	2556428288	2557476863	88	21	12	1
1984	1679818752	1680867327	3105872696	3105872703	0	12	29	1
1985	1610612736	1677721599	1435643520	1435643583	1	6	26	1
1986	1522532352	1523056639	3105873920	3105882111	1	13	19	1
1987	1523408320	1523408327	1434451968	1435500543	0	29	12	1
1988	420039552	420039615	4152623104	4152754175	0	26	15	1
1989	2532524544	2532524607	1435500544	1435631615	0	26	15	1
1990	4201348288	4201348351	1058406400	1058537471	0	26	15	1
1991	402653184	419430399	4152771328	4152771583	1	8	24	1
1992	420039680	420040703	4154458112	4156555263	17	22	11	1
1993	421527552	423624703	285983744	285984767	88	11	22	1
1994	420040704	420044799	1973420032	1974468607	6	20	12	4
1995	858259456	858263551	1973420032	1974468607	17	20	12	1
1996	420040704	420044799	1973420032	1974468607	1	20	12	1
1997	858259456	858263551	1973420032	1974468607	1	20	12	1
1998	858259456	858263551	1973420032	1974468607	6	20	12	2
1999	469762048	536870911	1058304992	1058305023	88	6	27	1
2000	4227858432	4294967295	4152771264	4152771295	88	6	27	1
2001	419430400	419954687	4152774656	4152778751	88	13	20	1
2002	858292224	858324991	1974679808	1974680063	0	17	24	1
2003	3190030336	3190063103	2557780736	2557780991	0	17	24	1
2004	858390528	858521599	1058304896	1058304959	0	15	26	1
2005	3190161408	3190292479	2557780544	2557780607	0	15	26	1
2006	857735168	858259455	1974679712	1974679727	0	13	28	1
2007	536870912	1073741823	285982964	285982967	88	3	30	1
2008	858265600	858266623	1975517184	1979711487	17	22	10	1
2009	3690987520	3699376127	1058304000	1058304511	1	9	23	1
2010	858267136	858267391	1974697984	1974730751	0	24	17	1
2011	2532524800	2532525055	3105816576	3105849343	0	24	17	1
2012	858521600	858783743	285990912	285999103	88	14	19	1
2013	858267456	858267519	4026531840	4093640703	17	26	6	2
2014	858267456	858267519	4026531840	4093640703	1	26	6	2
2015	2532524616	2532524623	2684354560	3221225471	17	29	3	2
2016	2516582400	2524971007	1435643648	1435643903	88	9	24	1
2017	2532524624	2532524639	2415919104	2550136831	17	28	5	1
2018	4201348256	4201348271	402653184	536870911	17	28	5	1
2019	3706603072	3706603087	4160749568	4294967295	88	28	5	1
2020	3187671040	3189768191	2557782016	2557784063	1	11	21	1
2021	4198498304	4200595455	4152772608	4152774655	1	11	21	1
2022	3190095872	3190161407	2557780608	2557780735	0	16	25	1
2023	3706650624	3706716159	2557780608	2557780735	0	16	25	1
2024	3190079536	3190079551	1073741824	1342177279	1	28	4	1
2025	3189768192	3190030335	2684354560	3221225471	6	14	3	5
2026	3189768192	3190030335	2684354560	3221225471	17	14	3	3
2027	3190079524	3190079525	1438646272	1442840575	0	31	10	1
2028	4201348280	4201348281	1438646272	1442840575	0	31	10	1
2029	3190079616	3190079743	2557804544	2557870079	0	25	16	1
2030	3758096384	4294967295	2557476864	2557739007	6	3	14	11
2031	3758096384	4294967295	2557476864	2557739007	17	3	14	4
2032	3221225472	3758096383	1058013184	1058275327	17	3	14	6
2033	4200595456	4201119743	2147483648	2415919103	6	13	4	5
2034	4201347072	4201348095	285990912	285999103	0	22	19	1
2035	4201250816	4201316351	3263627264	3263660031	17	16	17	1
2036	4201348096	4201348223	301989888	335544319	6	25	7	4
2037	4201348096	4201348223	301989888	335544319	1	25	7	1
2038	4201316352	4201332735	285983232	285983743	0	18	23	1
2039	4201316352	4201332735	3263168512	3263430655	6	18	14	2
2040	4201316352	4201332735	2557870080	2558001151	88	18	15	1
2041	4201316352	4201332735	2557870080	2558001151	17	18	15	1
2042	4201316352	4201332735	4152623104	4152754175	6	18	15	1
2043	4201316352	4201332735	4152360960	4152623103	6	18	14	3
2044	4201316352	4201332735	2557476864	2557739007	1	18	14	1
2045	4201316352	4201332735	2557476864	2557739007	6	18	14	2
2046	4026531840	4160749567	3263679552	3263679583	1	5	27	1
2047	3706191872	3706454015	1058275328	1058291711	1	14	18	1
2048	2147483648	4294967295	1974599680	1974665215	17	1	16	3
2049	3706603104	3706603135	3263168512	3263430655	0	27	14	1
2050	3706609664	3706617855	3263678464	3263679487	0	19	22	1
2051	1681841024	1681841151	1435500544	1435631615	0	25	15	1
2052	1523408128	1523408255	3105619968	3105751039	0	25	15	1
2053	1681840640	1681840895	1435697152	1435762687	0	24	16	1
2054	1523407872	1523408127	1974599680	1974665215	0	24	16	1
2055	1681840960	1681841023	285999104	286261247	0	26	14	1
2056	3190079552	3190079615	3105357824	3105619967	0	26	14	1
2057	3190079552	3190079615	1435762688	1436024831	0	26	14	1
2058	1610612736	1677721599	1435643520	1435643583	88	6	26	1
2059	1522532352	1523056639	3105873920	3105882111	88	13	19	1
2060	857735168	858259455	1974665216	1974673407	88	13	19	1
2061	1522532352	1523056639	1974681600	1974697983	1	13	18	1
2062	1518338048	1522532351	3105869824	3105871871	1	10	21	2
2063	4194304000	4198498303	4152772608	4152774655	1	10	21	1
2064	1523384320	1523400703	1974992896	1975517183	6	18	13	3
2065	1523384320	1523400703	1974992896	1975517183	1	18	13	1
2066	420020224	420036607	1974992896	1975517183	1	18	13	1
2067	420020224	420036607	1974992896	1975517183	6	18	13	3
2068	1523056640	1523318783	285982848	285982911	0	14	26	1
2069	4201381888	4201644031	1058304896	1058304959	0	14	26	1
2070	1523404800	1523406847	3107979264	3112173567	17	21	10	2
2071	4201345024	4201347071	289406976	293601279	17	21	10	2
2072	1523404800	1523406847	3107979264	3112173567	1	21	10	3
2073	1543503872	1610612735	285982720	285982847	1	6	25	2
2074	2415919104	2483027967	3263679616	3263679743	1	6	25	2
2075	1523408896	1523417087	285984768	285986815	0	19	21	1
2076	402653184	419430399	1979711488	2013265919	6	8	7	9
2077	4211081216	4227858431	1006632960	1040187391	6	8	7	11
2078	402653184	419430399	4152771328	4152771583	88	8	24	1
2079	421527552	423624703	4152774656	4152778751	1	11	20	1
2080	420085760	420216831	4152771072	4152771199	0	15	25	1
2081	420085760	420216831	0	4294967295	6	15	0	19
2082	420040704	420044799	1973420032	1974468607	88	20	12	1
2083	858259456	858263551	1973420032	1974468607	88	20	12	1
2084	420038656	420039167	1946157056	1962934271	1	23	8	1
2085	420038656	420039167	1946157056	1962934271	17	23	8	2
2086	858324992	858390527	4152771328	4152771583	0	16	24	1
2087	858259456	858263551	1971322880	1973420031	6	20	11	4
2088	2532528128	2532532223	2554331136	2556428287	17	20	11	2
2089	2532528128	2532532223	2554331136	2556428287	6	20	11	4
2090	858259456	858263551	1971322880	1973420031	1	20	11	1
2091	2532528128	2532532223	2554331136	2556428287	1	20	11	1
2092	858265600	858266623	1975517184	1979711487	6	22	10	1
2093	858265600	858266623	4152754176	4152770559	0	22	18	1
2094	3706601472	3706602495	1058275328	1058291711	0	22	18	1
2095	939524096	1073741823	1974679744	1974679807	1	5	26	3
2096	858267456	858267519	4026531840	4093640703	88	26	6	1
2097	2483027968	2516582399	3105872384	3105872639	1	7	24	1
2098	3154116608	3187671039	2557780736	2557780991	1	7	24	2
2099	3724541952	3758096383	3263679744	3263679999	1	7	24	1
2100	2532524616	2532524623	2684354560	3221225471	88	29	3	1
2101	3154116608	3187671039	1409286144	1426063359	6	7	8	11
2102	3190079552	3190079615	2415919104	2550136831	1	26	5	2
2103	3190083584	3190087679	1435643904	1435647999	0	20	20	1
2104	3706605568	3706609663	1058299904	1058303999	0	20	20	1
2105	4201348284	4201348287	1438646272	1442840575	0	30	10	1
2106	4201348224	4201348255	0	268435455	1	27	4	1
2107	3706603104	3706603135	536870912	805306367	1	27	4	1
2108	4201348608	4201349119	1058308096	1058340863	0	23	17	1
2109	4201348608	4201349119	4152786944	4152819711	0	23	17	1
2110	4201316352	4201332735	2557476864	2557739007	17	18	14	1
2111	4201332736	4201340927	286261248	287309823	6	19	12	3
2112	4201332736	4201340927	286261248	287309823	1	19	12	1
2113	4198498304	4200595455	2147483648	2415919103	6	11	4	8
2114	3221225472	4294967295	1058304976	1058304983	1	2	29	3
2115	3706716160	3707764735	3263680512	3263684607	88	12	20	1
2116	3690987520	3699376127	3263678464	3263679487	1	9	22	2
2117	3706191872	3706454015	1058275328	1058291711	88	14	18	1
2118	3706617856	3706650623	3263430656	3263561727	6	17	15	1
2119	3706617856	3706650623	3263430656	3263561727	17	17	15	1
2120	2147483648	4294967295	1058406400	1058537471	17	1	15	3
2121	2147483648	4294967295	1058406400	1058537471	6	1	15	8
2122	3221225472	3489660927	2554331136	2556428287	6	4	11	11
2123	3221225472	3489660927	1058304992	1058305023	88	4	27	1
2124	1681840128	1681840639	3105751040	3105816575	0	23	16	1
2125	858266624	858267135	1058340864	1058406399	0	23	16	1
2126	3190080000	3190080511	1435697152	1435762687	0	23	16	1
2127	3706602496	3706603007	4152819712	4152885247	0	23	16	1
2128	1681850368	1681915903	3105871872	3105872383	0	16	23	1
2129	2532442112	2532507647	1435642880	1435643391	0	16	23	1
2130	1681653760	1681784831	1974679808	1974680063	0	15	24	1
2131	3190161408	3190292479	3263679744	3263679999	0	15	24	1
2132	1681840960	1681841023	1073741824	1342177279	1	26	4	2
2133	1681841152	1681842175	285933568	285966335	0	22	17	1
2134	420039680	420040703	1058308096	1058340863	0	22	17	1
2135	2532525056	2532526079	2557739008	2557771775	0	22	17	1
2136	1681817600	1681833983	3103784960	3104833535	6	18	12	2
2137	1681817600	1681833983	3103784960	3104833535	1	18	12	1
2138	1610612736	1677721599	3105872384	3105872639	1	6	24	1
2139	1686110208	1694498815	1342177280	1409286143	6	9	6	13
2140	1686110208	1694498815	1342177280	1409286143	17	9	6	6
2141	1518338048	1522532351	3105869824	3105871871	88	10	21	1
2142	4194304000	4198498303	4152772608	4152774655	88	10	21	1
2143	1523384320	1523400703	1974992896	1975517183	88	18	13	1
2144	420020224	420036607	1974992896	1975517183	17	18	13	1
2145	1523400704	1523404799	1962934272	1971322879	6	20	9	5
2146	1523056640	1523318783	2147483648	4294967295	6	14	1	8
2147	1523056640	1523318783	2147483648	4294967295	17	14	1	3
2148	2532573184	2532835327	2147483648	4294967295	17	14	1	5
2149	2532573184	2532835327	2147483648	4294967295	6	14	1	9
2150	1523404800	1523406847	3107979264	3112173567	88	21	10	1
2151	4201345024	4201347071	289406976	293601279	88	21	10	1
2152	1543503872	1610612735	285982720	285982847	88	6	25	1
2153	2415919104	2483027967	3263679616	3263679743	88	6	25	1
2154	1526726656	1543503871	3105872896	3105873919	1	8	22	2
2155	1526726656	1543503871	1435641856	1435642879	1	8	22	2
2156	1523408896	1523417087	3105882112	3107979263	1	19	11	3
2157	858267648	858275839	1971322880	1973420031	1	19	11	1
2158	858267648	858275839	1971322880	1973420031	6	19	11	3
2159	2533359616	2550136831	1979711488	2013265919	6	8	7	4
2160	4211081216	4227858431	1006632960	1040187391	17	8	7	3
2161	2529165312	2531262463	1435643904	1435647999	88	11	20	1
2162	420085760	420216831	0	4294967295	17	15	0	6
2163	420039424	420039551	4152360960	4152623103	0	25	14	1
2164	419430400	419954687	4152771200	4152771263	0	13	26	1
2165	3190292480	3190816767	3263679488	3263679551	0	13	26	1
2166	420038656	420039167	1979711488	2013265919	1	23	7	2
2167	420038656	420039167	301989888	335544319	1	23	7	1
2168	420038656	420039167	1946157056	1962934271	88	23	8	1
2169	858259456	858263551	1971322880	1973420031	17	20	11	1
2170	858259456	858263551	1971322880	1973420031	88	20	11	1
2171	2532528128	2532532223	2554331136	2556428287	88	20	11	1
2172	858259456	858263551	1974665216	1974673407	0	20	19	1
2173	858259456	858263551	4152778752	4152786943	0	20	19	1
2174	2532528128	2532532223	1974665216	1974673407	0	20	19	1
2175	2532528128	2532532223	2557771776	2557779967	0	20	19	1
2176	858267136	858267391	1974468608	1974599679	0	24	15	1
2177	4201348352	4201348607	1058406400	1058537471	0	24	15	1
2178	858783744	859832319	1058304992	1058305023	0	12	27	1
2179	939524096	1073741823	1974679744	1974679807	88	5	26	1
2180	4026531840	4160749567	2557780544	2557780607	88	5	26	1
2181	0	2147483647	4152771312	4152771319	1	1	29	2
2182	2532526080	2532528127	1409286144	1426063359	6	21	8	4
2183	3706603520	3706605567	2566914048	2583691263	6	21	8	3
2184	2532526080	2532528127	1435648000	1435664383	0	21	18	1
2185	2532526080	2532528127	2557788160	2557804543	0	21	18	1
2186	3190081536	3190083583	3105849344	3105865727	0	21	18	1
2187	2483027968	2516582399	3221225472	3254779903	6	7	7	9
2188	2483027968	2516582399	1442840576	1476395007	6	7	7	9
2189	4160749568	4194303999	4093640704	4127195135	6	7	7	17
2190	2483027968	2516582399	3105872384	3105872639	88	7	24	1
2191	3154116608	3187671039	2557780736	2557780991	88	7	24	1
2192	2516582400	2524971007	1435641856	1435642879	6	9	22	1
2193	3690987520	3699376127	3263678464	3263679487	88	9	22	1
2194	2524971008	2529165311	2557780536	2557780543	0	10	29	1
2195	2532540416	2532573183	3263678464	3263679487	0	17	22	1
2196	2529165312	2531262463	2684354560	3221225471	6	11	3	8
2197	2684354560	3221225471	3264217088	3265265663	6	3	12	8
2198	2684354560	3221225471	3264217088	3265265663	17	3	12	1
2199	3154116608	3187671039	1409286144	1426063359	17	7	8	4
2200	3190079552	3190079615	2415919104	2550136831	88	26	5	1
2201	3190063104	3190079487	2557782016	2557784063	0	18	21	1
2202	3190816768	3191865343	3105873920	3105882111	88	12	19	1
2203	4200595456	4201119743	3263627264	3263660031	1	13	17	1
2204	4202692608	4211081215	2415919104	2550136831	6	9	5	15
2205	4201348224	4201348255	0	268435455	88	27	4	1
2206	3706603104	3706603135	536870912	805306367	88	27	4	1
2207	4201119744	4201250815	2557870080	2558001151	1	15	15	1
2208	4201348272	4201348279	1438646272	1442840575	0	29	10	1
2209	4201332736	4201340927	286261248	287309823	17	19	12	1
2210	4201332736	4201340927	286261248	287309823	88	19	12	1
2211	3221225472	4294967295	2557780512	2557780527	1	2	28	2
2212	3221225472	4294967295	1058304976	1058304983	88	2	29	1
2213	3699376128	3703570431	536870912	805306367	6	10	4	11
2214	3703570432	3705667583	3263684608	3263692799	1	11	19	1
2215	1694498816	1711276031	3154116608	3221225471	17	8	6	7
2216	1694498816	1711276031	3154116608	3221225471	6	8	6	11
2217	1694498816	1711276031	1879048192	1946157055	6	8	6	12
2218	1694498816	1711276031	1879048192	1946157055	17	8	6	7
2219	1681840920	1681840923	3087007744	3103784959	0	30	8	1
2220	1711276032	1744830463	1442840576	1476395007	17	7	7	4
2221	1711276032	1744830463	1442840576	1476395007	6	7	7	5
2222	2483027968	2516582399	3221225472	3254779903	17	7	7	5
2223	2483027968	2516582399	1442840576	1476395007	17	7	7	2
2224	4160749568	4194303999	4093640704	4127195135	17	7	7	7
2225	805306368	838860799	1058305024	1058306047	1	7	22	1
2226	1681841024	1681841151	1436024832	1436549119	0	25	13	1
2227	420039424	420039551	1974992896	1975517183	0	25	13	1
2228	4201348096	4201348223	285212672	285736959	0	25	13	1
2229	1679818752	1680867327	1974679744	1974679807	0	12	26	1
2230	3190816768	3191865343	3263679488	3263679551	0	12	26	1
2231	3706716160	3707764735	4152771200	4152771263	0	12	26	1
2232	3489660928	3623878655	1058304512	1058304767	1	5	24	1
2233	1681840960	1681841023	1073741824	1342177279	88	26	4	1
2234	420039552	420039615	0	268435455	88	26	4	1
2235	1681841152	1681842175	3120562176	3154116607	1	22	7	1
2236	1681840896	1681840911	1975517184	1979711487	0	28	10	1
2237	1681817600	1681833983	3103784960	3104833535	88	18	12	1
2238	1610612736	1677721599	3105872384	3105872639	88	6	24	1
2239	1686110208	1694498815	1435639808	1435641855	88	9	21	1
2240	1686110208	1694498815	3105872696	3105872703	0	9	29	1
2241	1522532352	1523056639	3105872768	3105872895	0	13	25	1
2242	419430400	419954687	4152771072	4152771199	0	13	25	1
2243	3190292480	3190816767	3263679616	3263679743	0	13	25	1
2244	1342177280	1476395007	3105872768	3105872895	88	5	25	1
2245	1523384320	1523400703	285986816	285990911	0	18	20	1
2246	2532507648	2532524031	2557784064	2557788159	0	18	20	1
2247	1523407872	1523408127	285999104	286261247	0	24	14	1
2248	1523400704	1523404799	1962934272	1971322879	1	20	9	1
2249	4201340928	4201345023	293601280	301989887	6	20	9	3
2250	1523056640	1523318783	1435643648	1435643903	0	14	24	1
2251	3706191872	3706454015	1058304512	1058304767	0	14	24	1
2252	1523406848	1523407871	1435697152	1435762687	0	22	16	1
2253	3190080512	3190081535	3263561728	3263627263	0	22	16	1
2254	1523408896	1523417087	3105882112	3107979263	88	19	11	1
2255	1523408896	1523417087	3105882112	3107979263	17	19	11	1
2256	858267648	858275839	1971322880	1973420031	88	19	11	1
2257	420036608	420038655	4143972352	4152360959	88	21	9	1
2258	420036608	420038655	4143972352	4152360959	17	21	9	1
2259	402653184	419430399	1974677504	1974679551	1	8	21	1
2260	3707764736	3724541951	4152772608	4152774655	1	8	21	1
2261	420039648	420039655	4143972352	4152360959	0	29	9	1
2262	2532524616	2532524623	3112173568	3120562175	0	29	9	1
2263	420038656	420039167	1979711488	2013265919	88	23	7	1
2264	420038656	420039167	301989888	335544319	88	23	7	1
2265	3706602496	3706603007	2583691264	2617245695	88	23	7	1
2266	858267437	858267437	1879048192	1946157055	0	32	6	1
2267	864026624	872415231	3758096384	4026531839	6	9	4	21
2268	855638016	857735167	4152771264	4152771295	0	11	27	1
2269	2529165312	2531262463	3263679552	3263679583	0	11	27	1
2270	536870912	805306367	1065353216	1073741823	6	4	9	13
2271	858266624	858267135	285736960	285868031	0	23	15	1
2272	2532524032	2532524543	2557870080	2558001151	0	23	15	1
2273	859832320	864026623	285982944	285982959	0	10	28	1
2274	2524971008	2529165311	1435643616	1435643631	0	10	28	1
2275	858267456	858267519	1056964608	1058013183	0	26	12	1
2276	3706603008	3706603071	1056964608	1058013183	0	26	12	1
2277	0	2147483647	4152771312	4152771319	88	1	29	1
2278	0	2147483647	4152771296	4152771311	1	1	28	3
2279	2532526080	2532528127	1409286144	1426063359	1	21	8	2
2280	3190081536	3190083583	1409286144	1426063359	6	21	8	4
2281	3190081536	3190083583	1409286144	1426063359	17	21	8	2
2282	3187671040	3189768191	2684354560	3221225471	6	11	3	8
2283	3187671040	3189768191	2684354560	3221225471	17	11	3	2
2284	2533359616	2550136831	2557780532	2557780535	0	8	30	1
2285	3204448256	3221225471	2557780532	2557780535	0	8	30	1
2286	2550136832	2684354559	1409286144	1426063359	6	5	8	11
2287	2532507648	2532524031	3267362816	3271557119	6	18	10	5
2288	3190087680	3190095871	3112173568	3120562175	6	19	9	4
2289	4160749568	4194303999	2617245696	2684354559	6	7	6	5
2290	4200595456	4201119743	3263627264	3263660031	88	13	17	1
2291	3758096384	4026531839	2550136832	2554331135	6	4	10	5
2292	4202692608	4211081215	2415919104	2550136831	17	9	5	2
2293	4201347072	4201348095	268435456	285212671	88	22	8	1
2294	4201119744	4201250815	4152623104	4152754175	17	15	15	1
2295	4201119744	4201250815	4152623104	4152754175	88	15	15	1
2296	4201250816	4201316351	2558001152	2558525439	6	16	13	2
2297	4201250816	4201316351	2557476864	2557739007	17	16	14	1
2298	4201250816	4201316351	2557476864	2557739007	88	16	14	1
2299	4201250816	4201316351	3263692800	3264217087	1	16	13	1
2300	3221225472	4294967295	2557780512	2557780527	88	2	28	1
2301	3703570432	3705667583	3263684608	3263692799	88	11	19	1
2302	3706609664	3706617855	1058291712	1058299903	0	19	19	1
2303	3706603264	3706603519	4160749568	4294967295	1	24	5	1
2304	1677721600	1679818751	1435643520	1435643583	0	11	26	1
2305	1711276032	1744830463	3154116608	3221225471	6	7	6	4
2306	1711276032	1744830463	3154116608	3221225471	17	7	6	1
2307	4160749568	4194303999	2617245696	2684354559	17	7	6	1
2308	436207616	469762047	4152771584	4152772607	88	7	22	1
2309	805306368	838860799	1058305024	1058306047	88	7	22	1
2310	1681833984	1681838079	3105816576	3105849343	0	20	17	1
2311	4201340928	4201345023	3263627264	3263660031	0	20	17	1
2312	1681915904	1686110207	3105872640	3105872671	0	10	27	1
2313	1518338048	1522532351	3105872640	3105872671	0	10	27	1
2314	1744830464	1879048191	3105872384	3105872639	88	5	24	1
2315	3489660928	3623878655	1058304512	1058304767	88	5	24	1
2316	1744830464	1879048191	1946157056	1962934271	6	5	8	9
2317	1744830464	1879048191	1946157056	1962934271	17	5	8	3
2318	268435456	402653183	4127195136	4143972351	6	5	8	2
2319	2550136832	2684354559	1409286144	1426063359	17	5	8	10
2320	1744830464	1879048191	3105871872	3105872383	1	5	23	1
2321	2550136832	2684354559	1435642880	1435643391	1	5	23	2
2322	1681653760	1681784831	1974680576	1974681599	0	15	22	1
2323	3706454016	3706585087	4152771584	4152772607	0	15	22	1
2324	1681841152	1681842175	3120562176	3154116607	88	22	7	1
2325	1681840896	1681840911	293601280	301989887	0	28	9	1
2326	420039664	420039679	4143972352	4152360959	0	28	9	1
2327	2532507648	2532524031	3267362816	3271557119	1	18	10	2
2328	2532507648	2532524031	3267362816	3271557119	17	18	10	2
2329	1523400704	1523404799	1962934272	1971322879	17	20	9	1
2330	4201340928	4201345023	293601280	301989887	88	20	9	1
2331	420052992	420085759	1974673408	1974677503	0	17	20	1
2332	858292224	858324991	4152774656	4152778751	0	17	20	1
2333	0	268435455	1974679808	1974680063	1	4	24	3
2334	536870912	805306367	4152771328	4152771583	1	4	24	3
2335	2147483648	2415919103	1974679808	1974680063	1	4	24	1
2336	3707764736	3724541951	4152772608	4152774655	88	8	21	1
2337	420039680	420040703	285736960	285868031	0	22	15	1
2338	420039424	420039551	1973420032	1974468607	0	25	12	1
2339	4201348096	4201348223	286261248	287309823	0	25	12	1
2340	423624704	427819007	285966336	285982719	1	10	18	1
2341	420216832	420478975	1058304000	1058304511	0	14	23	1
2342	3189768192	3190030335	3263680000	3263680511	0	14	23	1
2343	4201381888	4201644031	1058304000	1058304511	0	14	23	1
2344	857735168	858259455	1974679808	1974680063	0	13	24	1
2345	3705667584	3706191871	1058304512	1058304767	0	13	24	1
2346	536870912	1073741823	4152771072	4152771199	1	3	25	2
2347	864026624	872415231	3758096384	4026531839	17	9	4	6
2348	858275840	858292223	285990912	285999103	0	18	19	1
2349	536870912	805306367	1065353216	1073741823	17	4	9	4
2350	2147483648	2415919103	3254779904	3263168511	17	4	9	2
2351	2147483648	2415919103	3254779904	3263168511	6	4	9	3
2352	838860800	855638015	285986816	285990911	1	8	20	1
2353	0	2147483647	4152771296	4152771311	88	1	28	1
2354	2532526080	2532528127	3105751040	3105816575	0	21	16	1
2355	3190081536	3190083583	1409286144	1426063359	88	21	8	1
2356	3706603520	3706605567	2566914048	2583691263	17	21	8	1
2357	2532442112	2532507647	3263676416	3263678463	0	16	21	1
2358	3190095872	3190161407	3263676416	3263678463	0	16	21	1
2359	2531262464	2532311039	1435643392	1435643519	0	12	25	1
2360	3623878656	3690987519	1058305024	1058306047	1	6	22	1
2361	2684354560	3221225471	1426063360	1434451967	6	3	9	8
2362	3221225472	3758096383	1065353216	1073741823	6	3	9	16
2363	3190087680	3190095871	3112173568	3120562175	1	19	9	2
2364	3190080000	3190080511	3263168512	3263430655	0	23	14	1
2365	4227858432	4294967295	1058304000	1058304511	88	6	23	1
2366	4201348352	4201348607	1058537472	1059061759	0	24	13	1
2367	3706603264	3706603519	4152885248	4153409535	0	24	13	1
2368	4202692608	4211081215	3263679584	3263679599	0	9	28	1
2369	4201119744	4201250815	4152885248	4153409535	1	15	13	2
2370	4201119744	4201250815	2557476864	2557739007	17	15	14	1
2371	4201250816	4201316351	3263692800	3264217087	6	16	13	1
2372	2147483648	4294967295	1971322880	1973420031	6	1	11	16
2373	2147483648	4294967295	1059061760	1061158911	6	1	11	17
2374	3706603008	3706603071	1059061760	1061158911	0	26	11	1
2375	1879048192	2147483647	1979711488	2013265919	6	4	7	14
2376	3758096384	4026531839	4093640704	4127195135	6	4	7	15
2377	1711276032	1744830463	285982968	285982975	0	7	29	1
2378	2550136832	2684354559	1435642880	1435643391	88	5	23	1
2379	1681841152	1681842175	1476395008	1610612735	1	22	5	2
2380	1681817600	1681833983	293601280	301989887	1	18	9	1
2381	1681817600	1681833983	293601280	301989887	6	18	9	2
2382	1681817600	1681833983	289406976	293601279	88	18	10	1
2383	2532507648	2532524031	3267362816	3271557119	88	18	10	1
2384	1522532352	1523056639	3105619968	3105751039	88	13	15	1
2385	3190292480	3190816767	3263430656	3263561727	88	13	15	1
2386	1524629504	1526726655	1435643392	1435643519	0	11	25	1
2387	1523408320	1523408327	3120562176	3154116607	0	29	7	1
2388	420039648	420039655	1979711488	2013265919	0	29	7	1
2389	1523408352	1523408383	1962934272	1971322879	0	27	9	1
2390	3190079488	3190079519	3112173568	3120562175	0	27	9	1
2391	4201348224	4201348255	293601280	301989887	0	27	9	1
2392	3706603104	3706603135	3254779904	3263168511	0	27	9	1
2393	0	268435455	1974679808	1974680063	88	4	24	1
2394	536870912	805306367	4152771328	4152771583	88	4	24	1
2395	2147483648	2415919103	1974679808	1974680063	17	4	24	1
2396	2147483648	2415919103	1974679808	1974680063	88	4	24	1
2397	2533359616	2550136831	1974665216	1974673407	1	8	19	1
2398	4211081216	4227858431	4152778752	4152786943	1	8	19	1
2399	420085760	420216831	1974677504	1974679551	0	15	21	1
2400	2532311040	2532442111	2557782016	2557784063	0	15	21	1
2401	420478976	421527551	285982976	285983231	0	12	24	1
2402	858783744	859832319	1974679808	1974680063	0	12	24	1
2403	3190816768	3191865343	2557780736	2557780991	0	12	24	1
2404	419954688	420020223	1974673408	1974677503	0	16	20	1
2405	3706650624	3706716159	1058299904	1058303999	0	16	20	1
2406	420040704	420044799	1006632960	1040187391	1	20	7	2
2407	436207616	469762047	1610612736	1879048191	6	7	4	12
2408	420038656	420039167	1058537472	1059061759	0	23	13	1
2409	3190080000	3190080511	1436024832	1436549119	0	23	13	1
2410	536870912	1073741823	4152771072	4152771199	88	3	25	1
2411	858267520	858267647	287309824	289406975	0	25	11	1
2412	2532524672	2532524799	3265265664	3267362815	0	25	11	1
2413	838860800	855638015	285986816	285990911	88	8	20	1
2414	3707764736	3724541951	3263680512	3263684607	88	8	20	1
2415	858267648	858275839	1040187392	1056964607	1	19	8	2
2416	858267392	858267423	0	4294967295	1	27	0	2
2417	2532835328	2533359615	2557779968	2557780479	0	13	23	1
2418	3190292480	3190816767	2557779968	2557780479	0	13	23	1
2419	2684354560	3221225471	1426063360	1434451967	17	3	9	5
2420	3221225472	3758096383	1065353216	1073741823	17	3	9	7
2421	3187671040	3189768191	3105751040	3105816575	1	11	16	1
2422	3190087680	3190095871	3112173568	3120562175	88	19	9	1
2423	3196059648	3204448255	2557780480	2557780511	0	9	27	1
2424	3191865344	3196059647	3263679488	3263679551	0	10	26	1
2425	3699376128	3703570431	2557780544	2557780607	0	10	26	1
2426	3758096384	4294967295	3263679744	3263679999	1	3	24	1
2427	4201348280	4201348281	402653184	536870911	0	31	5	1
2428	4201381888	4201644031	4152771584	4152772607	0	14	22	1
2429	4200595456	4201119743	2557476864	2557739007	1	13	14	1
2430	4200595456	4201119743	4152360960	4152623103	1	13	14	1
2431	4200595456	4201119743	4152360960	4152623103	6	13	14	2
2432	4201119744	4201250815	3263692800	3264217087	88	15	13	1
2433	4201119744	4201250815	4152885248	4153409535	6	15	13	1
2434	4201316352	4201332735	2558525440	2566914047	6	18	9	2
2435	4201332736	4201340927	3263627264	3263660031	0	19	17	1
2436	3221225472	4294967295	1058304768	1058304895	1	2	25	3
2437	2147483648	4294967295	1971322880	1973420031	17	1	11	6
2438	2147483648	4294967295	1059061760	1061158911	17	1	11	5
2439	3706603072	3706603087	4127195136	4143972351	0	28	8	1
2440	3706603008	3706603071	4156555264	4160749567	0	26	10	1
2441	1879048192	2147483647	1979711488	2013265919	17	4	7	5
2442	3758096384	4026531839	4093640704	4127195135	17	4	7	6
2443	1680867328	1681391615	285212672	285736959	1	13	13	1
2444	1681840128	1681840639	3103784960	3104833535	0	23	12	1
2445	1681840128	1681840639	1434451968	1435500543	0	23	12	1
2446	2532524032	2532524543	3264217088	3265265663	0	23	12	1
2447	1681784832	1681817599	1426063360	1434451967	6	17	9	2
2448	1681784832	1681817599	1426063360	1434451967	1	17	9	1
2449	1681838080	1681840127	1476395008	1610612735	1	21	5	1
2450	1681838080	1681840127	1476395008	1610612735	6	21	5	3
2451	2532526080	2532528127	1476395008	1610612735	6	21	5	4
2452	2532526080	2532528127	1476395008	1610612735	1	21	5	1
2453	1681838080	1681840127	1476395008	1610612735	17	21	5	1
2454	1681840640	1681840895	3105882112	3107979263	0	24	11	1
2455	420039168	420039423	1971322880	1973420031	0	24	11	1
2456	420039168	420039423	4154458112	4156555263	0	24	11	1
2457	1681817600	1681833983	293601280	301989887	88	18	9	1
2458	1523406848	1523407871	3104833536	3105357823	0	22	13	1
2459	1523580928	1524629503	3105871872	3105872383	0	12	23	1
2460	858783744	859832319	1058304000	1058304511	0	12	23	1
2461	420036608	420038655	285999104	286261247	0	21	14	1
2462	420036608	420038655	1974730752	1974992895	0	21	14	1
2463	858263552	858265599	1974730752	1974992895	0	21	14	1
2464	3706603520	3706605567	3263168512	3263430655	0	21	14	1
2465	402653184	419430399	1974665216	1974673407	88	8	19	1
2466	2533359616	2550136831	1974665216	1974673407	88	8	19	1
2467	4211081216	4227858431	4152778752	4152786943	88	8	19	1
2468	3190083584	3190087679	3221225472	3254779903	6	20	7	1
2469	436207616	469762047	1610612736	1879048191	17	7	4	2
2470	423624704	427819007	1974679552	1974679679	0	10	25	1
2471	420216832	420478975	1973420032	1974468607	6	14	12	3
2472	805306368	838860799	1058291712	1058299903	1	7	19	1
2473	858259456	858263551	4026531840	4093640703	6	20	6	3
2474	858259456	858263551	4026531840	4093640703	17	20	6	2
2475	858259456	858263551	4026531840	4093640703	1	20	6	1
2476	858265600	858266623	1610612736	1879048191	6	22	4	3
2477	858267648	858275839	1040187392	1056964607	17	19	8	1
2478	858267648	858275839	1040187392	1056964607	88	19	8	1
2479	2532442112	2532507647	3263684608	3263692799	0	16	19	1
2480	2529165312	2531262463	3105619968	3105751039	6	11	15	2
2481	2532524624	2532524639	2583691264	2617245695	0	28	7	1
2482	3706603072	3706603087	2583691264	2617245695	0	28	7	1
2483	2684354560	3221225471	1435642880	1435643391	1	3	23	1
2484	3204448256	3221225471	2684354560	3221225471	6	8	3	7
2485	3204448256	3221225471	2684354560	3221225471	17	8	3	7
2486	3204448256	3221225471	2557780480	2557780511	0	8	27	1
2487	3190063104	3190079487	1409286144	1426063359	6	18	8	4
2488	3190063104	3190079487	3087007744	3103784959	1	18	8	3
2489	4201316352	4201332735	4127195136	4143972351	6	18	8	2
2490	3706585088	3706601471	1040187392	1056964607	6	18	8	3
2491	3706585088	3706601471	1040187392	1056964607	1	18	8	1
2492	3758096384	4294967295	3263679744	3263679999	88	3	24	1
2493	4160749568	4194303999	1058299904	1058303999	88	7	20	1
2494	4201348288	4201348351	3254779904	3263168511	0	26	9	1
2495	3758096384	4026531839	4152771584	4152772607	1	4	22	1
2496	4211081216	4227858431	0	1073741823	6	8	2	11
2497	4201348096	4201348223	289406976	293601279	0	25	10	1
2498	3706603136	3706603263	1061158912	1065353215	0	25	10	1
2499	4201316352	4201332735	3263627264	3263660031	0	18	17	1
2500	4026531840	4160749567	3355443200	3489660927	6	5	5	5
2501	3221225472	4294967295	1058304768	1058304895	88	2	25	1
2502	3221225472	4294967295	2566914048	2583691263	6	2	8	21
2503	3706191872	3706454015	4152772608	4152774655	0	14	21	1
2504	3705667584	3706191871	1058305024	1058306047	0	13	22	1
2505	3703570432	3705667583	4152771328	4152771583	0	11	24	1
2506	3706609664	3706617855	2557804544	2557870079	0	19	16	1
2507	3706454016	3706585087	3263680512	3263684607	0	15	20	1
2508	1879048192	2147483647	1435643632	1435643635	0	4	30	1
2509	4200595456	4201119743	2558001152	2558525439	17	13	13	1
2510	4200595456	4201119743	4152885248	4153409535	88	13	13	1
2511	1681915904	1686110207	285982976	285983231	0	10	24	1
2512	1681784832	1681817599	1426063360	1434451967	17	17	9	1
2513	1681784832	1681817599	1426063360	1434451967	88	17	9	1
2514	2532526080	2532528127	1476395008	1610612735	17	21	5	1
2515	2532526080	2532528127	1476395008	1610612735	88	21	5	1
2516	3706603520	3706605567	805306368	939524095	17	21	5	1
2517	3706603520	3706605567	805306368	939524095	88	21	5	1
2518	1679818752	1680867327	3105872896	3105873919	0	12	22	1
2519	1681653760	1681784831	1975517184	1979711487	6	15	10	3
2520	1681653760	1681784831	1975517184	1979711487	1	15	10	1
2521	2532311040	2532442111	2550136832	2554331135	1	15	10	2
2522	2532311040	2532442111	2550136832	2554331135	6	15	10	3
2523	3706454016	3706585087	2550136832	2554331135	1	15	10	1
2524	3706454016	3706585087	2550136832	2554331135	6	15	10	3
2525	1073741824	1342177279	3105869824	3105871871	1	4	21	2
2526	1509949440	1518338047	3105872768	3105872895	0	9	25	1
2527	427819008	436207615	1974679552	1974679679	0	9	25	1
2528	4202692608	4211081215	3263679616	3263679743	0	9	25	1
2529	1476395008	1509949439	285982912	285982943	0	7	27	1
2530	436207616	469762047	4152771264	4152771295	0	7	27	1
2531	1523408336	1523408351	335544320	402653183	0	28	6	1
2532	1523408256	1523408319	268435456	285212671	0	26	8	1
2533	3706603008	3706603071	2566914048	2583691263	0	26	8	1
2534	420044800	420052991	4152623104	4152754175	0	19	15	1
2535	4201332736	4201340927	2557870080	2558001151	0	19	15	1
2536	436207616	469762047	1974665216	1974673407	6	7	19	1
2537	805306368	838860799	1058291712	1058299903	88	7	19	1
2538	423624704	427819007	4152623104	4152754175	6	10	15	3
2539	3191865344	3196059647	3105619968	3105751039	1	10	15	1
2540	858292224	858324991	1974697984	1974730751	0	17	17	1
2541	857735168	858259455	1973420032	1974468607	1	13	12	1
2542	857735168	858259455	1973420032	1974468607	6	13	12	2
2543	4200595456	4201119743	2556428288	2557476863	1	13	12	1
2544	857735168	858259455	1974677504	1974679551	0	13	21	1
2545	4200595456	4201119743	4152772608	4152774655	0	13	21	1
2546	858259456	858263551	4026531840	4093640703	88	20	6	1
2547	858265600	858266623	1610612736	1879048191	88	22	4	1
2548	858265600	858266623	1610612736	1879048191	17	22	4	1
2549	858521600	858783743	1059061760	1061158911	6	14	11	3
2550	858521600	858783743	1059061760	1061158911	1	14	11	2
2551	4201381888	4201644031	1059061760	1061158911	6	14	11	2
2552	859832320	864026623	285868032	285933567	88	10	16	1
2553	859832320	864026623	285868032	285933567	17	10	16	1
2554	2532528128	2532532223	2013265920	2147483647	1	20	5	2
2555	2532528128	2532532223	2013265920	2147483647	6	20	5	4
2556	2532532224	2532540415	3288334336	3355443199	1	19	6	2
2557	4198498304	4200595455	4152623104	4152754175	88	11	15	1
2558	2532524800	2532525055	1438646272	1442840575	0	24	10	1
2559	3190079744	3190079999	1438646272	1442840575	0	24	10	1
2560	3706603264	3706603519	3267362816	3271557119	0	24	10	1
2561	3187671040	3189768191	3263680000	3263680511	0	11	23	1
2562	2952790016	3087007743	2557780536	2557780543	0	5	29	1
2563	3190080512	3190081535	3264217088	3265265663	0	22	12	1
2564	3190063104	3190079487	1409286144	1426063359	17	18	8	1
2565	3190063104	3190079487	3087007744	3103784959	17	18	8	1
2566	3190063104	3190079487	3087007744	3103784959	88	18	8	1
2567	4201316352	4201332735	4127195136	4143972351	17	18	8	1
2568	3706585088	3706601471	1040187392	1056964607	17	18	8	1
2569	3190063104	3190079487	3120562176	3154116607	6	18	7	3
2570	3190063104	3190079487	3120562176	3154116607	1	18	7	2
2571	3196059648	3204448255	3105751040	3105816575	1	9	16	2
2572	3190081536	3190083583	3263692800	3264217087	0	21	13	1
2573	4201345024	4201347071	285212672	285736959	0	21	13	1
2574	3190080000	3190080511	1436549120	1438646271	0	23	11	1
2575	3706602496	3706603007	2554331136	2556428287	0	23	11	1
2576	3758096384	4294967295	2617245696	2684354559	6	3	6	11
2577	3758096384	4026531839	4152771584	4152772607	88	4	22	1
2578	4211081216	4227858431	0	1073741823	17	8	2	7
2579	4201250816	4201316351	2558525440	2566914047	6	16	9	3
2580	4201250816	4201316351	2558525440	2566914047	1	16	9	3
2581	4201348272	4201348279	402653184	536870911	0	29	5	1
2582	4198498304	4200595455	2557476864	2557739007	1	11	14	1
2583	3221225472	4294967295	2566914048	2583691263	17	2	8	12
2584	3221225472	4294967295	1006632960	1040187391	6	2	7	15
2585	3707764736	3724541951	4152771200	4152771263	0	8	26	1
2586	3706617856	3706650623	3271557120	3288334335	1	17	8	2
2587	3706603136	3706603263	4143972352	4152360959	0	25	9	1
2588	1694498816	1711276031	285982720	285982847	0	8	25	1
2589	4211081216	4227858431	1058304768	1058304895	0	8	25	1
2590	1681840928	1681840959	3154116608	3221225471	0	27	6	1
2591	420039616	420039647	939524096	1006632959	0	27	6	1
2592	3190079488	3190079519	1342177280	1409286143	0	27	6	1
2593	4201348224	4201348255	335544320	402653183	0	27	6	1
2594	1681838080	1681840127	3103784960	3104833535	0	21	12	1
2595	858263552	858265599	4153409536	4154458111	0	21	12	1
2596	3706603520	3706605567	2556428288	2557476863	0	21	12	1
2597	1681653760	1681784831	1975517184	1979711487	17	15	10	1
2598	1681653760	1681784831	1975517184	1979711487	88	15	10	1
2599	2532311040	2532442111	2550136832	2554331135	88	15	10	1
2600	2532311040	2532442111	2550136832	2554331135	17	15	10	1
2601	3706454016	3706585087	2550136832	2554331135	17	15	10	1
2602	3706454016	3706585087	2550136832	2554331135	88	15	10	1
2603	1073741824	1342177279	3105869824	3105871871	17	4	21	1
2604	1073741824	1342177279	3105869824	3105871871	88	4	21	1
2605	1543503872	1610612735	1435631616	1435639807	88	6	19	1
2606	1476395008	1509949439	285982848	285982911	0	7	26	1
2607	420039680	420040703	4154458112	4156555263	0	22	11	1
2608	421527552	423624703	285983744	285984767	0	11	22	1
2609	419954688	420020223	1946157056	1962934271	6	16	8	2
2610	3706650624	3706716159	4127195136	4143972351	6	16	8	3
2611	420040704	420044799	1058537472	1059061759	0	20	13	1
2612	469762048	536870911	1058304992	1058305023	0	6	27	1
2613	4227858432	4294967295	4152771264	4152771295	0	6	27	1
2614	419430400	419954687	4152774656	4152778751	0	13	20	1
2615	423624704	427819007	4152623104	4152754175	88	10	15	1
2616	3191865344	3196059647	3105619968	3105751039	88	10	15	1
2617	4194304000	4198498303	4152623104	4152754175	17	10	15	1
2618	4194304000	4198498303	4152623104	4152754175	88	10	15	1
2619	857735168	858259455	1973420032	1974468607	88	13	12	1
2620	4200595456	4201119743	2556428288	2557476863	6	13	12	1
2621	536870912	1073741823	285982964	285982967	0	3	30	1
2622	0	1073741823	1974680576	1974681599	6	2	22	3
2623	0	1073741823	1974680576	1974681599	1	2	22	1
2624	858783744	859832319	1973420032	1974468607	6	12	12	2
2625	858521600	858783743	285990912	285999103	0	14	19	1
2626	4201381888	4201644031	1059061760	1061158911	88	14	11	1
2627	0	2147483647	4152770560	4152771071	6	1	23	3
2628	0	2147483647	4152770560	4152771071	1	1	23	3
2629	2147483648	4294967295	1974680064	1974680575	6	1	23	3
2630	2147483648	4294967295	1974680064	1974680575	1	1	23	2
2631	2516582400	2524971007	1435643648	1435643903	0	9	24	1
2632	2532528128	2532532223	2013265920	2147483647	17	20	5	1
2633	2532532224	2532540415	3288334336	3355443199	17	19	6	1
2634	2532532224	2532540415	3288334336	3355443199	88	19	6	1
2635	2531262464	2532311039	2557782016	2557784063	0	12	21	1
2636	2532524624	2532524639	2415919104	2550136831	0	28	5	1
2637	4201348256	4201348271	402653184	536870911	0	28	5	1
2638	3706603072	3706603087	4160749568	4294967295	0	28	5	1
2639	2952790016	3087007743	3489660928	3758096383	6	5	4	5
2640	2952790016	3087007743	3489660928	3758096383	17	5	4	1
2641	3190063104	3190079487	3120562176	3154116607	17	18	7	1
2642	3190063104	3190079487	3120562176	3154116607	88	18	7	1
2643	3190161408	3190292479	3105849344	3105865727	0	15	18	1
2644	3196059648	3204448255	3105751040	3105816575	88	9	16	1
2645	3196059648	3204448255	3263430656	3263561727	1	9	15	1
2646	2684354560	2952790015	3263680512	3263684607	6	4	20	3
2647	3221225472	3489660927	3263680512	3263684607	6	4	20	3
2648	3191865344	3196059647	3263680000	3263680511	0	10	23	1
2649	3190081536	3190083583	2684354560	3221225471	1	21	3	1
2650	3706603520	3706605567	3221225472	3758096383	6	21	3	3
2651	3706603520	3706605567	3221225472	3758096383	1	21	3	2
2652	3190079744	3190079999	1426063360	1434451967	0	24	9	1
2653	3706603264	3706603519	2558525440	2566914047	0	24	9	1
2654	3758096384	4294967295	2617245696	2684354559	17	3	6	9
2655	3221225472	3758096383	939524096	1006632959	6	3	6	4
2656	4194304000	4198498303	4152360960	4152623103	1	10	14	1
2657	4194304000	4198498303	4152360960	4152623103	6	10	14	2
2658	4201119744	4201250815	2558525440	2566914047	1	15	9	2
2659	4201119744	4201250815	2558525440	2566914047	6	15	9	2
2660	4201250816	4201316351	3263627264	3263660031	0	16	17	1
2661	4201250816	4201316351	2558525440	2566914047	17	16	9	1
2662	4201250816	4201316351	2558525440	2566914047	88	16	9	1
2663	4201316352	4201332735	2557870080	2558001151	0	18	15	1
2664	4201316352	4201332735	4152623104	4152754175	0	18	15	1
2665	3221225472	4294967295	1006632960	1040187391	17	2	7	7
2666	3706617856	3706650623	3271557120	3288334335	17	17	8	1
2667	3706617856	3706650623	3271557120	3288334335	88	17	8	1
2668	3706617856	3706650623	3221225472	3254779903	6	17	7	4
2669	3706617856	3706650623	3221225472	3254779903	1	17	7	1
2670	1681850368	1681915903	1442840576	1476395007	6	16	7	4
2671	1681850368	1681915903	1442840576	1476395007	1	16	7	1
2672	3706650624	3706716159	3221225472	3254779903	6	16	7	3
2673	3706650624	3706716159	3221225472	3254779903	1	16	7	1
2674	1610612736	1677721599	1435643520	1435643583	0	6	26	1
2675	1522532352	1523056639	3105873920	3105882111	0	13	19	1
2676	857735168	858259455	1974665216	1974673407	0	13	19	1
2677	268435456	402653183	4152754176	4152770559	1	5	18	1
2678	0	268435455	1974665216	1974673407	6	4	19	2
2679	0	268435455	1974665216	1974673407	1	4	19	1
2680	402653184	419430399	4152771328	4152771583	0	8	24	1
2681	419954688	420020223	1946157056	1962934271	17	16	8	1
2682	419954688	420020223	1946157056	1962934271	88	16	8	1
2683	3706650624	3706716159	4127195136	4143972351	17	16	8	1
2684	420040704	420044799	1973420032	1974468607	0	20	12	1
2685	858259456	858263551	1973420032	1974468607	0	20	12	1
2686	858265600	858266623	1975517184	1979711487	0	22	10	1
2687	864026624	872415231	1058304000	1058304511	0	9	23	1
2688	855638016	857735167	1973420032	1974468607	6	11	12	2
2689	855638016	857735167	1973420032	1974468607	1	11	12	1
2690	872415232	939524095	1058308096	1058340863	1	6	17	1
2691	872415232	939524095	1058308096	1058340863	6	6	17	3
2692	872415232	939524095	285933568	285966335	6	6	17	3
2693	3087007744	3154116607	1435664384	1435697151	6	6	17	3
2694	3087007744	3154116607	1435664384	1435697151	1	6	17	2
2695	0	1073741823	1974677504	1974679551	6	2	21	2
2696	0	1073741823	1974680576	1974681599	88	2	22	1
2697	0	1073741823	1974680576	1974681599	17	2	22	1
2698	858783744	859832319	1973420032	1974468607	17	12	12	1
2699	2531262464	2532311039	1973420032	1974468607	6	12	12	1
2700	858267648	858275839	1610612736	1879048191	6	19	4	2
2701	858267648	858275839	1610612736	1879048191	1	19	4	1
2702	3190087680	3190095871	3489660928	3758096383	1	19	4	2
2703	3190087680	3190095871	3489660928	3758096383	6	19	4	3
2704	858267456	858267519	4026531840	4093640703	0	26	6	1
2705	0	2147483647	4152770560	4152771071	88	1	23	1
2706	0	2147483647	4152770560	4152771071	17	1	23	1
2707	2147483648	4294967295	1974680064	1974680575	17	1	23	1
2708	2147483648	4294967295	1974680064	1974680575	88	1	23	1
2709	2532524616	2532524623	2684354560	3221225471	0	29	3	1
2710	2532540416	2532573183	3288334336	3355443199	6	17	6	3
2711	2532540416	2532573183	3288334336	3355443199	1	17	6	1
2712	2147483648	2415919103	2684354560	3221225471	6	4	3	17
2713	2550136832	2684354559	2557771776	2557779967	17	5	19	1
2714	2550136832	2684354559	2557771776	2557779967	88	5	19	1
2715	3187671040	3189768191	2557782016	2557784063	0	11	21	1
2716	4198498304	4200595455	4152772608	4152774655	0	11	21	1
2717	3190079536	3190079551	1073741824	1342177279	0	28	4	1
2718	3221225472	3489660927	3263680512	3263684607	17	4	20	1
2719	3190081536	3190083583	3221225472	4294967295	6	21	2	2
2720	3190081536	3190083583	3221225472	4294967295	1	21	2	1
2721	3190081536	3190083583	2684354560	3221225471	17	21	3	1
2722	3190081536	3190083583	2684354560	3221225471	88	21	3	1
2723	3706603520	3706605567	3221225472	3758096383	17	21	3	1
2724	4201340928	4201345023	0	536870911	6	20	3	3
2725	4201340928	4201345023	0	536870911	1	20	3	2
2726	3706605568	3706609663	3221225472	3758096383	1	20	3	2
2727	3706605568	3706609663	3221225472	3758096383	6	20	3	4
2728	4201119744	4201250815	4127195136	4143972351	1	15	8	1
2729	4201119744	4201250815	4127195136	4143972351	6	15	8	3
2730	4201119744	4201250815	2558525440	2566914047	17	15	9	1
2731	4201348096	4201348223	301989888	335544319	0	25	7	1
2732	4201316352	4201332735	3263168512	3263430655	0	18	14	1
2733	4201316352	4201332735	4152360960	4152623103	0	18	14	1
2734	4201316352	4201332735	2557476864	2557739007	0	18	14	1
2735	4026531840	4160749567	3263679552	3263679583	0	5	27	1
2736	4198498304	4200595455	4152885248	4153409535	6	11	13	1
2737	3707764736	3724541951	4152819712	4152885247	17	8	16	1
2738	3706716160	3707764735	3263680512	3263684607	0	12	20	1
2739	3706191872	3706454015	1058275328	1058291711	0	14	18	1
2740	3706617856	3706650623	3263430656	3263561727	0	17	15	1
2741	3706617856	3706650623	3221225472	3254779903	88	17	7	1
2742	3706617856	3706650623	3221225472	3254779903	17	17	7	1
2743	3706585088	3706601471	805306368	939524095	6	18	5	3
2744	1879048192	2147483647	3105872640	3105872671	0	4	27	1
2745	3221225472	3489660927	1058304992	1058305023	0	4	27	1
2746	1681850368	1681915903	1442840576	1476395007	88	16	7	1
2747	1681850368	1681915903	1442840576	1476395007	17	16	7	1
2748	3706650624	3706716159	3221225472	3254779903	88	16	7	1
2749	1744830464	1879048191	285933568	285966335	1	5	17	2
2750	1681817600	1681833983	2952790016	3087007743	6	18	5	1
2751	3706585088	3706601471	805306368	939524095	17	18	5	1
2752	1073741824	1342177279	0	536870911	6	4	3	14
2753	1073741824	1342177279	0	536870911	17	4	3	8
2754	2147483648	2415919103	2684354560	3221225471	17	4	3	6
2755	1522532352	1523056639	1974681600	1974697983	0	13	18	1
2756	1518338048	1522532351	3105869824	3105871871	0	10	21	1
2757	4194304000	4198498303	4152772608	4152774655	0	10	21	1
2758	1342177280	1476395007	2147483648	4294967295	6	5	1	26
2759	1523384320	1523400703	1974992896	1975517183	0	18	13	1
2760	420020224	420036607	1974992896	1975517183	0	18	13	1
2761	1523384320	1523400703	2684354560	2952790015	1	18	4	1
2762	1523417088	1523449855	2952790016	3087007743	6	17	5	4
2763	1523417088	1523449855	2952790016	3087007743	1	17	5	2
2764	420052992	420085759	2013265920	2147483647	6	17	5	4
2765	420052992	420085759	2013265920	2147483647	1	17	5	2
2766	3190030336	3190063103	3355443200	3489660927	6	17	5	3
2767	3190030336	3190063103	3355443200	3489660927	1	17	5	2
2768	3706617856	3706650623	4160749568	4294967295	6	17	5	2
2769	1523404800	1523406847	3107979264	3112173567	0	21	10	1
2770	4201345024	4201347071	289406976	293601279	0	21	10	1
2771	1543503872	1610612735	285982720	285982847	0	6	25	1
2772	2415919104	2483027967	3263679616	3263679743	0	6	25	1
2773	268435456	402653183	4152754176	4152770559	17	5	18	1
2774	421527552	423624703	4152774656	4152778751	0	11	20	1
2775	2529165312	2531262463	1435643904	1435647999	0	11	20	1
2776	420038656	420039167	1946157056	1962934271	0	23	8	1
2777	858259456	858263551	1971322880	1973420031	0	20	11	1
2778	2532528128	2532532223	2554331136	2556428287	0	20	11	1
2779	872415232	939524095	1058308096	1058340863	17	6	17	1
2780	872415232	939524095	1058308096	1058340863	88	6	17	1
2781	872415232	939524095	285933568	285966335	17	6	17	1
2782	872415232	939524095	285933568	285966335	88	6	17	1
2783	3087007744	3154116607	1435664384	1435697151	17	6	17	1
2784	3087007744	3154116607	1435664384	1435697151	88	6	17	1
2785	0	1073741823	1974677504	1974679551	17	2	21	1
2786	0	1073741823	1974677504	1974679551	88	2	21	1
2787	858783744	859832319	1971322880	1973420031	6	12	11	1
2788	858267648	858275839	1610612736	1879048191	17	19	4	1
2789	858267648	858275839	1610612736	1879048191	88	19	4	1
2790	3190087680	3190095871	3489660928	3758096383	88	19	4	1
2791	3190087680	3190095871	3489660928	3758096383	17	19	4	1
2792	939524096	1073741823	1974679744	1974679807	0	5	26	1
2793	4026531840	4160749567	2557780544	2557780607	0	5	26	1
2794	2483027968	2516582399	3105872384	3105872639	0	7	24	1
2795	3154116608	3187671039	2557780736	2557780991	0	7	24	1
2796	3724541952	3758096383	3263679744	3263679999	0	7	24	1
2797	2415919104	2483027967	3105751040	3105816575	1	6	16	1
2798	2415919104	2483027967	3105751040	3105816575	6	6	16	2
2799	2516582400	2524971007	1435641856	1435642879	0	9	22	1
2800	3690987520	3699376127	3263678464	3263679487	0	9	22	1
2801	2532540416	2532573183	3288334336	3355443199	17	17	6	1
2802	2532540416	2532573183	3288334336	3355443199	88	17	6	1
2803	3190079552	3190079615	2415919104	2550136831	0	26	5	1
2804	3190083584	3190087679	3221225472	4294967295	6	20	2	4
2805	3190083584	3190087679	3221225472	4294967295	1	20	2	1
2806	3190087680	3190095871	3221225472	3758096383	6	19	3	4
2807	3190081536	3190083583	3221225472	4294967295	88	21	2	1
2808	3190081536	3190083583	3221225472	4294967295	17	21	2	1
2809	3190816768	3191865343	3105873920	3105882111	0	12	19	1
2810	3706716160	3707764735	1058291712	1058299903	0	12	19	1
2811	3706716160	3707764735	2557771776	2557779967	0	12	19	1
2812	3190292480	3190816767	3267362816	3271557119	6	13	10	1
2813	3190292480	3190816767	3267362816	3271557119	17	13	10	1
2814	3758096384	4294967295	3263684608	3263692799	1	3	19	2
2815	4160749568	4194303999	4152623104	4152754175	1	7	15	1
2816	3724541952	3758096383	3263430656	3263561727	1	7	15	3
2817	3724541952	3758096383	3263430656	3263561727	6	7	15	2
2818	4201340928	4201345023	0	536870911	88	20	3	1
2819	4201340928	4201345023	0	536870911	17	20	3	1
2820	3706605568	3706609663	3221225472	3758096383	17	20	3	1
2821	3706605568	3706609663	3221225472	3758096383	88	20	3	1
2822	4201348224	4201348255	0	268435455	0	27	4	1
2823	3706603104	3706603135	536870912	805306367	0	27	4	1
2824	4201119744	4201250815	3271557120	3288334335	6	15	8	1
2825	4201119744	4201250815	3271557120	3288334335	17	15	8	1
2826	4201250816	4201316351	4152623104	4152754175	0	16	15	1
2827	4201250816	4201316351	2617245696	2684354559	6	16	6	3
2828	3706650624	3706716159	2617245696	2684354559	1	16	6	1
2829	3706650624	3706716159	2617245696	2684354559	6	16	6	2
2830	4201332736	4201340927	286261248	287309823	0	19	12	1
2831	3221225472	4294967295	2557784064	2557788159	6	2	20	3
2832	3221225472	4294967295	1058304976	1058304983	0	2	29	1
2833	1744830464	1879048191	285933568	285966335	88	5	17	1
2834	1681840960	1681841023	1073741824	1342177279	0	26	4	1
2835	420039552	420039615	0	268435455	0	26	4	1
2836	1681817600	1681833983	3103784960	3104833535	0	18	12	1
2837	4201316352	4201332735	2556428288	2557476863	0	18	12	1
2838	1610612736	1677721599	3105872384	3105872639	0	6	24	1
2839	1686110208	1694498815	1435639808	1435641855	0	9	21	1
2840	1342177280	1476395007	3105872768	3105872895	0	5	25	1
2841	1342177280	1476395007	2147483648	4294967295	17	5	1	10
2842	1523384320	1523400703	2684354560	2952790015	17	18	4	1
2843	1523384320	1523400703	2684354560	2952790015	88	18	4	1
2844	1523417088	1523449855	2952790016	3087007743	17	17	5	1
2845	420052992	420085759	2013265920	2147483647	17	17	5	1
2846	420052992	420085759	2013265920	2147483647	88	17	5	1
2847	3190030336	3190063103	3355443200	3489660927	17	17	5	1
2848	3190030336	3190063103	3355443200	3489660927	88	17	5	1
2849	3706617856	3706650623	4160749568	4294967295	17	17	5	1
2850	1526726656	1543503871	3105872896	3105873919	0	8	22	1
2851	1526726656	1543503871	1435641856	1435642879	0	8	22	1
2852	838860800	855638015	285983744	285984767	0	8	22	1
2853	1523449856	1523580927	301989888	335544319	6	15	7	1
2854	1523449856	1523580927	301989888	335544319	17	15	7	1
2855	1523408896	1523417087	3105882112	3107979263	0	19	11	1
2856	858267648	858275839	1971322880	1973420031	0	19	11	1
2857	420036608	420038655	4143972352	4152360959	0	21	9	1
2858	420044800	420052991	3221225472	4294967295	6	19	2	4
2859	420038656	420039167	1979711488	2013265919	0	23	7	1
2860	420038656	420039167	301989888	335544319	0	23	7	1
2861	3706602496	3706603007	2583691264	2617245695	0	23	7	1
2862	855638016	857735167	1971322880	1973420031	17	11	11	1
2863	855638016	857735167	1971322880	1973420031	6	11	11	1
2864	872415232	939524095	0	4294967295	6	6	0	2
2865	872415232	939524095	0	4294967295	17	6	0	2
2866	0	1073741823	1610612736	2147483647	6	2	3	36
2867	0	2147483647	4152771312	4152771319	0	1	29	1
2868	2147483648	2415919103	2147483648	4294967295	6	4	1	18
2869	3190083584	3190087679	3221225472	4294967295	17	20	2	1
2870	3190083584	3190087679	3221225472	4294967295	88	20	2	1
2871	3190087680	3190095871	3221225472	3758096383	88	19	3	1
2872	3190087680	3190095871	3221225472	3758096383	17	19	3	1
2873	3758096384	4294967295	3263684608	3263692799	17	3	19	1
2874	3758096384	4294967295	3263684608	3263692799	88	3	19	1
2875	4160749568	4194303999	4152623104	4152754175	88	7	15	1
2876	3724541952	3758096383	3263430656	3263561727	88	7	15	1
2877	4200595456	4201119743	3263627264	3263660031	0	13	17	1
2878	4201347072	4201348095	268435456	285212671	0	22	8	1
2879	4201119744	4201250815	2617245696	2684354559	1	15	6	1
2880	4201119744	4201250815	2617245696	2684354559	6	15	6	3
2881	4201119744	4201250815	2557870080	2558001151	0	15	15	1
2882	4201119744	4201250815	4152623104	4152754175	0	15	15	1
2883	4201250816	4201316351	2557476864	2557739007	0	16	14	1
2884	4201250816	4201316351	2617245696	2684354559	88	16	6	1
2885	4201250816	4201316351	2617245696	2684354559	17	16	6	1
2886	3706650624	3706716159	2617245696	2684354559	88	16	6	1
2887	3221225472	4294967295	2557784064	2557788159	17	2	20	1
2888	3221225472	4294967295	2557784064	2557788159	88	2	20	1
2889	3221225472	4294967295	2557780512	2557780527	0	2	28	1
2890	0	4294967295	1058306048	1058308095	1	0	21	2
2891	3489660928	3623878655	1058340864	1058406399	1	5	16	1
2892	3703570432	3705667583	3263684608	3263692799	0	11	19	1
2893	1711276032	1744830463	1435641856	1435642879	0	7	22	1
2894	436207616	469762047	4152771584	4152772607	0	7	22	1
2895	805306368	838860799	1058305024	1058306047	0	7	22	1
2896	1681842176	1681850367	2147483648	4294967295	1	19	1	2
2897	2532532224	2532540415	2147483648	4294967295	1	19	1	3
2898	1681391616	1681653759	1879048192	1946157055	1	14	6	1
2899	420216832	420478975	939524096	1006632959	1	14	6	1
2900	420216832	420478975	939524096	1006632959	6	14	6	2
2901	1744830464	1879048191	3105872384	3105872639	0	5	24	1
2902	4026531840	4160749567	4152771328	4152771583	0	5	24	1
2903	3489660928	3623878655	1058304512	1058304767	0	5	24	1
2904	1681841152	1681842175	3120562176	3154116607	0	22	7	1
2905	1523400704	1523404799	1962934272	1971322879	0	20	9	1
2906	4201340928	4201345023	293601280	301989887	0	20	9	1
2907	268435456	402653183	1974468608	1974599679	1	5	15	1
2908	3758096384	4026531839	4152819712	4152885247	6	4	16	2
2909	402653184	419430399	1974677504	1974679551	0	8	21	1
2910	838860800	855638015	1974677504	1974679551	0	8	21	1
2911	3707764736	3724541951	4152772608	4152774655	0	8	21	1
2912	420044800	420052991	3221225472	4294967295	17	19	2	1
2913	858390528	858521599	402653184	536870911	1	15	5	2
2914	864026624	872415231	1973420032	1974468607	6	9	12	1
2915	858275840	858292223	3221225472	4294967295	1	18	2	2
2916	3706585088	3706601471	3221225472	4294967295	1	18	2	3
2917	0	1073741823	1610612736	2147483647	17	2	3	13
2918	0	2147483647	4152771296	4152771311	0	1	28	1
2919	2532526080	2532528127	1409286144	1426063359	0	21	8	1
2920	3190081536	3190083583	1409286144	1426063359	0	21	8	1
2921	3706603520	3706605567	2566914048	2583691263	0	21	8	1
2922	2147483648	2415919103	2147483648	4294967295	17	4	1	8
2923	3087007744	3154116607	2557476864	2557739007	1	6	14	1
2924	2684354560	3221225471	2147483648	4294967295	6	3	1	23
2925	3190292480	3190816767	3221225472	3254779903	6	13	7	4
2926	3190292480	3190816767	3221225472	3254779903	1	13	7	1
2927	4200595456	4201119743	2617245696	2684354559	6	13	6	3
2928	4227858432	4294967295	1058304000	1058304511	0	6	23	1
2929	4201119744	4201250815	2617245696	2684354559	88	15	6	1
2930	4201119744	4201250815	2617245696	2684354559	17	15	6	1
2931	4201119744	4201250815	2557476864	2557739007	0	15	14	1
2932	4201250816	4201316351	4152885248	4153409535	0	16	13	1
2933	4201250816	4201316351	2558001152	2558525439	0	16	13	1
2934	4201250816	4201316351	3263692800	3264217087	0	16	13	1
2935	4201250816	4201316351	2147483648	2415919103	6	16	4	2
2936	3221225472	4294967295	2557771776	2557779967	88	2	19	1
2937	0	4294967295	1058306048	1058308095	88	0	21	1
2938	3489660928	3623878655	1058340864	1058406399	88	5	16	1
2939	3724541952	3758096383	3263692800	3264217087	1	7	13	1
2940	3706603264	3706603519	4160749568	4294967295	0	24	5	1
2941	1681842176	1681850367	2147483648	4294967295	88	19	1	1
2942	2532532224	2532540415	2147483648	4294967295	88	19	1	1
2943	1681391616	1681653759	1879048192	1946157055	17	14	6	1
2944	420216832	420478975	939524096	1006632959	17	14	6	1
2945	1744830464	1879048191	3105871872	3105872383	0	5	23	1
2946	2550136832	2684354559	1435642880	1435643391	0	5	23	1
2947	2952790016	3087007743	1435642880	1435643391	0	5	23	1
2948	1681817600	1681833983	289406976	293601279	0	18	10	1
2949	2532507648	2532524031	3267362816	3271557119	0	18	10	1
2950	1522532352	1523056639	3105619968	3105751039	0	13	15	1
2951	3190292480	3190816767	3263430656	3263561727	0	13	15	1
2952	4200595456	4201119743	4152623104	4152754175	0	13	15	1
2953	4200595456	4201119743	3263430656	3263561727	0	13	15	1
2954	4200595456	4201119743	2557870080	2558001151	0	13	15	1
2955	268435456	402653183	1974468608	1974599679	17	5	15	1
2956	0	268435455	1974599680	1974665215	6	4	16	1
2957	0	268435455	1974679808	1974680063	0	4	24	1
2958	536870912	805306367	4152771328	4152771583	0	4	24	1
2959	2147483648	2415919103	1974679808	1974680063	0	4	24	1
2960	423624704	427819007	285966336	285982719	0	10	18	1
2961	858390528	858521599	402653184	536870911	88	15	5	1
2962	536870912	1073741823	4152771072	4152771199	0	3	25	1
2963	858275840	858292223	3221225472	4294967295	88	18	2	1
2964	3706585088	3706601471	3221225472	4294967295	88	18	2	1
2965	0	1073741823	1974697984	1974730751	1	2	17	2
2966	838860800	855638015	285986816	285990911	0	8	20	1
2967	3707764736	3724541951	3263680512	3263684607	0	8	20	1
2968	2529165312	2531262463	3112173568	3120562175	6	11	9	1
2969	3087007744	3154116607	2557476864	2557739007	88	6	14	1
2970	4227858432	4294967295	4152360960	4152623103	17	6	14	1
2971	3087007744	3154116607	1435641856	1435642879	0	6	22	1
2972	3623878656	3690987519	1058305024	1058306047	0	6	22	1
2973	2684354560	3221225471	2147483648	4294967295	17	3	1	7
2974	3190087680	3190095871	3112173568	3120562175	0	19	9	1
2975	3190292480	3190816767	3221225472	3254779903	17	13	7	1
2976	4200595456	4201119743	2617245696	2684354559	17	13	6	1
2977	4201119744	4201250815	2147483648	2415919103	1	15	4	2
2978	4201119744	4201250815	3263692800	3264217087	0	15	13	1
2979	4201119744	4201250815	4152885248	4153409535	0	15	13	1
2980	4201250816	4201316351	2147483648	2415919103	17	16	4	1
2981	4198498304	4200595455	3263627264	3263660031	0	11	17	1
2982	3690987520	3699376127	2557771776	2557779967	0	9	19	1
2983	3724541952	3758096383	3263692800	3264217087	88	7	13	1
2984	2147483648	4294967295	0	1073741823	6	1	2	51
2985	1681841152	1681842175	1476395008	1610612735	0	22	5	1
2986	1681817600	1681833983	293601280	301989887	0	18	9	1
2987	4201316352	4201332735	2558525440	2566914047	0	18	9	1
2988	268435456	402653183	1058537472	1059061759	1	5	13	2
2989	4026531840	4160749567	3263692800	3264217087	1	5	13	1
2990	402653184	419430399	1974665216	1974673407	0	8	19	1
2991	2533359616	2550136831	1974665216	1974673407	0	8	19	1
2992	4211081216	4227858431	4152778752	4152786943	0	8	19	1
2993	420020224	420036607	0	4294967295	1	18	0	2
2994	420040704	420044799	1006632960	1040187391	0	20	7	1
2995	3190083584	3190087679	3221225472	3254779903	0	20	7	1
2996	0	1073741823	1974697984	1974730751	88	2	17	1
2997	0	1073741823	4152819712	4152885247	1	2	16	1
2998	858267648	858275839	1040187392	1056964607	0	19	8	1
2999	858267392	858267423	0	4294967295	0	27	0	1
3000	2147483648	2415919103	3105619968	3105751039	6	4	15	1
3001	2529165312	2531262463	1974599680	1974665215	0	11	16	1
3002	2529165312	2531262463	3105751040	3105816575	0	11	16	1
3003	2529165312	2531262463	3263561728	3263627263	0	11	16	1
3004	3187671040	3189768191	3105751040	3105816575	0	11	16	1
3005	2684354560	2952790015	1435762688	1436024831	1	4	14	2
3006	4201349120	4201381887	2147483648	4294967295	1	17	1	2
3007	3758096384	4294967295	3263679744	3263679999	0	3	24	1
3008	4160749568	4194303999	1058299904	1058303999	0	7	20	1
3009	3724541952	3758096383	3263680512	3263684607	0	7	20	1
3010	4200595456	4201119743	2557476864	2557739007	0	13	14	1
3011	4200595456	4201119743	4152360960	4152623103	0	13	14	1
3012	4201119744	4201250815	2147483648	2415919103	88	15	4	1
3013	3221225472	4294967295	1058304768	1058304895	0	2	25	1
3014	2147483648	4294967295	1058308096	1058340863	1	1	17	1
3015	2147483648	4294967295	0	1073741823	17	1	2	21
3016	1680867328	1681391615	285212672	285736959	0	13	13	1
3017	4200595456	4201119743	2558001152	2558525439	0	13	13	1
3018	4200595456	4201119743	4152885248	4153409535	0	13	13	1
3019	1681784832	1681817599	1426063360	1434451967	0	17	9	1
3020	1681838080	1681840127	1476395008	1610612735	0	21	5	1
3021	2532526080	2532528127	1476395008	1610612735	0	21	5	1
3022	3706603520	3706605567	805306368	939524095	0	21	5	1
3023	4026531840	4160749567	3263692800	3264217087	88	5	13	1
3024	420020224	420036607	0	4294967295	88	18	0	1
3025	436207616	469762047	1974665216	1974673407	0	7	19	1
3026	805306368	838860799	1058291712	1058299903	0	7	19	1
3027	420216832	420478975	1973420032	1974468607	0	14	12	1
3028	858259456	858263551	4026531840	4093640703	0	20	6	1
3029	858265600	858266623	1610612736	1879048191	0	22	4	1
3030	0	1073741823	4152819712	4152885247	88	2	16	1
3031	859832320	864026623	285868032	285933567	0	10	16	1
3032	4194304000	4198498303	2557804544	2557870079	0	10	16	1
3033	0	2147483647	0	4294967295	6	1	0	20
3034	2529165312	2531262463	3105619968	3105751039	0	11	15	1
3035	4198498304	4200595455	4152623104	4152754175	0	11	15	1
3036	2684354560	3221225471	1435642880	1435643391	0	3	23	1
3037	3190063104	3190079487	1409286144	1426063359	0	18	8	1
3038	3190063104	3190079487	3087007744	3103784959	0	18	8	1
3039	4201316352	4201332735	4127195136	4143972351	0	18	8	1
3040	3706585088	3706601471	1040187392	1056964607	0	18	8	1
3041	3758096384	4294967295	3263430656	3263561727	88	3	15	1
3042	3758096384	4294967295	2557476864	2557739007	1	3	14	2
3043	3221225472	3758096383	1058013184	1058275327	1	3	14	3
3044	4200595456	4201119743	2147483648	2415919103	17	13	4	1
3045	3758096384	4026531839	4152771584	4152772607	0	4	22	1
3046	0	4294967295	0	2147483647	6	0	1	44
3047	2147483648	4294967295	1058308096	1058340863	17	1	17	1
3048	1681653760	1681784831	1975517184	1979711487	0	15	10	1
3049	2532311040	2532442111	2550136832	2554331135	0	15	10	1
3050	3706454016	3706585087	2550136832	2554331135	0	15	10	1
3051	1073741824	1342177279	3105869824	3105871871	0	4	21	1
3052	1543503872	1610612735	1435631616	1435639807	0	6	19	1
3053	423624704	427819007	4152623104	4152754175	0	10	15	1
3054	3191865344	3196059647	3105619968	3105751039	0	10	15	1
3055	4194304000	4198498303	4152623104	4152754175	0	10	15	1
3056	857735168	858259455	1973420032	1974468607	0	13	12	1
3057	4200595456	4201119743	2556428288	2557476863	0	13	12	1
3058	858521600	858783743	1059061760	1061158911	0	14	11	1
3059	4201381888	4201644031	1059061760	1061158911	0	14	11	1
3060	0	2147483647	0	4294967295	17	1	0	8
3061	2532528128	2532532223	2013265920	2147483647	0	20	5	1
3062	2532532224	2532540415	3288334336	3355443199	0	19	6	1
3063	3190063104	3190079487	3120562176	3154116607	0	18	7	1
3064	3189768192	3190030335	2684354560	3221225471	88	14	3	1
3065	3196059648	3204448255	3105751040	3105816575	0	9	16	1
3066	3758096384	4294967295	2557476864	2557739007	88	3	14	1
3067	3221225472	3758096383	1058013184	1058275327	88	3	14	1
3068	4201250816	4201316351	2558525440	2566914047	0	16	9	1
3069	4198498304	4200595455	2557476864	2557739007	0	11	14	1
3070	0	4294967295	0	4294967295	6	0	0	65
3071	0	4294967295	0	2147483647	17	0	1	21
3072	3706617856	3706650623	3271557120	3288334335	0	17	8	1
3073	2147483648	4294967295	1974599680	1974665215	88	1	16	1
3074	1686110208	1694498815	1342177280	1409286143	1	9	6	2
3075	1523056640	1523318783	2147483648	4294967295	1	14	1	2
3076	402653184	419430399	1979711488	2013265919	17	8	7	1
3077	420085760	420216831	0	4294967295	1	15	0	1
3078	419954688	420020223	1946157056	1962934271	0	16	8	1
3079	3706650624	3706716159	4127195136	4143972351	0	16	8	1
3080	0	1073741823	1974680576	1974681599	0	2	22	1
3081	858783744	859832319	1973420032	1974468607	0	12	12	1
3082	2531262464	2532311039	1973420032	1974468607	0	12	12	1
3083	0	2147483647	4152770560	4152771071	0	1	23	1
3084	2147483648	4294967295	1974680064	1974680575	0	1	23	1
3085	2550136832	2684354559	2557771776	2557779967	0	5	19	1
3086	3154116608	3187671039	1409286144	1426063359	1	7	8	1
3087	3196059648	3204448255	3105619968	3105751039	0	9	15	1
3088	3196059648	3204448255	3263430656	3263561727	0	9	15	1
3089	2684354560	2952790015	3263680512	3263684607	0	4	20	1
3090	3221225472	3489660927	3263680512	3263684607	0	4	20	1
3091	3190081536	3190083583	2684354560	3221225471	0	21	3	1
3092	3706603520	3706605567	3221225472	3758096383	0	21	3	1
3093	4194304000	4198498303	4152360960	4152623103	0	10	14	1
3094	4201119744	4201250815	2558525440	2566914047	0	15	9	1
3095	4198498304	4200595455	4152885248	4153409535	0	11	13	1
3096	4198498304	4200595455	2147483648	2415919103	1	11	4	1
3097	4198498304	4200595455	2147483648	2415919103	17	11	4	1
3098	3707764736	3724541951	4152819712	4152885247	0	8	16	1
3099	0	4294967295	0	4294967295	17	0	0	25
3100	3706617856	3706650623	3221225472	3254779903	0	17	7	1
3101	2147483648	4294967295	1058406400	1058537471	88	1	15	1
3102	3221225472	3489660927	2554331136	2556428287	1	4	11	1
3103	1694498816	1711276031	3154116608	3221225471	1	8	6	1
3104	1711276032	1744830463	1442840576	1476395007	1	7	7	1
3105	4160749568	4194303999	4093640704	4127195135	1	7	7	1
3106	1681850368	1681915903	1442840576	1476395007	0	16	7	1
3107	3706650624	3706716159	3221225472	3254779903	0	16	7	1
3108	1681817600	1681833983	2952790016	3087007743	0	18	5	1
3109	3706585088	3706601471	805306368	939524095	0	18	5	1
3110	1686110208	1694498815	1342177280	1409286143	88	9	6	1
3111	268435456	402653183	4152754176	4152770559	0	5	18	1
3112	0	268435455	1974665216	1974673407	0	4	19	1
3113	420085760	420216831	0	4294967295	88	15	0	1
3114	855638016	857735167	1973420032	1974468607	0	11	12	1
3115	872415232	939524095	1058308096	1058340863	0	6	17	1
3116	872415232	939524095	285933568	285966335	0	6	17	1
3117	3087007744	3154116607	1435664384	1435697151	0	6	17	1
3118	0	1073741823	1974677504	1974679551	0	2	21	1
3119	858783744	859832319	1971322880	1973420031	0	12	11	1
3120	858267648	858275839	1610612736	1879048191	0	19	4	1
3121	3190087680	3190095871	3489660928	3758096383	0	19	4	1
3122	2532540416	2532573183	3288334336	3355443199	0	17	6	1
3123	2529165312	2531262463	2684354560	3221225471	17	11	3	1
3124	2529165312	2531262463	2684354560	3221225471	1	11	3	1
3125	3187671040	3189768191	2684354560	3221225471	1	11	3	1
3126	3196059648	3204448255	3263168512	3263430655	0	9	14	1
3127	3190081536	3190083583	3221225472	4294967295	0	21	2	1
3128	3190292480	3190816767	3267362816	3271557119	0	13	10	1
3129	4201340928	4201345023	0	536870911	0	20	3	1
3130	3706605568	3706609663	3221225472	3758096383	0	20	3	1
3131	4201119744	4201250815	4127195136	4143972351	0	15	8	1
3132	4201119744	4201250815	3271557120	3288334335	0	15	8	1
3133	4198498304	4200595455	2147483648	2415919103	88	11	4	1
3134	3221225472	3489660927	2554331136	2556428287	88	4	11	1
3135	3699376128	3703570431	536870912	805306367	17	10	4	1
3136	3699376128	3703570431	536870912	805306367	1	10	4	1
3137	3221225472	3758096383	1058299904	1058303999	0	3	20	1
3138	1694498816	1711276031	3154116608	3221225471	88	8	6	1
3139	2483027968	2516582399	3221225472	3254779903	88	7	7	1
3140	2483027968	2516582399	1442840576	1476395007	88	7	7	1
3141	4160749568	4194303999	4093640704	4127195135	88	7	7	1
3142	1744830464	1879048191	285933568	285966335	0	5	17	1
3143	2550136832	2684354559	1409286144	1426063359	1	5	8	1
3144	1523384320	1523400703	2684354560	2952790015	0	18	4	1
3145	1523417088	1523449855	2952790016	3087007743	0	17	5	1
3146	420052992	420085759	2013265920	2147483647	0	17	5	1
3147	3190030336	3190063103	3355443200	3489660927	0	17	5	1
3148	3706617856	3706650623	4160749568	4294967295	0	17	5	1
3149	1523449856	1523580927	301989888	335544319	0	15	7	1
3150	864026624	872415231	3758096384	4026531839	1	9	4	2
3151	855638016	857735167	1971322880	1973420031	0	11	11	1
3152	2415919104	2483027967	3105751040	3105816575	0	6	16	1
3153	2529165312	2531262463	2684354560	3221225471	88	11	3	1
3154	3190083584	3190087679	3221225472	4294967295	0	20	2	1
3155	3190087680	3190095871	3221225472	3758096383	0	19	3	1
3156	3758096384	4294967295	3263684608	3263692799	0	3	19	1
3157	4160749568	4194303999	4152623104	4152754175	0	7	15	1
3158	3724541952	3758096383	3263430656	3263561727	0	7	15	1
3159	4201250816	4201316351	2617245696	2684354559	0	16	6	1
3160	3706650624	3706716159	2617245696	2684354559	0	16	6	1
3161	3221225472	4294967295	2557784064	2557788159	0	2	20	1
3162	3699376128	3703570431	536870912	805306367	88	10	4	1
3163	4160749568	4194303999	2617245696	2684354559	88	7	6	1
3164	268435456	402653183	4127195136	4143972351	17	5	8	1
3165	420044800	420052991	3221225472	4294967295	0	19	2	1
3166	864026624	872415231	1973420032	1974468607	0	9	12	1
3167	536870912	805306367	1065353216	1073741823	88	4	9	1
3168	2483027968	2516582399	3263168512	3263430655	0	7	14	1
3169	2684354560	3221225471	1426063360	1434451967	1	3	9	2
3170	3221225472	3758096383	1065353216	1073741823	1	3	9	1
3171	4201119744	4201250815	2617245696	2684354559	0	15	6	1
3172	3221225472	4294967295	2557771776	2557779967	0	2	19	1
3173	0	4294967295	1058306048	1058308095	0	0	21	1
3174	3489660928	3623878655	1058340864	1058406399	0	5	16	1
3175	2147483648	4294967295	1059061760	1061158911	1	1	11	1
3176	1879048192	2147483647	1979711488	2013265919	1	4	7	1
3177	1681842176	1681850367	2147483648	4294967295	0	19	1	1
3178	2532532224	2532540415	2147483648	4294967295	0	19	1	1
3179	1681391616	1681653759	1879048192	1946157055	0	14	6	1
3180	420216832	420478975	939524096	1006632959	0	14	6	1
3181	268435456	402653183	1974468608	1974599679	0	5	15	1
3182	0	268435455	1974599680	1974665215	0	4	16	1
3183	0	268435455	4152819712	4152885247	0	4	16	1
3184	2147483648	2415919103	3105751040	3105816575	0	4	16	1
3185	3758096384	4026531839	4152819712	4152885247	0	4	16	1
3186	858390528	858521599	402653184	536870911	0	15	5	1
3187	858275840	858292223	3221225472	4294967295	0	18	2	1
3188	3706585088	3706601471	3221225472	4294967295	0	18	2	1
3189	2529165312	2531262463	3112173568	3120562175	0	11	9	1
3190	2533359616	2550136831	1973420032	1974468607	0	8	12	1
3191	3087007744	3154116607	2557476864	2557739007	0	6	14	1
3192	4227858432	4294967295	4152360960	4152623103	0	6	14	1
3193	3623878656	3690987519	1058013184	1058275327	0	6	14	1
3194	2684354560	3221225471	1426063360	1434451967	88	3	9	1
3195	3221225472	3758096383	1065353216	1073741823	88	3	9	1
3196	3190292480	3190816767	3221225472	3254779903	0	13	7	1
3197	4201250816	4201316351	2147483648	2415919103	0	16	4	1
3198	3706650624	3706716159	3758096384	4026531839	0	16	4	1
3199	3724541952	3758096383	3263692800	3264217087	0	7	13	1
3200	2147483648	4294967295	1059061760	1061158911	88	1	11	1
3201	1879048192	2147483647	1979711488	2013265919	88	4	7	1
3202	436207616	469762047	1973420032	1974468607	0	7	12	1
3203	436207616	469762047	1056964608	1058013183	0	7	12	1
3204	0	1073741823	1974697984	1974730751	0	2	17	1
3205	2147483648	2415919103	3105619968	3105751039	0	4	15	1
3206	4200595456	4201119743	2617245696	2684354559	0	13	6	1
3207	4201119744	4201250815	2147483648	2415919103	0	15	4	1
3208	3221225472	4294967295	2566914048	2583691263	1	2	8	2
3209	268435456	402653183	1058537472	1059061759	0	5	13	1
3210	4026531840	4160749567	3263692800	3264217087	0	5	13	1
3211	420020224	420036607	0	4294967295	0	18	0	1
3212	436207616	469762047	1971322880	1973420031	0	7	11	1
3213	0	1073741823	4152819712	4152885247	0	2	16	1
3214	3196059648	3204448255	3112173568	3120562175	0	9	9	1
3215	2684354560	2952790015	1435762688	1436024831	0	4	14	1
3216	4201349120	4201381887	2147483648	4294967295	0	17	1	1
3217	3758096384	4294967295	3263430656	3263561727	0	3	15	1
3218	3221225472	3758096383	939524096	1006632959	17	3	6	1
3219	4211081216	4227858431	0	1073741823	88	8	2	1
3220	4026531840	4160749567	3355443200	3489660927	88	5	5	1
3221	3221225472	4294967295	2566914048	2583691263	88	2	8	1
3222	3221225472	4294967295	1006632960	1040187391	1	2	7	1
3223	2147483648	4294967295	1058308096	1058340863	0	1	17	1
3224	3189768192	3190030335	2684354560	3221225471	0	14	3	1
3225	3758096384	4294967295	2557476864	2557739007	0	3	14	1
3226	3221225472	3758096383	1058013184	1058275327	0	3	14	1
3227	4200595456	4201119743	2147483648	2415919103	0	13	4	1
3228	2147483648	4294967295	1974599680	1974665215	0	1	16	1
3229	1073741824	1342177279	0	536870911	1	4	3	1
3230	2147483648	4294967295	1058406400	1058537471	0	1	15	1
3231	3221225472	3489660927	1056964608	1058013183	0	4	12	1
3232	1686110208	1694498815	1342177280	1409286143	0	9	6	1
3233	2147483648	2415919103	2684354560	3221225471	88	4	3	1
3234	1342177280	1476395007	2147483648	4294967295	1	5	1	3
3235	1523056640	1523318783	2147483648	4294967295	0	14	1	1
3236	2532573184	2532835327	2147483648	4294967295	0	14	1	1
3237	402653184	419430399	1979711488	2013265919	0	8	7	1
3238	2533359616	2550136831	1979711488	2013265919	0	8	7	1
3239	4211081216	4227858431	1006632960	1040187391	0	8	7	1
3240	420085760	420216831	0	4294967295	0	15	0	1
3241	2684354560	3221225471	3264217088	3265265663	0	3	12	1
3242	3154116608	3187671039	1409286144	1426063359	0	7	8	1
3243	4198498304	4200595455	2147483648	2415919103	0	11	4	1
3244	3221225472	3489660927	2554331136	2556428287	0	4	11	1
3245	1694498816	1711276031	3154116608	3221225471	0	8	6	1
3246	1694498816	1711276031	1879048192	1946157055	0	8	6	1
3247	1711276032	1744830463	1442840576	1476395007	0	7	7	1
3248	2483027968	2516582399	3221225472	3254779903	0	7	7	1
3249	2483027968	2516582399	1442840576	1476395007	0	7	7	1
3250	4160749568	4194303999	4093640704	4127195135	0	7	7	1
3251	0	1073741823	1610612736	2147483647	1	2	3	1
3252	2147483648	2415919103	2147483648	4294967295	1	4	1	1
3253	2529165312	2531262463	2684354560	3221225471	0	11	3	1
3254	3187671040	3189768191	2684354560	3221225471	0	11	3	1
3255	3758096384	4026531839	2550136832	2554331135	0	4	10	1
3256	4202692608	4211081215	2415919104	2550136831	0	9	5	1
3257	3699376128	3703570431	536870912	805306367	0	10	4	1
3258	1711276032	1744830463	3154116608	3221225471	0	7	6	1
3259	4160749568	4194303999	2617245696	2684354559	0	7	6	1
3260	1744830464	1879048191	1946157056	1962934271	0	5	8	1
3261	268435456	402653183	4127195136	4143972351	0	5	8	1
3262	2550136832	2684354559	1409286144	1426063359	0	5	8	1
3263	864026624	872415231	3758096384	4026531839	0	9	4	1
3264	536870912	805306367	1065353216	1073741823	0	4	9	1
3265	2147483648	2415919103	3254779904	3263168511	0	4	9	1
3266	0	1073741823	1610612736	2147483647	88	2	3	1
3267	2684354560	3221225471	1426063360	1434451967	0	3	9	1
3268	3221225472	3758096383	1065353216	1073741823	0	3	9	1
3269	2684354560	3221225471	2147483648	4294967295	88	3	1	1
3270	2147483648	4294967295	1971322880	1973420031	0	1	11	1
3271	2147483648	4294967295	1059061760	1061158911	0	1	11	1
3272	2147483648	4294967295	0	1073741823	1	1	2	3
3273	1879048192	2147483647	1979711488	2013265919	0	4	7	1
3274	3758096384	4026531839	4093640704	4127195135	0	4	7	1
3275	436207616	469762047	1610612736	1879048191	0	7	4	1
3276	3204448256	3221225471	2684354560	3221225471	0	8	3	1
3277	2147483648	4294967295	0	1073741823	88	1	2	1
3278	0	2147483647	0	4294967295	1	1	0	1
3279	4211081216	4227858431	0	1073741823	0	8	2	1
3280	4026531840	4160749567	3355443200	3489660927	0	5	5	1
3281	3221225472	4294967295	2566914048	2583691263	0	2	8	1
3282	0	4294967295	0	2147483647	1	0	1	3
3283	0	2147483647	0	4294967295	88	1	0	1
3284	2952790016	3087007743	3489660928	3758096383	0	5	4	1
3285	3758096384	4294967295	2617245696	2684354559	0	3	6	1
3286	3221225472	3758096383	939524096	1006632959	0	3	6	1
3287	3221225472	4294967295	1006632960	1040187391	0	2	7	1
3288	0	4294967295	0	4294967295	1	0	0	3
3289	0	4294967295	0	2147483647	88	0	1	1
3290	0	4294967295	0	4294967295	88	0	0	1
3291	1073741824	1342177279	0	536870911	0	4	3	1
3292	2147483648	2415919103	2684354560	3221225471	0	4	3	1
3293	1342177280	1476395007	2147483648	4294967295	0	5	1	1
3294	872415232	939524095	0	4294967295	0	6	0	1
3295	0	1073741823	1610612736	2147483647	0	2	3	1
3296	2147483648	2415919103	2147483648	4294967295	0	4	1	1
3297	2684354560	3221225471	2147483648	4294967295	0	3	1	1
3298	2147483648	4294967295	0	1073741823	0	1	2	1
3299	0	2147483647	0	4294967295	0	1	0	1
3300	0	4294967295	0	2147483647	0	0	1	1
3301	0	4294967295	0	4294967295	0	0	0	1
