Merged IP Table (6331 entries):
Idx	SrcIP_lo	SrcIP_hi	DstIP_lo	DstIP_hi	Proto	SrcMask	DstMask	MergedCount
0	2364355612	2364355615	3310636005	3310636005	6	30	32	8
1	2364355612	2364355615	3310636005	3310636005	17	30	32	4
2	896036896	896036911	1702521215	1702521215	17	28	32	13
3	896036896	896036911	1702521215	1702521215	6	28	32	13
4	3977726560	3977726575	3772742651	3772742651	6	28	32	6
5	3977726560	3977726575	3772742651	3772742651	17	28	32	2
6	1423337419	1423337419	1177679604	1177679604	6	32	32	8
7	1423337419	1423337419	1177679604	1177679604	17	32	32	1
8	2660293609	2660293609	3310636005	3310636005	6	32	32	14
9	2660293609	2660293609	3310636005	3310636005	17	32	32	4
10	716741216	716741247	780854497	780854497	6	27	32	15
11	716741216	716741247	780854497	780854497	17	27	32	3
12	3849810208	3849810239	3310636005	3310636005	6	27	32	19
13	3849810208	3849810239	3310636005	3310636005	17	27	32	6
14	2107400000	2107400063	2284271598	2284271598	6	26	32	4
15	2191135909	2191135909	3310636004	3310636004	6	32	32	9
16	2191135909	2191135909	3310636004	3310636004	17	32	32	5
17	3015529343	3015529343	3310636004	3310636004	6	32	32	18
18	3015529343	3015529343	3310636004	3310636004	17	32	32	7
19	3462313949	3462313949	3310636004	3310636004	17	32	32	3
20	3462313949	3462313949	3310636004	3310636004	6	32	32	7
21	409519096	409519096	780854497	780854497	6	32	32	29
22	409519096	409519096	780854497	780854497	17	32	32	18
23	2191135909	2191135909	3310636005	3310636005	6	32	32	23
24	2191135909	2191135909	3310636005	3310636005	17	32	32	10
25	2364355610	2364355610	3310636005	3310636005	6	32	32	2
26	716741193	716741193	780854498	780854499	17	32	31	7
27	716741193	716741193	780854498	780854499	6	32	31	23
28	2542824639	2542824639	3310636006	3310636007	6	32	31	8
29	2542824639	2542824639	3310636006	3310636007	17	32	31	2
30	2107400000	2107400063	780854497	780854497	17	26	32	4
31	2107400000	2107400063	780854497	780854497	6	26	32	5
32	3849810304	3849810431	2284271598	2284271598	6	25	32	12
33	3849810304	3849810431	2284271598	2284271598	17	25	32	3
34	48035712	48035839	1177679604	1177679604	6	25	32	22
35	48035712	48035839	1177679604	1177679604	17	25	32	12
36	2107400064	2107400191	1702521215	1702521215	6	25	32	10
37	2107400064	2107400191	1702521215	1702521215	17	25	32	3
38	3977726592	3977726719	3772742651	3772742651	6	25	32	10
39	3977726592	3977726719	3772742651	3772742651	17	25	32	11
40	3977726592	3977726719	3310636005	3310636005	6	25	32	15
41	3977726592	3977726719	3310636005	3310636005	17	25	32	10
42	3849810304	3849810431	3772742651	3772742651	17	25	32	10
43	3849810304	3849810431	3772742651	3772742651	6	25	32	12
44	158904533	158904533	780854496	780854496	6	32	32	19
45	158904533	158904533	780854496	780854496	17	32	32	11
46	409519096	409519096	1177679600	1177679603	6	32	30	17
47	409519096	409519096	1177679600	1177679603	17	32	30	7
48	1050023410	1050023410	780854500	780854503	17	32	30	3
49	1050023410	1050023410	780854500	780854503	6	32	30	4
50	1700738655	1700738655	780854500	780854503	6	32	30	12
51	1700738655	1700738655	780854500	780854503	17	32	30	5
52	1559406959	1559406959	1177679600	1177679603	6	32	30	6
53	1559406959	1559406959	1177679600	1177679603	17	32	30	4
54	3116148034	3116148034	3772742652	3772742655	6	32	30	5
55	4244765781	4244765781	3772742652	3772742655	6	32	30	11
56	4244765781	4244765781	3772742652	3772742655	17	32	30	3
57	608278415	608278415	780854497	780854497	6	32	32	12
58	608278415	608278415	780854497	780854497	17	32	32	7
59	1423337418	1423337418	1177679604	1177679604	6	32	32	13
60	1423337418	1423337418	1177679604	1177679604	17	32	32	5
61	3462313948	3462313948	3310636005	3310636005	17	32	32	8
62	3462313948	3462313948	3310636005	3310636005	6	32	32	12
63	48035604	48035604	1177679605	1177679605	6	32	32	9
64	48035604	48035604	1177679605	1177679605	17	32	32	6
65	1700738654	1700738654	3772742650	3772742650	6	32	32	8
66	1700738654	1700738654	3772742650	3772742650	17	32	32	2
67	2660293608	2660293608	3310636004	3310636004	17	32	32	10
68	2660293608	2660293608	3310636004	3310636004	6	32	32	21
69	3680559165	3680559165	3310636004	3310636004	17	32	32	17
70	3680559165	3680559165	3310636004	3310636004	6	32	32	26
71	158904533	158904533	340077080	340077087	17	32	29	7
72	158904533	158904533	340077080	340077087	6	32	29	10
73	1920268307	1920268307	780854504	780854511	6	32	29	11
74	1920268307	1920268307	780854504	780854511	17	32	29	6
75	1789738865	1789738865	780854504	780854511	6	32	29	51
76	1789738865	1789738865	780854504	780854511	17	32	29	19
77	1341008457	1341008457	780854504	780854511	6	32	29	7
78	1341008457	1341008457	780854504	780854511	17	32	29	4
79	1178433239	1178433239	1177679608	1177679615	6	32	29	40
80	1178433239	1178433239	1177679608	1177679615	17	32	29	25
81	2913958428	2913958428	3772742640	3772742647	6	32	29	5
82	2913958428	2913958428	3772742640	3772742647	17	32	29	2
83	409519098	409519099	1177679604	1177679604	6	31	32	48
84	409519098	409519099	1177679604	1177679604	17	31	32	29
85	374473764	374473764	1177679606	1177679607	6	32	31	5
86	374473764	374473764	1177679606	1177679607	17	32	31	1
87	608278414	608278414	780854498	780854499	6	32	31	5
88	608278414	608278414	780854498	780854499	17	32	31	1
89	3616316252	3616316252	3310636006	3310636007	6	32	31	3
90	3616316252	3616316252	3310636006	3310636007	17	32	31	2
91	1423336960	1423337215	340077075	340077075	6	24	32	6
92	1423336960	1423337215	340077075	340077075	17	24	32	6
93	3977726720	3977726975	3310636005	3310636005	6	24	32	5
94	3977726720	3977726975	3310636005	3310636005	17	24	32	4
95	48035605	48035605	1177679584	1177679599	6	32	28	7
96	374473764	374473764	340077056	340077071	6	32	28	5
97	374473764	374473764	340077056	340077071	17	32	28	4
98	3616316252	3616316252	2838432992	2838433007	6	32	28	3
99	3680559164	3680559164	3310636016	3310636031	6	32	28	12
100	374473765	374473765	1177679606	1177679607	6	32	31	22
101	374473765	374473765	1177679606	1177679607	17	32	31	9
102	716741192	716741192	1702521212	1702521213	6	32	31	49
103	716741192	716741192	1702521212	1702521213	17	32	31	16
104	1920268306	1920268306	1177679606	1177679607	6	32	31	19
105	1920268306	1920268306	1177679606	1177679607	17	32	31	9
106	2364355611	2364355611	3310636006	3310636007	6	32	31	1
107	2364355611	2364355611	3310636006	3310636007	17	32	31	1
108	374473764	374473764	340077076	340077079	6	32	30	13
109	374473764	374473764	340077076	340077079	17	32	30	5
110	716741193	716741193	1702521208	1702521211	17	32	30	3
111	716741193	716741193	1702521208	1702521211	6	32	30	7
112	2660293609	2660293609	3310636000	3310636003	17	32	30	6
113	2660293609	2660293609	3310636000	3310636003	6	32	30	11
114	2913958428	2913958428	3772742652	3772742655	6	32	30	3
115	2913958428	2913958428	3772742652	3772742655	17	32	30	2
116	3462313949	3462313949	3310636000	3310636003	6	32	30	2
117	608278408	608278411	1177679604	1177679604	17	30	32	18
118	608278408	608278411	1177679604	1177679604	6	30	32	38
119	2191135904	2191135907	3310636005	3310636005	6	30	32	55
120	2191135904	2191135907	3310636005	3310636005	17	30	32	22
121	2191135910	2191135911	3310636004	3310636004	6	31	32	55
122	2191135910	2191135911	3310636004	3310636004	17	31	32	18
123	48035605	48035605	1177679608	1177679615	17	32	29	4
124	48035605	48035605	1177679608	1177679615	6	32	29	7
125	2107399988	2107399988	2284271584	2284271591	6	32	29	26
126	2107399988	2107399988	2284271584	2284271591	17	32	29	10
127	1341008457	1341008457	3772742640	3772742647	17	32	29	4
128	1341008457	1341008457	3772742640	3772742647	6	32	29	15
129	2542824639	2542824639	2284271584	2284271591	6	32	29	9
130	2542824639	2542824639	2284271584	2284271591	17	32	29	2
131	3015529343	3015529343	2838433016	2838433023	6	32	29	37
132	3015529343	3015529343	2838433016	2838433023	17	32	29	15
133	3329192354	3329192354	2838433016	2838433023	17	32	29	2
134	3329192354	3329192354	2838433016	2838433023	6	32	29	3
135	48035606	48035607	1177679606	1177679607	6	31	31	20
136	48035606	48035607	1177679606	1177679607	17	31	31	9
137	1700738652	1700738653	1177679606	1177679607	17	31	31	10
138	1700738652	1700738653	1177679606	1177679607	6	31	31	18
139	3616316254	3616316255	3310636006	3310636007	6	31	31	5
140	3616316254	3616316255	3310636006	3310636007	17	31	31	3
141	3680559166	3680559167	3310636006	3310636007	6	31	31	12
142	3680559166	3680559167	3310636006	3310636007	17	31	31	6
143	158904532	158904532	340077076	340077079	6	32	30	29
144	158904532	158904532	340077076	340077079	17	32	30	13
145	1050023411	1050023411	2284271592	2284271595	6	32	30	1
146	2191135908	2191135908	3310636000	3310636003	6	32	30	26
147	2191135908	2191135908	3310636000	3310636003	17	32	30	15
148	3116148035	3116148035	3772742652	3772742655	6	32	30	6
149	3116148035	3116148035	3772742652	3772742655	17	32	30	2
150	4244765780	4244765780	2284271592	2284271595	6	32	30	27
151	4244765780	4244765780	2284271592	2284271595	17	32	30	15
152	608278414	608278414	1177679552	1177679583	17	32	27	5
153	608278414	608278414	1177679552	1177679583	6	32	27	6
154	1789736960	1789737983	1702521215	1702521215	6	22	32	9
155	1789736960	1789737983	1702521215	1702521215	17	22	32	1
156	3977726976	3977727999	3772742651	3772742651	6	22	32	9
157	3977726976	3977727999	3772742651	3772742651	17	22	32	6
158	1789738872	1789738879	3772742650	3772742650	6	29	32	45
159	2660293612	2660293615	3310636004	3310636004	6	30	32	48
160	2660293612	2660293615	3310636004	3310636004	17	30	32	25
161	3616316248	3616316251	3310636004	3310636004	6	30	32	40
162	3616316248	3616316251	3310636004	3310636004	17	30	32	10
163	3015529342	3015529342	3310636008	3310636015	6	32	29	39
164	48035608	48035615	1177679605	1177679605	6	29	32	64
165	48035608	48035615	1177679605	1177679605	17	29	32	22
166	158904536	158904543	1177679605	1177679605	6	29	32	63
167	158904536	158904543	1177679605	1177679605	17	29	32	27
168	374473768	374473775	1177679605	1177679605	6	29	32	62
169	374473768	374473775	1177679605	1177679605	17	29	32	30
170	1789738872	1789738879	3772742650	3772742650	17	29	32	32
171	2364355600	2364355607	3310636004	3310636004	6	29	32	17
172	2364355600	2364355607	3310636004	3310636004	17	29	32	5
173	3680559152	3680559159	3310636004	3310636004	6	29	32	51
174	3680559152	3680559159	3310636004	3310636004	17	29	32	28
175	158904534	158904535	1177679600	1177679603	6	31	30	50
176	158904534	158904535	1177679600	1177679603	17	31	30	15
177	374473766	374473767	2284271592	2284271595	17	31	30	2
178	374473766	374473767	2284271592	2284271595	6	31	30	2
179	716741194	716741195	780854500	780854503	6	31	30	49
180	716741194	716741195	780854500	780854503	17	31	30	25
181	896036920	896036921	780854500	780854503	17	31	30	15
182	896036920	896036921	780854500	780854503	6	31	30	24
183	1050023408	1050023409	780854500	780854503	6	31	30	21
184	1050023408	1050023409	780854500	780854503	17	31	30	10
185	2364355608	2364355609	2838433008	2838433011	6	31	30	4
186	2364355608	2364355609	2838433008	2838433011	17	31	30	2
187	2660293610	2660293611	3310636000	3310636003	6	31	30	33
188	2660293610	2660293611	3310636000	3310636003	17	31	30	16
189	3015529340	3015529341	3310636000	3310636003	6	31	30	52
190	3015529340	3015529341	3310636000	3310636003	17	31	30	29
191	158904528	158904531	1177679606	1177679607	17	30	31	28
192	158904528	158904531	1177679606	1177679607	6	30	31	55
193	716741196	716741199	1702521212	1702521213	6	30	31	42
194	716741196	716741199	1702521212	1702521213	17	30	31	16
195	1920268308	1920268311	1177679606	1177679607	17	30	31	5
196	1920268308	1920268311	1177679606	1177679607	6	30	31	5
197	4244765776	4244765779	3310636006	3310636007	6	30	31	46
198	4244765776	4244765779	3310636006	3310636007	17	30	31	27
199	409519097	409519097	1177679608	1177679615	17	32	29	16
200	409519097	409519097	1177679608	1177679615	6	32	29	36
201	3015529342	3015529342	3310636008	3310636015	17	32	29	21
202	1700738655	1700738655	780854512	780854527	6	32	28	11
203	1700738655	1700738655	780854512	780854527	17	32	28	4
204	2760439879	2760439879	2838432992	2838433007	17	32	28	5
205	2760439879	2760439879	2838432992	2838433007	6	32	28	11
206	1178433239	1178433239	340077120	340077183	6	32	26	13
207	1178433239	1178433239	340077120	340077183	17	32	26	4
208	2364355610	2364355610	3310635904	3310635967	6	32	26	1
209	2660293616	2660293631	3310636005	3310636005	6	28	32	18
210	2660293616	2660293631	3310636005	3310636005	17	28	32	9
211	3329192368	3329192383	3310636005	3310636005	6	28	32	50
212	3329192368	3329192383	3310636005	3310636005	17	28	32	28
213	3116148034	3116148034	2284271552	2284271583	17	32	27	2
214	3680559164	3680559164	3310636016	3310636031	17	32	28	2
215	409519072	409519087	780854496	780854496	6	28	32	46
216	409519072	409519087	780854496	780854496	17	28	32	19
217	716741200	716741215	1702521214	1702521214	6	28	32	61
218	716741200	716741215	1702521214	1702521214	17	28	32	30
219	3015529312	3015529327	3310636004	3310636004	6	28	32	34
220	3015529312	3015529327	3310636004	3310636004	17	28	32	17
221	374473760	374473763	1177679600	1177679603	6	30	30	59
222	374473760	374473763	1177679600	1177679603	17	30	30	25
223	1559406952	1559406955	1177679600	1177679603	6	30	30	1
224	2913958424	2913958427	3772742652	3772742655	6	30	30	29
225	2913958424	2913958427	3772742652	3772742655	17	30	30	13
226	374473728	374473759	1177679605	1177679605	6	27	32	50
227	716741184	716741191	1702521212	1702521213	17	29	31	19
228	716741184	716741191	1702521212	1702521213	6	29	31	48
229	1700738640	1700738647	1177679606	1177679607	17	29	31	25
230	1700738640	1700738647	1177679606	1177679607	6	29	31	55
231	716741193	716741193	1702521152	1702521183	17	32	27	14
232	716741193	716741193	1702521152	1702521183	6	32	27	32
233	896036922	896036922	340077056	340077071	6	32	28	19
234	896036922	896036922	340077056	340077071	17	32	28	14
235	1789738864	1789738864	780854512	780854527	6	32	28	49
236	1789738864	1789738864	780854512	780854527	17	32	28	19
237	2760439878	2760439878	2284271600	2284271615	6	32	28	17
238	2760439878	2760439878	2284271600	2284271615	17	32	28	10
239	3616316253	3616316253	3310636016	3310636031	6	32	28	8
240	3616316253	3616316253	3310636016	3310636031	17	32	28	5
241	3849810179	3849810179	3310636016	3310636031	6	32	28	1
242	1920268304	1920268305	780854504	780854511	6	31	29	6
243	1920268304	1920268305	2284271584	2284271591	17	31	29	12
244	1920268304	1920268305	2284271584	2284271591	6	31	29	27
245	2107399990	2107399991	2284271584	2284271591	6	31	29	31
246	2107399990	2107399991	2284271584	2284271591	17	31	29	12
247	1700738652	1700738653	3772742640	3772742647	6	31	29	21
248	1700738652	1700738653	3772742640	3772742647	17	31	29	6
249	1341008458	1341008459	780854504	780854511	6	31	29	12
250	1341008458	1341008459	780854504	780854511	17	31	29	2
251	1178433236	1178433237	1177679608	1177679615	17	31	29	17
252	1178433236	1178433237	1177679608	1177679615	6	31	29	33
253	3680559166	3680559167	3310636008	3310636015	17	31	29	16
254	3680559166	3680559167	3310636008	3310636015	6	31	29	36
255	4244765782	4244765783	2284271584	2284271591	6	31	29	49
256	4244765782	4244765783	2284271584	2284271591	17	31	29	19
257	2542824576	2542824607	3310636005	3310636005	6	27	32	62
258	2542824576	2542824607	3310636005	3310636005	17	27	32	31
259	3462307840	3462311935	2838433013	2838433013	17	20	32	2
260	3462307840	3462311935	2838433013	2838433013	6	20	32	4
261	3977728000	3977732095	3772742651	3772742651	17	20	32	4
262	3977728000	3977732095	3772742651	3772742651	6	20	32	3
263	48035584	48035599	1177679606	1177679607	6	28	31	10
264	48035584	48035599	1177679606	1177679607	17	28	31	6
265	48035584	48035599	340077072	340077073	6	28	31	24
266	48035584	48035599	340077072	340077073	17	28	31	10
267	158904512	158904527	780854498	780854499	6	28	31	51
268	158904512	158904527	780854498	780854499	17	28	31	24
269	374473776	374473791	780854498	780854499	6	28	31	47
270	374473776	374473791	780854498	780854499	17	28	31	27
271	1920268288	1920268303	1177679606	1177679607	6	28	31	54
272	1920268288	1920268303	1177679606	1177679607	17	28	31	27
273	409519040	409519071	780854496	780854496	6	27	32	51
274	409519040	409519071	780854496	780854496	17	27	32	14
275	374473728	374473759	1177679605	1177679605	17	27	32	28
276	3616316256	3616316287	3310636004	3310636004	6	27	32	46
277	3616316256	3616316287	3310636004	3310636004	17	27	32	22
278	608278464	608278527	780854497	780854497	6	26	32	28
279	608278464	608278527	780854497	780854497	17	26	32	17
280	3116148034	3116148034	2284271552	2284271583	6	32	27	2
281	716741196	716741199	2284271584	2284271591	17	30	29	10
282	716741196	716741199	2284271584	2284271591	6	30	29	21
283	1920268308	1920268311	780854504	780854511	6	30	29	42
284	1920268308	1920268311	780854504	780854511	17	30	29	17
285	1700738648	1700738651	780854504	780854511	6	30	29	54
286	1700738648	1700738651	780854504	780854511	17	30	29	21
287	1789738868	1789738871	1177679608	1177679615	6	30	29	47
288	1789738868	1789738871	1177679608	1177679615	17	30	29	23
289	1178433232	1178433235	1177679608	1177679615	6	30	29	44
290	1178433232	1178433235	1177679608	1177679615	17	30	29	19
291	2542824632	2542824635	3310636008	3310636015	6	30	29	31
292	2542824632	2542824635	3310636008	3310636015	17	30	29	14
293	3680559160	3680559163	3310636008	3310636015	17	30	29	26
294	3680559160	3680559163	3310636008	3310636015	6	30	29	36
295	896036912	896036919	780854500	780854503	6	29	30	42
296	896036912	896036919	780854500	780854503	17	29	30	17
297	3116148040	3116148047	3772742652	3772742655	6	29	30	30
298	3116148040	3116148047	3772742652	3772742655	17	29	30	12
299	2760439880	2760439887	3772742652	3772742655	6	29	30	63
300	2760439880	2760439887	3772742652	3772742655	17	29	30	23
301	3329192360	3329192367	3310636000	3310636003	6	29	30	22
302	3329192360	3329192367	3310636000	3310636003	17	29	30	8
303	2107399989	2107399989	2284271552	2284271583	6	32	27	14
304	2107399989	2107399989	2284271552	2284271583	17	32	27	2
305	1341008456	1341008456	1177679552	1177679583	6	32	27	21
306	1341008456	1341008456	1177679552	1177679583	17	32	27	10
307	1178433238	1178433238	340077088	340077119	17	32	27	16
308	1178433238	1178433238	340077088	340077119	6	32	27	40
309	2913958429	2913958429	2838432960	2838432991	6	32	27	11
310	2913958429	2913958429	2838432960	2838432991	17	32	27	3
311	3329192355	3329192355	2838432960	2838432991	6	32	27	8
312	3329192355	3329192355	2838432960	2838432991	17	32	27	2
313	1789738866	1789738867	780854512	780854527	17	31	28	21
314	1789738866	1789738867	780854512	780854527	6	31	28	52
315	2760439876	2760439877	2838432992	2838433007	17	31	28	16
316	2760439876	2760439877	2838432992	2838433007	6	31	28	31
317	1178419200	1178427391	1702521215	1702521215	6	19	32	5
318	1178419200	1178427391	1702521215	1702521215	17	19	32	1
319	3616316288	3616316415	3310636005	3310636005	6	25	32	33
320	4244765781	4244765781	2284271488	2284271551	6	32	26	22
321	4244765781	4244765781	2284271488	2284271551	17	32	26	12
322	48035600	48035603	1177679584	1177679599	6	30	28	34
323	48035600	48035603	1177679584	1177679599	17	30	28	14
324	1050023412	1050023415	1702521184	1702521199	6	30	28	23
325	1050023412	1050023415	1702521184	1702521199	17	30	28	5
326	3015529336	3015529339	2838432992	2838433007	6	30	28	22
327	3015529336	3015529339	2838432992	2838433007	17	30	28	8
328	2760439872	2760439875	2838432992	2838433007	17	30	28	12
329	2760439872	2760439875	2838432992	2838433007	6	30	28	30
330	3849810180	3849810183	3310636016	3310636031	6	30	28	7
331	3849810180	3849810183	3310636016	3310636031	17	30	28	6
332	48035616	48035647	1177679606	1177679607	6	27	31	60
333	48035616	48035647	1177679606	1177679607	17	27	31	29
334	1050023360	1050023391	780854498	780854499	17	27	31	13
335	1050023360	1050023391	780854498	780854499	6	27	31	24
336	1341008480	1341008511	780854498	780854499	6	27	31	28
337	1341008480	1341008511	780854498	780854499	17	27	31	13
338	2191135872	2191135903	2838433014	2838433015	6	27	31	45
339	2191135872	2191135903	2838433014	2838433015	17	27	31	20
340	2660293568	2660293599	3310636006	3310636007	17	27	31	18
341	2660293568	2660293599	3310636006	3310636007	6	27	31	57
342	4244765792	4244765823	2284271596	2284271597	17	27	31	20
343	4244765792	4244765823	2284271596	2284271597	6	27	31	42
344	409519072	409519087	1177679600	1177679603	6	28	30	22
345	409519072	409519087	1177679600	1177679603	17	28	30	7
346	1700738624	1700738639	780854500	780854503	17	28	30	21
347	1700738624	1700738639	780854500	780854503	6	28	30	38
348	4244765760	4244765775	3310636000	3310636003	6	28	30	49
349	4244765760	4244765775	3310636000	3310636003	17	28	30	24
350	374473792	374473855	1177679605	1177679605	6	26	32	10
351	374473792	374473855	1177679605	1177679605	17	26	32	12
352	2364355648	2364355711	3310636004	3310636004	6	26	32	55
353	2364355648	2364355711	3310636004	3310636004	17	26	32	21
354	1920268312	1920268319	780854504	780854511	17	29	29	16
355	1920268312	1920268319	780854504	780854511	6	29	29	33
356	1341008448	1341008455	780854504	780854511	17	29	29	21
357	1341008448	1341008455	780854504	780854511	6	29	29	58
358	2191135912	2191135919	3310636008	3310636015	6	29	29	55
359	2191135912	2191135919	3310636008	3310636015	17	29	29	22
360	2107399990	2107399991	2284271552	2284271583	6	31	27	18
361	2107399990	2107399991	2284271552	2284271583	17	31	27	4
362	3116148032	3116148033	2284271552	2284271583	6	31	27	10
363	3116148032	3116148033	2284271552	2284271583	17	31	27	5
364	3680559166	3680559167	3310635968	3310635999	17	31	27	2
365	3680559166	3680559167	3310635968	3310635999	6	31	27	1
366	1559406959	1559406959	340077184	340077311	6	32	25	13
367	3680559164	3680559164	3310635776	3310635903	6	32	25	5
368	3680559164	3680559164	3310635776	3310635903	17	32	25	2
369	1559406958	1559406958	3772742528	3772742591	17	32	26	1
370	3616316288	3616316415	3310636005	3310636005	17	25	32	17
371	158904320	158904447	1177679605	1177679605	6	25	32	53
372	158904320	158904447	1177679605	1177679605	17	25	32	23
373	2191135744	2191135871	2838433012	2838433012	6	25	32	23
374	2191135744	2191135871	2838433012	2838433012	17	25	32	15
375	2660293376	2660293503	3310636004	3310636004	6	25	32	55
376	2660293376	2660293503	3310636004	3310636004	17	25	32	31
377	158904544	158904575	780854500	780854503	6	27	30	55
378	158904544	158904575	780854500	780854503	17	27	30	28
379	2364355616	2364355647	2838433008	2838433011	6	27	30	32
380	2364355616	2364355647	2838433008	2838433011	17	27	30	14
381	3015529280	3015529311	3310636000	3310636003	6	27	30	61
382	3015529280	3015529311	3310636000	3310636003	17	27	30	27
383	608278400	608278407	1177679584	1177679599	6	29	28	53
384	608278400	608278407	1177679584	1177679599	17	29	28	20
385	3015529328	3015529335	3310636016	3310636031	6	29	28	50
386	3015529328	3015529335	3310636016	3310636031	17	29	28	29
387	3616316240	3616316247	2838432992	2838433007	17	29	28	22
388	3616316240	3616316247	2838432992	2838433007	6	29	28	40
389	608278416	608278431	780854504	780854511	17	28	29	31
390	608278416	608278431	780854504	780854511	6	28	29	49
391	2542824608	2542824623	3310636008	3310636015	6	28	29	48
392	2542824608	2542824623	3310636008	3310636015	17	28	29	22
393	3116148048	3116148063	3772742640	3772742647	6	28	29	67
394	3116148048	3116148063	3772742640	3772742647	17	28	29	22
395	1050023412	1050023415	2284271552	2284271583	6	30	27	18
396	1050023412	1050023415	2284271552	2284271583	17	30	27	5
397	3015529336	3015529339	2284271552	2284271583	6	30	27	34
398	3015529336	3015529339	2284271552	2284271583	17	30	27	24
399	3116148036	3116148039	2284271552	2284271583	6	30	27	18
400	3116148036	3116148039	2284271552	2284271583	17	30	27	9
401	3329192356	3329192359	3310635968	3310635999	6	30	27	25
402	3329192356	3329192359	3310635968	3310635999	17	30	27	10
403	1341008384	1341008447	780854498	780854499	17	26	31	6
404	1341008384	1341008447	780854498	780854499	6	26	31	11
405	3462313856	3462313919	3310636006	3310636007	6	26	31	48
406	3462313856	3462313919	3310636006	3310636007	17	26	31	28
407	1423337416	1423337417	1177679488	1177679551	6	31	26	17
408	1423337416	1423337417	1177679488	1177679551	17	31	26	9
409	2542824636	2542824637	2284271488	2284271551	17	31	26	11
410	2542824636	2542824637	2284271488	2284271551	6	31	26	17
411	3849810176	3849810177	2284271488	2284271551	6	31	26	2
412	1559406958	1559406958	3772742528	3772742591	6	32	26	2
413	1559406958	1559406958	1702521216	1702521343	6	32	25	14
414	1559406958	1559406958	1702521216	1702521343	17	32	25	5
415	2191136000	2191136255	2838433013	2838433013	6	24	32	18
416	2191136000	2191136255	2838433013	2838433013	17	24	32	4
417	3015528960	3015529215	3310636005	3310636005	6	24	32	44
418	3015528960	3015529215	3310636005	3310636005	17	24	32	17
419	3329192384	3329192447	3310636000	3310636003	6	26	30	38
420	3849810178	3849810178	2284271104	2284271359	17	32	24	5
421	3849810178	3849810178	2284271104	2284271359	6	32	24	4
422	48035648	48035711	780854500	780854503	17	26	30	20
423	48035648	48035711	780854500	780854503	6	26	30	49
424	896036928	896036991	780854500	780854503	17	26	30	5
425	896036928	896036991	780854500	780854503	6	26	30	19
426	1920268352	1920268415	1177679600	1177679603	17	26	30	4
427	1920268352	1920268415	1177679600	1177679603	6	26	30	3
428	3329192384	3329192447	3310636000	3310636003	17	26	30	17
429	409518080	409518591	780854497	780854497	6	23	32	47
430	409518080	409518591	780854497	780854497	17	23	32	23
431	2542824960	2542825471	3310636005	3310636005	6	23	32	47
432	2542824960	2542825471	3310636005	3310636005	17	23	32	21
433	4045443584	4045444095	2284271598	2284271598	17	23	32	8
434	4045443584	4045444095	2284271598	2284271598	6	23	32	16
435	608278272	608278399	1177679600	1177679603	17	25	30	37
436	896036924	896036927	340077120	340077183	17	30	26	12
437	896036924	896036927	340077120	340077183	6	30	26	32
438	1789738816	1789738847	3772742640	3772742647	17	27	29	13
439	1789738816	1789738847	3772742640	3772742647	6	27	29	33
440	1789738848	1789738863	780854512	780854527	6	28	28	54
441	1789738848	1789738863	780854512	780854527	17	28	28	22
442	2364355584	2364355599	2838432992	2838433007	6	28	28	12
443	2364355584	2364355599	2838432992	2838433007	17	28	28	6
444	1559406959	1559406959	340077184	340077311	17	32	25	4
445	2191135744	2191135871	3310636006	3310636007	6	25	31	35
446	2191135744	2191135871	3310636006	3310636007	17	25	31	13
447	3680559232	3680559359	3310636006	3310636007	17	25	31	24
448	3680559232	3680559359	3310636006	3310636007	6	25	31	43
449	4244765824	4244765951	3772742648	3772742649	17	25	31	21
450	4244765824	4244765951	3772742648	3772742649	6	25	31	45
451	2542824638	2542824638	3310635520	3310635775	6	32	24	11
452	2542824638	2542824638	3310635520	3310635775	17	32	24	5
453	2542824624	2542824631	3310635968	3310635999	6	29	27	60
454	2542824624	2542824631	3310635968	3310635999	17	29	27	18
455	3462313936	3462313943	3310635968	3310635999	6	29	27	30
456	3462313936	3462313943	3310635968	3310635999	17	29	27	19
457	2913958430	2913958431	3772742400	3772742527	6	31	25	14
458	2913958430	2913958431	3772742400	3772742527	17	31	25	10
459	2913958428	2913958428	340076544	340077055	6	32	23	3
460	3462313949	3462313949	340076544	340077055	17	32	23	3
461	3849809920	3849810175	3310636004	3310636004	17	24	32	2
462	48033792	48034815	340077075	340077075	6	22	32	6
463	48033792	48034815	340077075	340077075	17	22	32	3
464	158905344	158906367	1177679604	1177679604	6	22	32	11
465	158905344	158906367	1177679604	1177679604	17	22	32	4
466	374472704	374473727	1177679604	1177679604	6	22	32	5
467	374472704	374473727	1177679604	1177679604	17	22	32	1
468	1178431488	1178432511	1177679604	1177679604	17	22	32	18
469	1178431488	1178432511	1177679604	1177679604	6	22	32	45
470	1559407616	1559408639	3772742651	3772742651	6	22	32	12
471	1559407616	1559408639	3772742651	3772742651	17	22	32	5
472	3015529472	3015530495	3310636005	3310636005	6	22	32	46
473	3015529472	3015530495	3310636005	3310636005	17	22	32	22
474	48034816	48035327	340077074	340077074	6	23	32	10
475	48034816	48035327	340077074	340077074	17	23	32	5
476	158904832	158905343	780854496	780854496	17	23	32	23
477	158904832	158905343	780854496	780854496	6	23	32	42
478	3616315392	3616315903	3310636004	3310636004	6	23	32	23
479	3616315392	3616315903	3310636004	3310636004	17	23	32	14
480	158904576	158904831	780854498	780854499	17	24	31	31
481	158904576	158904831	780854498	780854499	6	24	31	49
482	409518592	409518847	1177679606	1177679607	6	24	31	55
483	409518592	409518847	1177679606	1177679607	17	24	31	25
484	3680559360	3680559615	3310636006	3310636007	6	24	31	15
485	3680559360	3680559615	3310636006	3310636007	17	24	31	5
486	374473792	374473855	340077080	340077087	6	26	29	29
487	374473792	374473855	340077080	340077087	17	26	29	13
488	608278464	608278527	1177679608	1177679615	17	26	29	18
489	608278464	608278527	1177679608	1177679615	6	26	29	33
490	1341008384	1341008447	1177679608	1177679615	17	26	29	22
491	1341008384	1341008447	1177679608	1177679615	6	26	29	43
492	3015529216	3015529279	3310636008	3310636015	6	26	29	45
493	3015529216	3015529279	3310636008	3310636015	17	26	29	16
494	3116147968	3116148031	3772742640	3772742647	6	26	29	45
495	3116147968	3116148031	3772742640	3772742647	17	26	29	21
496	3616316160	3616316223	2838433016	2838433023	6	26	29	30
497	3616316160	3616316223	2838433016	2838433023	17	26	29	14
498	608278272	608278399	1177679600	1177679603	6	25	30	52
499	1050023168	1050023295	780854500	780854503	17	25	30	21
500	1050023168	1050023295	780854500	780854503	6	25	30	44
501	1920268416	1920268543	1177679600	1177679603	17	25	30	30
502	1920268416	1920268543	1177679600	1177679603	6	25	30	47
503	1700738688	1700738815	780854500	780854503	17	25	30	26
504	1700738688	1700738815	780854500	780854503	6	25	30	43
505	1559406976	1559407103	1177679600	1177679603	6	25	30	26
506	1559406976	1559407103	1177679600	1177679603	17	25	30	12
507	3015529344	3015529471	3310636000	3310636003	17	25	30	24
508	3015529344	3015529471	3310636000	3310636003	6	25	30	51
509	2913958528	2913958655	3772742652	3772742655	6	25	30	51
510	2913958528	2913958655	3772742652	3772742655	17	25	30	19
511	4244765824	4244765951	2284271592	2284271595	6	25	30	13
512	4244765824	4244765951	2284271592	2284271595	17	25	30	2
513	716741216	716741247	1702521184	1702521199	6	27	28	37
514	716741216	716741247	1702521184	1702521199	17	27	28	18
515	1050023360	1050023391	340077056	340077071	17	27	28	19
516	1050023360	1050023391	340077056	340077071	6	27	28	43
517	3116148064	3116148095	2284271600	2284271615	17	27	28	23
518	3116148064	3116148095	2284271600	2284271615	6	27	28	57
519	3462313952	3462313983	2838432992	2838433007	17	27	28	27
520	3462313952	3462313983	2838432992	2838433007	6	27	28	57
521	3616316256	3616316287	2838432992	2838433007	17	27	28	13
522	3616316256	3616316287	2838432992	2838433007	6	27	28	21
523	1700738816	1700739071	780854500	780854503	6	24	30	51
524	1700738654	1700738654	780854784	780855295	17	32	23	6
525	1700738654	1700738654	780854784	780855295	6	32	23	12
526	1341008460	1341008463	780854272	780854399	17	30	25	20
527	1341008460	1341008463	780854272	780854399	6	30	25	40
528	1178433240	1178433247	1177679488	1177679551	6	29	26	13
529	1178433240	1178433247	1177679488	1177679551	17	29	26	8
530	3680559152	3680559159	3772742528	3772742591	6	29	26	4
531	3680559152	3680559159	3772742528	3772742591	17	29	26	4
532	3849810184	3849810191	2284271488	2284271551	6	29	26	47
533	3849810184	3849810191	2284271488	2284271551	17	29	26	18
534	1423337344	1423337407	1702521184	1702521199	6	26	28	42
535	3015529312	3015529327	2838432960	2838432991	6	28	27	32
536	3015529312	3015529327	2838432960	2838432991	17	28	27	15
537	2760439888	2760439903	3772742592	3772742623	17	28	27	14
538	2760439888	2760439903	3772742592	3772742623	6	28	27	32
539	3462313950	3462313951	2838433024	2838433279	6	31	24	14
540	3462313950	3462313951	2838433024	2838433279	17	31	24	8
541	48035328	48035583	1177679600	1177679603	6	24	30	46
542	48035328	48035583	1177679600	1177679603	17	24	30	24
543	896037120	896037375	2284271592	2284271595	6	24	30	25
544	896037120	896037375	2284271592	2284271595	17	24	30	14
545	1700738816	1700739071	780854500	780854503	17	24	30	21
546	1341008640	1341008895	780854500	780854503	6	24	30	8
547	1341008640	1341008895	780854500	780854503	17	24	30	4
548	2364355840	2364356095	2838433008	2838433011	6	24	30	50
549	2364355840	2364356095	2838433008	2838433011	17	24	30	17
550	2542824704	2542824959	3310636000	3310636003	6	24	30	43
551	2542824704	2542824959	3310636000	3310636003	17	24	30	21
552	2913958656	2913958911	3772742652	3772742655	6	24	30	56
553	2913958656	2913958911	3772742652	3772742655	17	24	30	26
554	3462313472	3462313727	3310636000	3310636003	6	24	30	40
555	3462313472	3462313727	3310636000	3310636003	17	24	30	16
556	409520128	409522175	780854497	780854497	6	21	32	25
557	409520128	409522175	780854497	780854497	17	21	32	8
558	896036992	896037119	1702521184	1702521199	6	25	28	52
559	1050023416	1050023423	1702521216	1702521343	6	29	25	66
560	1050023416	1050023423	1702521216	1702521343	17	29	25	26
561	1789738872	1789738879	780854272	780854399	6	29	25	2
562	1789738872	1789738879	780854272	780854399	17	29	25	3
563	2913958416	2913958423	3772742400	3772742527	6	29	25	59
564	2913958416	2913958423	3772742400	3772742527	17	29	25	28
565	4244765784	4244765791	2284271360	2284271487	6	29	25	65
566	4244765784	4244765791	2284271360	2284271487	17	29	25	25
567	1920268320	1920268351	2284271552	2284271583	6	27	27	27
568	1920268320	1920268351	2284271552	2284271583	17	27	27	16
569	3329192320	3329192351	2838432960	2838432991	6	27	27	68
570	3329192320	3329192351	2838432960	2838432991	17	27	27	34
571	3680559104	3680559135	3772742592	3772742623	6	27	27	13
572	3680559104	3680559135	3772742592	3772742623	17	27	27	3
573	1920268352	1920268415	2284271600	2284271615	6	26	28	25
574	1920268352	1920268415	2284271600	2284271615	17	26	28	7
575	1423337344	1423337407	1702521184	1702521199	17	26	28	20
576	2191135936	2191135999	3310636016	3310636031	6	26	28	61
577	2191135936	2191135999	3310636016	3310636031	17	26	28	31
578	3616316160	3616316223	3310636016	3310636031	6	26	28	41
579	3616316160	3616316223	3310636016	3310636031	17	26	28	16
580	3680559168	3680559231	3310636016	3310636031	17	26	28	14
581	3680559168	3680559231	3310636016	3310636031	6	26	28	31
582	2107399984	2107399987	1177679616	1177679871	6	30	24	19
583	2107399984	2107399987	1177679616	1177679871	17	30	24	9
584	1341008460	1341008463	780854528	780854783	6	30	24	24
585	1341008460	1341008463	780854528	780854783	17	30	24	14
586	1559406952	1559406955	340077312	340077567	17	30	24	21
587	1559406952	1559406955	340077312	340077567	6	30	24	50
588	3462313944	3462313947	2838433024	2838433279	6	30	24	27
589	3462313944	3462313947	2838433024	2838433279	17	30	24	12
590	3977726584	3977726587	3310635520	3310635775	6	30	24	15
591	3977726584	3977726587	3310635520	3310635775	17	30	24	6
592	1700738624	1700738639	3772742528	3772742591	17	28	26	14
593	1700738624	1700738639	3772742528	3772742591	6	28	26	25
594	1341008464	1341008479	1177679488	1177679551	17	28	26	30
595	1341008464	1341008479	1177679488	1177679551	6	28	26	60
596	1423337424	1423337439	340077120	340077183	6	28	26	56
597	1423337424	1423337439	340077120	340077183	17	28	26	33
598	1559406960	1559406975	1177679488	1177679551	6	28	26	52
599	1559406960	1559406975	1177679488	1177679551	17	28	26	27
600	2191135920	2191135935	3310635904	3310635967	6	28	26	65
601	2191135920	2191135935	3310635904	3310635967	17	28	26	30
602	3616316224	3616316239	2838432896	2838432959	6	28	26	63
603	3616316224	3616316239	2838432896	2838432959	17	28	26	30
604	3680559136	3680559151	3772742528	3772742591	17	28	26	27
605	3680559136	3680559151	3772742528	3772742591	6	28	26	74
606	3849810192	3849810207	2284271488	2284271551	17	28	26	14
607	3849810192	3849810207	2284271488	2284271551	6	28	26	34
608	1700737024	1700738047	3772742650	3772742650	6	22	32	12
609	1700737024	1700738047	3772742650	3772742650	17	22	32	6
610	2542823424	2542824447	3310636004	3310636004	6	22	32	28
611	2542823424	2542824447	3310636004	3310636004	17	22	32	7
612	4244764672	4244765695	2284271599	2284271599	17	22	32	13
613	4244764672	4244765695	2284271599	2284271599	6	22	32	23
614	1789738880	1789739007	780854504	780854511	17	25	29	23
615	1789738880	1789739007	780854504	780854511	6	25	29	58
616	1341008512	1341008639	3772742640	3772742647	6	25	29	15
617	1341008512	1341008639	3772742640	3772742647	17	25	29	6
618	2760439936	2760440063	2284271584	2284271591	6	25	29	17
619	2760439936	2760440063	2284271584	2284271591	17	25	29	3
620	3462313728	3462313855	3772742640	3772742647	6	25	29	49
621	3462313728	3462313855	3772742640	3772742647	17	25	29	21
622	1789737984	1789738495	1177679606	1177679607	6	23	31	39
623	1789737984	1789738495	1177679606	1177679607	17	23	31	17
624	1423336448	1423336959	1177679606	1177679607	6	23	31	44
625	1423336448	1423336959	1177679606	1177679607	17	23	31	17
626	2660292608	2660293119	3310636006	3310636007	6	23	31	47
627	2660292608	2660293119	3310636006	3310636007	17	23	31	21
628	1559406912	1559406943	340077120	340077183	6	27	26	39
629	2542824640	2542824703	2838432960	2838432991	6	26	27	62
630	3462313950	3462313951	340076544	340077055	6	31	23	6
631	3462313950	3462313951	340076544	340077055	17	31	23	4
632	3329192352	3329192353	3772741632	3772742143	6	31	23	11
633	3329192352	3329192353	3772741632	3772742143	17	31	23	4
634	3616316254	3616316255	340076544	340077055	6	31	23	9
635	3616316254	3616316255	340076544	340077055	17	31	23	3
636	3616316254	3616316255	3310635008	3310635519	6	31	23	7
637	3616316254	3616316255	3310635008	3310635519	17	31	23	5
638	4045443146	4045443147	2284270592	2284271103	6	31	23	8
639	4045443146	4045443147	2284270592	2284271103	17	31	23	4
640	3462313920	3462313935	2838432768	2838432895	6	28	25	50
641	3616316252	3616316252	2838429696	2838431743	6	32	21	5
642	3977726589	3977726589	2838429696	2838431743	6	32	21	3
643	3849810176	3849810177	2284271488	2284271551	17	31	26	2
644	48033792	48034815	1177679606	1177679607	6	22	31	13
645	48033792	48034815	1177679606	1177679607	17	22	31	2
646	1050021888	1050022911	780854498	780854499	17	22	31	23
647	1050021888	1050022911	780854498	780854499	6	22	31	36
648	1700737024	1700738047	1177679606	1177679607	6	22	31	35
649	1700737024	1700738047	1177679606	1177679607	17	22	31	16
650	4045444096	4045445119	3310636006	3310636007	17	22	31	6
651	4045444096	4045445119	3310636006	3310636007	6	22	31	22
652	409519088	409519095	1177679616	1177679871	6	29	24	61
653	409519088	409519095	1177679616	1177679871	17	29	24	28
654	2107399992	2107399999	1177679616	1177679871	6	29	24	30
655	2107399992	2107399999	1177679616	1177679871	17	29	24	11
656	2660293600	2660293607	3310635520	3310635775	6	29	24	60
657	2660293600	2660293607	3310635520	3310635775	17	29	24	27
658	716734464	716738559	1702521215	1702521215	6	20	32	28
659	716734464	716738559	1702521215	1702521215	17	20	32	14
660	1423339520	1423343615	3772742651	3772742651	6	20	32	24
661	1423339520	1423343615	3772742651	3772742651	17	20	32	12
662	896036992	896037119	1702521184	1702521199	17	25	28	26
663	3849810304	3849810431	3310636016	3310636031	6	25	28	49
664	3849810304	3849810431	3310636016	3310636031	17	25	28	20
665	4045443152	4045443167	3772742651	3772742651	6	28	32	1
666	1050023392	1050023407	340077184	340077311	6	28	25	44
667	1050023392	1050023407	340077184	340077311	17	28	25	25
668	2107399968	2107399983	1177679360	1177679487	6	28	25	39
669	2107399968	2107399983	1177679360	1177679487	17	28	25	9
670	1341008464	1341008479	1702521216	1702521343	6	28	25	5
671	1341008464	1341008479	1702521216	1702521343	17	28	25	3
672	1178433216	1178433231	1702521216	1702521343	6	28	25	49
673	1178433216	1178433231	1702521216	1702521343	17	28	25	22
674	2913958400	2913958415	3772742400	3772742527	6	28	25	64
675	2913958400	2913958415	3772742400	3772742527	17	28	25	24
676	3462313920	3462313935	2838432768	2838432895	17	28	25	26
677	3849810192	3849810207	3310635776	3310635903	17	28	25	19
678	3849810192	3849810207	3310635776	3310635903	6	28	25	49
679	1050023296	1050023359	340077088	340077119	6	26	27	68
680	1050023296	1050023359	340077088	340077119	17	26	27	26
681	2107400000	2107400063	2284271552	2284271583	6	26	27	43
682	2107400000	2107400063	2284271552	2284271583	17	26	27	8
683	1700738560	1700738623	780854464	780854495	6	26	27	54
684	1700738560	1700738623	780854464	780854495	17	26	27	35
685	2660293504	2660293567	3310635968	3310635999	6	26	27	64
686	2660293504	2660293567	3310635968	3310635999	17	26	27	23
687	2542824640	2542824703	2838432960	2838432991	17	26	27	31
688	2913958464	2913958527	2838432960	2838432991	6	26	27	58
689	2913958464	2913958527	2838432960	2838432991	17	26	27	24
690	1050023411	1050023411	780855296	780857343	6	32	21	2
691	2107399989	2107399989	780855296	780857343	17	32	21	6
692	2107399989	2107399989	780855296	780857343	6	32	21	2
693	1920268544	1920268799	1177679608	1177679615	6	24	29	51
694	1920268544	1920268799	1177679608	1177679615	17	24	29	19
695	2760440064	2760440319	3772742640	3772742647	6	24	29	49
696	2760440064	2760440319	3772742640	3772742647	17	24	29	24
697	3329191936	3329192191	3772742640	3772742647	6	24	29	36
698	3329191936	3329192191	3772742640	3772742647	17	24	29	11
699	2107399988	2107399988	1177673728	1177677823	6	32	20	2
700	2107399168	2107399679	1177679600	1177679603	6	23	30	6
701	2107399168	2107399679	1177679600	1177679603	17	23	30	4
702	2107399990	2107399991	780853248	780854271	6	31	22	19
703	2107399990	2107399991	780853248	780854271	17	31	22	10
704	3616316254	3616316255	340077568	340078591	6	31	22	3
705	3849810176	3849810177	3310636032	3310637055	6	31	22	12
706	3849810176	3849810177	3310636032	3310637055	17	31	22	4
707	2107399936	2107399967	780854400	780854463	6	27	26	31
708	2107399936	2107399967	780854400	780854463	17	27	26	13
709	1700738656	1700738687	780854400	780854463	6	27	26	70
710	1700738656	1700738687	780854400	780854463	17	27	26	26
711	1559406912	1559406943	340077120	340077183	17	27	26	14
712	2913958432	2913958463	3772742528	3772742591	17	27	26	22
713	2913958432	2913958463	3772742528	3772742591	6	27	26	31
714	3680559104	3680559135	2838432896	2838432959	17	27	26	11
715	3680559104	3680559135	2838432896	2838432959	6	27	26	35
716	3849810180	3849810183	2284270592	2284271103	6	30	23	37
717	3849810180	3849810183	2284270592	2284271103	17	30	23	15
718	48021504	48029695	1177679604	1177679604	6	19	32	31
719	48021504	48029695	1177679604	1177679604	17	19	32	16
720	158892032	158900223	1177679604	1177679604	6	19	32	28
721	158892032	158900223	1177679604	1177679604	17	19	32	8
722	608280576	608288767	1177679604	1177679604	6	19	32	27
723	608280576	608288767	1177679604	1177679604	17	19	32	8
724	1559396352	1559404543	1177679604	1177679604	6	19	32	2
725	1559396352	1559404543	1177679604	1177679604	17	19	32	3
726	3329179648	3329187839	3310636005	3310636005	6	19	32	28
727	3329179648	3329187839	3310636005	3310636005	17	19	32	11
728	48034816	48035327	340077080	340077087	17	23	29	24
729	48034816	48035327	340077080	340077087	6	23	29	47
730	716740608	716741119	780854504	780854511	6	23	29	44
731	716740608	716741119	780854504	780854511	17	23	29	15
732	2364356096	2364356607	3310636008	3310636015	6	23	29	5
733	2364356096	2364356607	3310636008	3310636015	17	23	29	3
734	3116148224	3116148735	3772742640	3772742647	6	23	29	38
735	3116148224	3116148735	3772742640	3772742647	17	23	29	12
736	2913957888	2913958399	3772742640	3772742647	6	23	29	55
737	2913957888	2913958399	3772742640	3772742647	17	23	29	23
738	3462312960	3462313471	3310636008	3310636015	6	23	29	53
739	3462312960	3462313471	3310636008	3310636015	17	23	29	20
740	3329192448	3329192959	3310636008	3310636015	6	23	29	31
741	3329192448	3329192959	3310636008	3310636015	17	23	29	18
742	48035712	48035839	1177679552	1177679583	6	25	27	16
743	48035712	48035839	1177679552	1177679583	17	25	27	4
744	1178433024	1178433151	340077088	340077119	6	25	27	54
745	1178433024	1178433151	340077088	340077119	17	25	27	27
746	2542824448	2542824575	2284271552	2284271583	17	25	27	24
747	2542824448	2542824575	2284271552	2284271583	6	25	27	36
748	3329192192	3329192319	2838432960	2838432991	17	25	27	25
749	3329192192	3329192319	2838432960	2838432991	6	25	27	61
750	3616316288	3616316415	3772742592	3772742623	17	25	27	18
751	3616316288	3616316415	3772742592	3772742623	6	25	27	41
752	409519104	409520127	2284271592	2284271595	6	22	30	22
753	409519104	409520127	2284271592	2284271595	17	22	30	6
754	2660293632	2660294655	3310636000	3310636003	6	22	30	48
755	2660293632	2660294655	3310636000	3310636003	17	22	30	17
756	409518976	409519039	1177679488	1177679551	17	26	26	29
757	409518976	409519039	1177679488	1177679551	6	26	26	67
758	896036928	896036991	340077120	340077183	6	26	26	39
759	896036928	896036991	340077120	340077183	17	26	26	25
760	608278016	608278271	340077056	340077071	6	24	28	39
761	608278016	608278271	340077056	340077071	17	24	28	22
762	1178433280	1178433535	1177679584	1177679599	6	24	28	45
763	1178433280	1178433535	1177679584	1177679599	17	24	28	17
764	2191136000	2191136255	2838432992	2838433007	6	24	28	47
765	2191136000	2191136255	2838432992	2838433007	17	24	28	20
766	3616315904	3616316159	2838432992	2838433007	17	24	28	31
767	3616315904	3616316159	2838432992	2838433007	6	24	28	58
768	608278432	608278463	1177679360	1177679487	17	27	25	32
769	608278432	608278463	1177679360	1177679487	6	27	25	55
770	1789738816	1789738847	3772742400	3772742527	17	27	25	11
771	1789738816	1789738847	3772742400	3772742527	6	27	25	15
772	1559406912	1559406943	340077184	340077311	6	27	25	9
773	1559406912	1559406943	340077184	340077311	17	27	25	7
774	3849810208	3849810239	3310635776	3310635903	17	27	25	5
775	3849810208	3849810239	3310635776	3310635903	6	27	25	4
776	896037376	896037887	1702521184	1702521199	6	23	28	50
777	1178432512	1178433023	1702521184	1702521199	6	23	28	52
778	1050023392	1050023407	2284271104	2284271359	17	28	24	6
779	1050023392	1050023407	2284271104	2284271359	6	28	24	11
780	2107399968	2107399983	2284271104	2284271359	6	28	24	7
781	2107399968	2107399983	2284271104	2284271359	17	28	24	3
782	2760439888	2760439903	3772742144	3772742399	6	28	24	21
783	2760439888	2760439903	3772742144	3772742399	17	28	24	12
784	3616316254	3616316255	340077568	340078591	17	31	22	3
785	2107399984	2107399987	1177677824	1177678847	6	30	22	9
786	2107399984	2107399987	1177677824	1177678847	17	30	22	2
787	2107400000	2107400063	2284271598	2284271598	17	26	32	2
788	1559406958	1559406958	1177673728	1177677823	6	32	20	1
789	4244765780	4244765780	3772735488	3772739583	17	32	20	1
790	3015530496	3015532543	3310636006	3310636007	6	21	31	36
791	3015530496	3015532543	3310636006	3310636007	17	21	31	18
792	3329193984	3329196031	3310636006	3310636007	17	21	31	23
793	3329193984	3329196031	3310636006	3310636007	6	21	31	35
794	3680561152	3680563199	3310636006	3310636007	6	21	31	40
795	3680561152	3680563199	3310636006	3310636007	17	21	31	21
796	3329192360	3329192367	340076544	340077055	17	29	23	6
797	3329192360	3329192367	340076544	340077055	6	29	23	2
798	3616316240	3616316247	340076544	340077055	6	29	23	7
799	3616316240	3616316247	340076544	340077055	17	29	23	1
800	3977726576	3977726583	3310635008	3310635519	6	29	23	9
801	3977726576	3977726583	3310635008	3310635519	17	29	23	4
802	48035584	48035599	1177678848	1177679359	6	28	23	49
803	48035584	48035599	1177678848	1177679359	17	28	23	14
804	2107399968	2107399983	1702521344	1702521855	6	28	23	22
805	2107399968	2107399983	1702521344	1702521855	17	28	23	11
806	2760439888	2760439903	340076544	340077055	6	28	23	10
807	2760439888	2760439903	340076544	340077055	17	28	23	5
808	3977726560	3977726575	2838433280	2838433791	6	28	23	34
809	3977726560	3977726575	2838433280	2838433791	17	28	23	18
810	158906368	158908415	1177679600	1177679603	6	21	30	39
811	158906368	158908415	1177679600	1177679603	17	21	30	19
812	716738560	716740607	1702521208	1702521211	6	21	30	36
813	716738560	716740607	1702521208	1702521211	17	21	30	21
814	1050023936	1050025983	780854500	780854503	17	21	30	18
815	1050023936	1050025983	780854500	780854503	6	21	30	29
816	2364356608	2364358655	3310636000	3310636003	6	21	30	47
817	2364356608	2364358655	3310636000	3310636003	17	21	30	14
818	374473984	374474239	1177679552	1177679583	17	24	27	26
819	374473984	374474239	1177679552	1177679583	6	24	27	55
820	1050022912	1050023167	340077088	340077119	6	24	27	53
821	1050022912	1050023167	340077088	340077119	17	24	27	26
822	1920268544	1920268799	1177679552	1177679583	6	24	27	7
823	1920268544	1920268799	1177679552	1177679583	17	24	27	4
824	2107399680	2107399935	780854464	780854495	17	24	27	22
825	2107399680	2107399935	780854464	780854495	6	24	27	36
826	1178433280	1178433535	340077088	340077119	6	24	27	23
827	1178433280	1178433535	340077088	340077119	17	24	27	10
828	1423336960	1423337215	340077088	340077119	6	24	27	20
829	1423336960	1423337215	340077088	340077119	17	24	27	5
830	2660293120	2660293375	3310635968	3310635999	6	24	27	40
831	2660293120	2660293375	3310635968	3310635999	17	24	27	18
832	3116147712	3116147967	3772742592	3772742623	6	24	27	61
833	3116147712	3116147967	3772742592	3772742623	17	24	27	31
834	3849809920	3849810175	2284271552	2284271583	6	24	27	26
835	3849809920	3849810175	2284271552	2284271583	17	24	27	22
836	374489088	374505471	1177679604	1177679604	6	18	32	26
837	374489088	374505471	1177679604	1177679604	17	18	32	14
838	2364358656	2364375039	3310636005	3310636005	17	18	32	16
839	2364358656	2364375039	3310636005	3310636005	6	18	32	30
840	374472704	374473727	780854504	780854511	17	22	29	24
841	374472704	374473727	780854504	780854511	6	22	29	50
842	3462311936	3462312959	2838433016	2838433023	17	22	29	29
843	3462311936	3462312959	2838433016	2838433023	6	22	29	51
844	896036864	896036895	1702520832	1702521087	17	27	24	33
845	896036864	896036895	1702520832	1702521087	6	27	24	56
846	1920268320	1920268351	1177679616	1177679871	6	27	24	42
847	1920268320	1920268351	1177679616	1177679871	17	27	24	19
848	2107399936	2107399967	1177679616	1177679871	17	27	24	11
849	2107399936	2107399967	1177679616	1177679871	6	27	24	22
850	1341008480	1341008511	1177679616	1177679871	6	27	24	14
851	1341008480	1341008511	1177679616	1177679871	17	27	24	5
852	1178433248	1178433279	1702520832	1702521087	6	27	24	21
853	1178433248	1178433279	1702520832	1702521087	17	27	24	9
854	3849810208	3849810239	2284271104	2284271359	6	27	24	47
855	3849810208	3849810239	2284271104	2284271359	17	27	24	20
856	896037376	896037887	1702521184	1702521199	17	23	28	30
857	1700738048	1700738559	1177679584	1177679599	6	23	28	45
858	1700738048	1700738559	1177679584	1177679599	17	23	28	17
859	1178432512	1178433023	1702521184	1702521199	17	23	28	21
860	3015528448	3015528959	2284271600	2284271615	6	23	28	51
861	3015528448	3015528959	2284271600	2284271615	17	23	28	27
862	3849810432	3849810943	3310636016	3310636031	17	23	28	19
863	3849810432	3849810943	3310636016	3310636031	6	23	28	26
864	4244766208	4244766719	2284271600	2284271615	17	23	28	22
865	4244766208	4244766719	2284271600	2284271615	6	23	28	50
866	1050023411	1050023411	780845056	780853247	17	32	19	1
867	1559406958	1559406958	1177665536	1177673727	17	32	19	2
868	1920268304	1920268305	1177673728	1177677823	6	31	20	2
869	2107399990	2107399991	1177673728	1177677823	17	31	20	2
870	3616316254	3616316255	340078592	340082687	6	31	20	1
871	4244765782	4244765783	3772735488	3772739583	17	31	20	1
872	4244765782	4244765783	3772735488	3772739583	6	31	20	2
873	2107399992	2107399999	1177677824	1177678847	6	29	22	15
874	2107399992	2107399999	1177677824	1177678847	17	29	22	6
875	2107399992	2107399999	780853248	780854271	6	29	22	31
876	2107399992	2107399999	780853248	780854271	17	29	22	14
877	2913958416	2913958423	340077568	340078591	17	29	22	3
878	2913958416	2913958423	340077568	340078591	6	29	22	5
879	3616316240	3616316247	340077568	340078591	6	29	22	3
880	2107399984	2107399987	780855296	780857343	6	30	21	20
881	2107399984	2107399987	780855296	780857343	17	30	21	4
882	2660293612	2660293615	2284271616	2284273663	6	30	21	7
883	2660293612	2660293615	2284271616	2284273663	17	30	21	1
884	4045443148	4045443151	2284271616	2284273663	17	30	21	5
885	4045443148	4045443151	2284271616	2284273663	6	30	21	16
886	1341008512	1341008639	1177679488	1177679551	17	25	26	24
887	1341008512	1341008639	1177679488	1177679551	6	25	26	42
888	1423337344	1423337407	1177679360	1177679487	17	26	25	18
889	1423337344	1423337407	1177679360	1177679487	6	26	25	30
890	4244765696	4244765759	3310635776	3310635903	17	26	25	21
891	4244765696	4244765759	3310635776	3310635903	6	26	25	41
892	2364342272	2364350463	3310636004	3310636004	6	19	32	28
893	2364342272	2364350463	3310636004	3310636004	17	19	32	11
894	2542824448	2542824575	3310635776	3310635903	6	25	25	24
895	3116148096	3116148223	3772742400	3772742527	6	25	25	54
896	158900224	158904319	1177679600	1177679603	6	20	30	39
897	158900224	158904319	1177679600	1177679603	17	20	30	13
898	409522176	409526271	780854500	780854503	17	20	30	6
899	409522176	409526271	780854500	780854503	6	20	30	11
900	1700732928	1700737023	1177679600	1177679603	6	20	30	5
901	1700732928	1700737023	1177679600	1177679603	17	20	30	3
902	1789730816	1789734911	1177679600	1177679603	17	20	30	6
903	1789730816	1789734911	1177679600	1177679603	6	20	30	11
904	1341009920	1341014015	780854500	780854503	6	20	30	12
905	1341009920	1341014015	780854500	780854503	17	20	30	8
906	374474240	374474751	1177679552	1177679583	6	23	27	64
907	374474240	374474751	1177679552	1177679583	17	23	27	20
908	1920268800	1920269311	780854464	780854495	6	23	27	49
909	1920268800	1920269311	780854464	780854495	17	23	27	19
910	2107399168	2107399679	780854464	780854495	17	23	27	2
911	2107399168	2107399679	780854464	780854495	6	23	27	6
912	2107399168	2107399679	1177679552	1177679583	17	23	27	12
913	2107399168	2107399679	1177679552	1177679583	6	23	27	32
914	3329192448	3329192959	2838432960	2838432991	17	23	27	13
915	3329192448	3329192959	2838432960	2838432991	6	23	27	35
916	3680559616	3680560127	3772742592	3772742623	6	23	27	40
917	3680559616	3680560127	3772742592	3772742623	17	23	27	18
918	4045443584	4045444095	2284271552	2284271583	6	23	27	28
919	4045443584	4045444095	2284271552	2284271583	17	23	27	5
920	716741196	716741199	1177673728	1177677823	17	30	20	1
921	2107399984	2107399987	780857344	780861439	17	30	20	3
922	2107399984	2107399987	780857344	780861439	6	30	20	4
923	4244765776	4244765779	3772735488	3772739583	6	30	20	1
924	896037888	896038911	780854512	780854527	6	22	28	18
925	896037888	896038911	780854512	780854527	17	22	28	10
926	1341008896	1341009919	1177679584	1177679599	6	22	28	27
927	1341008896	1341009919	1177679584	1177679599	17	22	28	21
928	2760440832	2760441855	2284271600	2284271615	6	22	28	38
929	2760440832	2760441855	2284271600	2284271615	17	22	28	17
930	3849810944	3849811967	3310636016	3310636031	6	22	28	29
931	3849810944	3849811967	3310636016	3310636031	17	22	28	17
932	4244764672	4244765695	2284271600	2284271615	6	22	28	23
933	4244764672	4244765695	2284271600	2284271615	17	22	28	13
934	896038912	896040959	2284271584	2284271591	17	21	29	10
935	896038912	896040959	2284271584	2284271591	6	21	29	31
936	1700739072	1700741119	780854504	780854511	6	21	29	1
937	4045445120	4045447167	3772742640	3772742647	6	21	29	26
938	4045445120	4045447167	3772742640	3772742647	17	21	29	10
939	2107399992	2107399999	1177679872	1177681919	17	29	21	5
940	2107399992	2107399999	1177679872	1177681919	6	29	21	6
941	2107399680	2107399935	780854400	780854463	6	24	26	29
942	2107399680	2107399935	780854400	780854463	17	24	26	16
943	2660293120	2660293375	3310635904	3310635967	6	24	26	35
944	2660293120	2660293375	3310635904	3310635967	17	24	26	8
945	4244765952	4244766207	2284271488	2284271551	6	24	26	13
946	4244765952	4244766207	2284271488	2284271551	17	24	26	3
947	1340997632	1341005823	1177679606	1177679607	17	19	31	16
948	1340997632	1341005823	1177679606	1177679607	6	19	31	22
949	1559406976	1559407103	340077184	340077311	6	25	25	41
950	1559406976	1559407103	340077184	340077311	17	25	25	19
951	2542824448	2542824575	3310635776	3310635903	17	25	25	10
952	3116148096	3116148223	3772742400	3772742527	17	25	25	26
953	2660237312	2660270079	3310636005	3310636005	17	17	32	14
954	2660237312	2660270079	3310636005	3310636005	6	17	32	20
955	3015529280	3015529311	340076544	340077055	6	27	23	4
956	3015529280	3015529311	340076544	340077055	17	27	23	2
957	3680559104	3680559135	3310635008	3310635519	17	27	23	7
958	3680559104	3680559135	3310635008	3310635519	6	27	23	21
959	3977726528	3977726559	3310635008	3310635519	6	27	23	24
960	3977726528	3977726559	3310635008	3310635519	17	27	23	16
961	4244765792	4244765823	2284270592	2284271103	17	27	23	7
962	4244765792	4244765823	2284270592	2284271103	6	27	23	23
963	4045443168	4045443199	2284270592	2284271103	6	27	23	27
964	4045443168	4045443199	2284270592	2284271103	17	27	23	8
965	2760439808	2760439871	3772742144	3772742399	17	26	24	25
966	2760439808	2760439871	3772742144	3772742399	6	26	24	53
967	3977726464	3977726527	3310635520	3310635775	17	26	24	23
968	3977726464	3977726527	3310635520	3310635775	6	26	24	39
969	3849810240	3849810303	2284271104	2284271359	17	26	24	22
970	3849810240	3849810303	2284271104	2284271359	6	26	24	56
971	4244765696	4244765759	3772742144	3772742399	6	26	24	35
972	4244765696	4244765759	3772742144	3772742399	17	26	24	12
973	3462313936	3462313943	2838433792	2838437887	6	29	20	36
974	3329192368	3329192383	340077568	340078591	6	28	22	9
975	3329192368	3329192383	340077568	340078591	17	28	22	4
976	3329192354	3329192354	2838233088	2838364159	6	32	15	1
977	3680534528	3680550911	3310636004	3310636004	6	18	32	26
978	3680534528	3680550911	3310636004	3310636004	17	18	32	12
979	48035712	48035839	1177679604	1177679604	1	25	32	1
980	2107400064	2107400191	1702521215	1702521215	1	25	32	1
981	3977726592	3977726719	3310636005	3310636005	1	25	32	1
982	3849810304	3849810431	3772742651	3772742651	1	25	32	1
983	158904448	158904511	1177678848	1177679359	6	26	23	58
984	158904448	158904511	1177678848	1177679359	17	26	23	39
985	716741120	716741183	780854784	780855295	6	26	23	35
986	716741120	716741183	780854784	780855295	17	26	23	14
987	2760439808	2760439871	340076544	340077055	6	26	23	12
988	2760439808	2760439871	340076544	340077055	17	26	23	3
989	2913958464	2913958527	3772741632	3772742143	6	26	23	27
990	2913958464	2913958527	3772741632	3772742143	17	26	23	12
991	3462313856	3462313919	340076544	340077055	6	26	23	19
992	3462313856	3462313919	340076544	340077055	17	26	23	7
993	3329192384	3329192447	340076544	340077055	6	26	23	22
994	3329192384	3329192447	340076544	340077055	17	26	23	10
995	3977726464	3977726527	3772741632	3772742143	6	26	23	38
996	3977726464	3977726527	3772741632	3772742143	17	26	23	12
997	4045443072	4045443135	2284270592	2284271103	6	26	23	69
998	4045443072	4045443135	2284270592	2284271103	17	26	23	36
999	374473766	374473767	340082688	340099071	17	31	18	3
1000	374473766	374473767	340082688	340099071	6	31	18	7
1001	374474752	374476799	1177679584	1177679599	6	21	28	38
1002	374474752	374476799	1177679584	1177679599	17	21	28	15
1003	1789734912	1789736959	780854512	780854527	17	21	28	21
1004	1789734912	1789736959	780854512	780854527	6	21	28	45
1005	1559404544	1559406591	1702521184	1702521199	17	21	28	24
1006	1559404544	1559406591	1702521184	1702521199	6	21	28	37
1007	2913955840	2913957887	2284271600	2284271615	17	21	28	8
1008	2913955840	2913957887	2284271600	2284271615	6	21	28	18
1009	3849811968	3849814015	3310636016	3310636031	17	21	28	12
1010	3849811968	3849814015	3310636016	3310636031	6	21	28	29
1011	716741248	716741375	780854528	780854783	6	25	24	36
1012	716741248	716741375	780854528	780854783	17	25	24	23
1013	1341008512	1341008639	3772742144	3772742399	17	25	24	8
1014	1341008512	1341008639	3772742144	3772742399	6	25	24	17
1015	2760439936	2760440063	340077312	340077567	6	25	24	15
1016	2760439936	2760440063	340077312	340077567	17	25	24	8
1017	2760439936	2760440063	3772742144	3772742399	6	25	24	46
1018	2760439936	2760440063	3772742144	3772742399	17	25	24	25
1019	2913958528	2913958655	340077312	340077567	17	25	24	4
1020	2913958528	2913958655	340077312	340077567	6	25	24	4
1021	3977726592	3977726719	3310635520	3310635775	17	25	24	1
1022	3977726592	3977726719	3310635520	3310635775	6	25	24	5
1023	1050023411	1050023411	780795904	780828671	17	32	17	1
1024	1920262144	1920266239	1177679608	1177679615	17	20	29	13
1025	1920262144	1920266239	1177679608	1177679615	6	20	29	32
1026	3116150784	3116154879	2838433016	2838433023	6	20	29	25
1027	3116150784	3116154879	2838433016	2838433023	17	20	29	11
1028	3616309248	3616313343	3310636008	3310636015	6	20	29	21
1029	3616309248	3616313343	3310636008	3310636015	17	20	29	10
1030	1920268312	1920268319	780857344	780861439	6	29	20	36
1031	1920268312	1920268319	780857344	780861439	17	29	20	14
1032	3462313936	3462313943	3310637056	3310641151	6	29	20	4
1033	3462313936	3462313943	3310637056	3310641151	17	29	20	2
1034	3462313936	3462313943	2838433792	2838437887	17	29	20	19
1035	3329192360	3329192367	340078592	340082687	6	29	20	10
1036	3329192360	3329192367	340078592	340082687	17	29	20	5
1037	3616316240	3616316247	340078592	340082687	6	29	20	6
1038	3616316240	3616316247	340078592	340082687	17	29	20	1
1039	3977726576	3977726583	3772735488	3772739583	17	29	20	10
1040	3977726576	3977726583	3772735488	3772739583	6	29	20	20
1041	4244765784	4244765791	3772735488	3772739583	6	29	20	2
1042	4244765784	4244765791	3772735488	3772739583	17	29	20	1
1043	3616316240	3616316247	340074496	340076543	6	29	21	2
1044	2107399680	2107399935	1702521216	1702521343	6	24	25	25
1045	2107399680	2107399935	1702521216	1702521343	17	24	25	11
1046	1789738496	1789738751	1702521216	1702521343	6	24	25	37
1047	1789738496	1789738751	1702521216	1702521343	17	24	25	20
1048	1559406592	1559406847	340077184	340077311	6	24	25	65
1049	1559406592	1559406847	340077184	340077311	17	24	25	22
1050	3462313472	3462313727	2838432768	2838432895	6	24	25	2
1051	3462313472	3462313727	2838432768	2838432895	17	24	25	2
1052	4244765952	4244766207	2284271360	2284271487	6	24	25	29
1053	4244765952	4244766207	2284271360	2284271487	17	24	25	12
1054	2107399968	2107399983	1177679872	1177681919	6	28	21	17
1055	2107399968	2107399983	1177679872	1177681919	17	28	21	5
1056	2107399968	2107399983	780855296	780857343	6	28	21	9
1057	2107399968	2107399983	780855296	780857343	17	28	21	4
1058	1559406960	1559406975	1177679872	1177681919	6	28	21	28
1059	1559406960	1559406975	1177679872	1177681919	17	28	21	14
1060	2660293616	2660293631	3310632960	3310635007	17	28	21	32
1061	2660293616	2660293631	3310632960	3310635007	6	28	21	52
1062	4045443152	4045443167	2284271616	2284273663	17	28	21	17
1063	4045443152	4045443167	2284271616	2284273663	6	28	21	36
1064	2107399984	2107399987	1177665536	1177673727	6	30	19	13
1065	2107399984	2107399987	1177665536	1177673727	17	30	19	8
1066	2913958424	2913958427	2284257280	2284265471	17	30	19	6
1067	2913958424	2913958427	2284257280	2284265471	6	30	19	10
1068	3462313944	3462313947	2838437888	2838446079	6	30	19	23
1069	3462313944	3462313947	2838437888	2838446079	17	30	19	8
1070	2107399936	2107399967	1177677824	1177678847	17	27	22	6
1071	2107399936	2107399967	1177677824	1177678847	6	27	22	26
1072	1178433248	1178433279	3772742656	3772743679	17	27	22	11
1073	1178433248	1178433279	3772742656	3772743679	6	27	22	11
1074	2191135872	2191135903	3310636032	3310637055	6	27	22	18
1075	2191135872	2191135903	3310636032	3310637055	17	27	22	10
1076	2760439904	2760439935	2284269568	2284270591	6	27	22	33
1077	2760439904	2760439935	2284269568	2284270591	17	27	22	12
1078	2913958432	2913958463	2284269568	2284270591	17	27	22	16
1079	2913958432	2913958463	2284269568	2284270591	6	27	22	47
1080	3977726528	3977726559	2838431744	2838432767	17	27	22	22
1081	3977726528	3977726559	2838431744	2838432767	6	27	22	46
1082	4045443168	4045443199	3772742656	3772743679	6	27	22	30
1083	4045443168	4045443199	3772742656	3772743679	17	27	22	10
1084	1700724736	1700732927	3772742652	3772742655	6	19	30	9
1085	1700724736	1700732927	3772742652	3772742655	17	19	30	2
1086	1178419200	1178427391	3772742652	3772742655	6	19	30	11
1087	1178419200	1178427391	3772742652	3772742655	17	19	30	5
1088	1789736960	1789737983	780854464	780854495	6	22	27	50
1089	1789736960	1789737983	780854464	780854495	17	22	27	27
1090	1341008896	1341009919	3772742592	3772742623	17	22	27	11
1091	1341008896	1341009919	3772742592	3772742623	6	22	27	19
1092	2191134720	2191135743	3310635968	3310635999	6	22	27	46
1093	2191134720	2191135743	3310635968	3310635999	17	22	27	23
1094	2913958912	2913959935	3772742592	3772742623	17	22	27	26
1095	2913958912	2913959935	3772742592	3772742623	6	22	27	55
1096	1341007872	1341008383	780854400	780854463	6	23	26	53
1097	1341007872	1341008383	780854400	780854463	17	23	26	30
1098	1559412736	1559429119	1177679600	1177679603	6	18	30	29
1099	2191138816	2191147007	2838433016	2838433023	6	19	29	27
1100	2364356096	2364356607	3310635776	3310635903	6	23	25	48
1101	2542821376	2542823423	3310635968	3310635999	6	21	27	48
1102	48035605	48035605	1177679584	1177679599	17	32	28	1
1103	3616316252	3616316252	2838432992	2838433007	17	32	28	1
1104	158908416	158924799	340077076	340077079	17	18	30	6
1105	158908416	158924799	340077076	340077079	6	18	30	15
1106	1559412736	1559429119	1177679600	1177679603	17	18	30	11
1107	409519098	409519099	1177679604	1177679604	1	31	32	1
1108	374476800	374480895	780854512	780854527	6	20	28	25
1109	374476800	374480895	780854512	780854527	17	20	28	15
1110	3015524352	3015528447	2284271600	2284271615	6	20	28	18
1111	3015524352	3015528447	2284271600	2284271615	17	20	28	7
1112	3116150784	3116154879	2284271600	2284271615	6	20	28	9
1113	3116150784	3116154879	2284271600	2284271615	17	20	28	5
1114	2760433664	2760437759	2284271600	2284271615	17	20	28	14
1115	2760433664	2760437759	2284271600	2284271615	6	20	28	29
1116	608278414	608278414	780854498	780854499	1	32	31	1
1117	716741216	716741247	340074496	340076543	6	27	21	11
1118	716741216	716741247	340074496	340076543	17	27	21	7
1119	4045443168	4045443199	3772739584	3772741631	6	27	21	13
1120	4045443168	4045443199	3772739584	3772741631	17	27	21	4
1121	4045443168	4045443199	2284271616	2284273663	6	27	21	11
1122	4045443168	4045443199	2284271616	2284273663	17	27	21	7
1123	1920269312	1920270335	780854400	780854463	17	22	26	18
1124	1920269312	1920270335	780854400	780854463	6	22	26	34
1125	1423335424	1423336447	340077120	340077183	17	22	26	19
1126	1423335424	1423336447	340077120	340077183	6	22	26	31
1127	3616316416	3616317439	2838432896	2838432959	17	22	26	29
1128	3616316416	3616317439	2838432896	2838432959	6	22	26	49
1129	1920266240	1920268287	1177679552	1177679583	6	21	27	31
1130	1920266240	1920268287	1177679552	1177679583	17	21	27	15
1131	2660290560	2660292607	2284271552	2284271583	17	21	27	14
1132	2660290560	2660292607	2284271552	2284271583	6	21	27	17
1133	2542821376	2542823423	3310635968	3310635999	17	21	27	19
1134	2107399168	2107399679	780854272	780854399	17	23	25	14
1135	2107399168	2107399679	780854272	780854399	6	23	25	18
1136	1700738048	1700738559	1702521216	1702521343	17	23	25	12
1137	1700738048	1700738559	1702521216	1702521343	6	23	25	18
1138	2364356096	2364356607	3310635776	3310635903	17	23	25	26
1139	3116148224	3116148735	2284271360	2284271487	6	23	25	35
1140	3116148224	3116148735	2284271360	2284271487	17	23	25	17
1141	3616315392	3616315903	2838432768	2838432895	17	23	25	24
1142	3616315392	3616315903	2838432768	2838432895	6	23	25	36
1143	2107399992	2107399999	2284257280	2284265471	17	29	19	1
1144	2107399992	2107399999	2284257280	2284265471	6	29	19	1
1145	2107399968	2107399983	1177673728	1177677823	6	28	20	5
1146	2107399968	2107399983	1177673728	1177677823	17	28	20	1
1147	2760439888	2760439903	340078592	340082687	17	28	20	1
1148	4244765760	4244765775	3772735488	3772739583	6	28	20	2
1149	2107400000	2107400063	1177677824	1177678847	6	26	22	17
1150	2107400000	2107400063	1177677824	1177678847	17	26	22	5
1151	1341008640	1341008895	780854528	780854783	17	24	24	27
1152	1341008640	1341008895	780854528	780854783	6	24	24	44
1153	3329191936	3329192191	340077312	340077567	6	24	24	14
1154	3329191936	3329192191	340077312	340077567	17	24	24	9
1155	3680559360	3680559615	3310635520	3310635775	6	24	24	19
1156	3680559360	3680559615	3310635520	3310635775	17	24	24	7
1157	3849809920	3849810175	2284271104	2284271359	6	24	24	38
1158	3849809920	3849810175	2284271104	2284271359	17	24	24	18
1159	4045443328	4045443583	3772742144	3772742399	6	24	24	25
1160	4045443328	4045443583	3772742144	3772742399	17	24	24	9
1161	2191163392	2191196159	3310636006	3310636007	6	17	31	32
1162	2191163392	2191196159	3310636006	3310636007	17	17	31	14
1163	3329196032	3329228799	3310636006	3310636007	17	17	31	5
1164	3329196032	3329228799	3310636006	3310636007	6	17	31	15
1165	4244701184	4244733951	3310636006	3310636007	6	17	31	6
1166	4244701184	4244733951	3310636006	3310636007	17	17	31	1
1167	2191138816	2191147007	2838433016	2838433023	17	19	29	14
1168	2913943552	2913951743	3772742640	3772742647	6	19	29	36
1169	2913943552	2913951743	3772742640	3772742647	17	19	29	18
1170	2190999552	2191130623	3310636005	3310636005	17	15	32	10
1171	2190999552	2191130623	3310636005	3310636005	6	15	32	26
1172	2542927872	2543058943	3310636005	3310636005	6	15	32	26
1173	2542927872	2543058943	3310636005	3310636005	17	15	32	14
1174	2667577344	2684354559	2838433013	2838433013	6	8	32	4
1175	2542824448	2542824575	340076544	340077055	17	25	23	4
1176	2542824448	2542824575	340076544	340077055	6	25	23	8
1177	2913958528	2913958655	340076544	340077055	6	25	23	4
1178	2913958528	2913958655	340076544	340077055	17	25	23	3
1179	3977726592	3977726719	3310635008	3310635519	6	25	23	14
1180	3977726592	3977726719	3310635008	3310635519	17	25	23	5
1181	3849715712	3849781247	3310636004	3310636004	17	16	32	11
1182	3849715712	3849781247	3310636004	3310636004	6	16	32	23
1183	159121408	159383551	1177679604	1177679604	6	14	32	27
1184	159121408	159383551	1177679604	1177679604	17	14	32	8
1185	3616014336	3616276479	3310636005	3310636005	17	14	32	12
1186	3616014336	3616276479	3310636005	3310636005	6	14	32	26
1187	158905344	158906367	1177679360	1177679487	6	22	25	45
1188	158905344	158906367	1177679360	1177679487	17	22	25	22
1189	1920269312	1920270335	1177679360	1177679487	17	22	25	13
1190	1920269312	1920270335	1177679360	1177679487	6	22	25	27
1191	2107398144	2107399167	780854272	780854399	6	22	25	24
1192	2107398144	2107399167	780854272	780854399	17	22	25	10
1193	2107398144	2107399167	1702521216	1702521343	17	22	25	7
1194	2107398144	2107399167	1702521216	1702521343	6	22	25	19
1195	3849810944	3849811967	3310635776	3310635903	17	22	25	17
1196	3849810944	3849811967	3310635776	3310635903	6	22	25	31
1197	409526272	409534463	1177679584	1177679599	6	19	28	34
1198	409526272	409534463	1177679584	1177679599	17	19	28	17
1199	2542813184	2542821375	3310636016	3310636031	6	19	28	37
1200	2542813184	2542821375	3310636016	3310636031	17	19	28	22
1201	409520128	409522175	340077120	340077183	17	21	26	13
1202	409520128	409522175	340077120	340077183	6	21	26	19
1203	3116148736	3116150783	3772742528	3772742591	6	21	26	8
1204	3116148736	3116150783	3772742528	3772742591	17	21	26	4
1205	2760437760	2760439807	3772742528	3772742591	17	21	26	23
1206	2760437760	2760439807	3772742528	3772742591	6	21	26	41
1207	2913955840	2913957887	2284271488	2284271551	17	21	26	13
1208	2913955840	2913957887	2284271488	2284271551	6	21	26	27
1209	374476800	374480895	340077088	340077119	6	20	27	18
1210	374476800	374480895	340077088	340077119	17	20	27	6
1211	608272384	608276479	1177679552	1177679583	6	20	27	37
1212	608272384	608276479	1177679552	1177679583	17	20	27	23
1213	896032768	896036863	1702521152	1702521183	6	20	27	23
1214	896032768	896036863	1702521152	1702521183	17	20	27	14
1215	1050017792	1050021887	2284271552	2284271583	17	20	27	7
1216	1050017792	1050021887	2284271552	2284271583	6	20	27	15
1217	1178427392	1178431487	1177679552	1177679583	6	20	27	24
1218	1178427392	1178431487	1177679552	1177679583	17	20	27	11
1219	3116150784	3116154879	2838432960	2838432991	17	20	27	5
1220	3116150784	3116154879	2838432960	2838432991	6	20	27	22
1221	2364355611	2364355611	3310636006	3310636007	1	32	31	1
1222	716740608	716741119	340077312	340077567	17	23	24	13
1223	716740608	716741119	340077312	340077567	6	23	24	13
1224	3462312960	3462313471	2838433024	2838433279	17	23	24	2
1225	3462312960	3462313471	2838433024	2838433279	6	23	24	4
1226	3977725952	3977726463	3310635520	3310635775	6	23	24	5
1227	3849810432	3849810943	2284271104	2284271359	6	23	24	24
1228	3849810432	3849810943	2284271104	2284271359	17	23	24	10
1229	716701696	716734463	1702521208	1702521211	6	17	30	4
1230	716701696	716734463	1702521208	1702521211	17	17	30	1
1231	1920204800	1920237567	1177679600	1177679603	6	17	30	19
1232	1920204800	1920237567	1177679600	1177679603	17	17	30	10
1233	3015540736	3015573503	3310636000	3310636003	6	17	30	31
1234	3015540736	3015573503	3310636000	3310636003	17	17	30	13
1235	2107400064	2107400191	1177677824	1177678847	6	25	22	7
1236	2107400064	2107400191	1177677824	1177678847	17	25	22	8
1237	3977726592	3977726719	3310636032	3310637055	6	25	22	14
1238	3977726592	3977726719	3310636032	3310637055	17	25	22	7
1239	3977726592	3977726719	2838431744	2838432767	6	25	22	19
1240	3977726592	3977726719	2838431744	2838432767	17	25	22	8
1241	4045443200	4045443327	3772742656	3772743679	6	25	22	9
1242	4045443200	4045443327	3772742656	3772743679	17	25	22	4
1243	1559429120	1559494655	1177679606	1177679607	6	16	31	25
1244	1559429120	1559494655	1177679606	1177679607	17	16	31	16
1245	2191196160	2191261695	3310636006	3310636007	6	16	31	1
1246	1559406912	1559406943	1177673728	1177677823	6	27	20	2
1247	2191135904	2191135907	3310636005	3310636005	1	30	32	1
1248	2617245696	2650800127	3310636005	3310636005	6	7	32	6
1249	2952790016	2986344447	2838433013	2838433013	6	7	32	4
1250	2952790016	2986344447	2838433013	2838433013	17	7	32	2
1251	2660368384	2660499455	3310636004	3310636004	17	15	32	6
1252	2660368384	2660499455	3310636004	3310636004	6	15	32	24
1253	3462135808	3462266879	3310636004	3310636004	6	15	32	20
1254	3462135808	3462266879	3310636004	3310636004	17	15	32	6
1255	3015507968	3015524351	2838433016	2838433023	17	18	29	12
1256	3015507968	3015524351	2838433016	2838433023	6	18	29	18
1257	4244733952	4244750335	3772742640	3772742647	6	18	29	27
1258	4244733952	4244750335	3772742640	3772742647	17	18	29	9
1259	3462313472	3462313727	340076544	340077055	6	24	23	5
1260	3462313472	3462313727	340076544	340077055	17	24	23	2
1261	3329191936	3329192191	340076544	340077055	17	24	23	4
1262	3329191936	3329192191	340076544	340077055	6	24	23	8
1263	3680559360	3680559615	2838433280	2838433791	6	24	23	24
1264	3680559360	3680559615	2838433280	2838433791	17	24	23	17
1265	3680559360	3680559615	3772741632	3772742143	6	24	23	19
1266	3680559360	3680559615	3772741632	3772742143	17	24	23	4
1267	3977726720	3977726975	3310635008	3310635519	17	24	23	10
1268	3977726720	3977726975	3310635008	3310635519	6	24	23	16
1269	3680559168	3680559231	2838429696	2838431743	17	26	21	4
1270	3680559168	3680559231	2838429696	2838431743	6	26	21	11
1271	48005120	48021503	340077056	340077071	6	18	28	31
1272	48005120	48021503	340077056	340077071	17	18	28	18
1273	158908416	158924799	2284271600	2284271615	6	18	28	20
1274	158908416	158924799	2284271600	2284271615	17	18	28	11
1275	409501696	409518079	780854512	780854527	6	18	28	29
1276	409501696	409518079	780854512	780854527	17	18	28	15
1277	608288768	608305151	1177679584	1177679599	6	18	28	33
1278	608288768	608305151	1177679584	1177679599	17	18	28	12
1279	1700741120	1700757503	1177679584	1177679599	6	18	28	40
1280	1700741120	1700757503	1177679584	1177679599	17	18	28	15
1281	1789739008	1789755391	1177679584	1177679599	6	18	28	40
1282	1789739008	1789755391	1177679584	1177679599	17	18	28	11
1283	1341014016	1341030399	780854512	780854527	6	18	28	26
1284	1341014016	1341030399	780854512	780854527	17	18	28	12
1285	2660270080	2660286463	2284271600	2284271615	6	18	28	38
1286	2660270080	2660286463	2284271600	2284271615	17	18	28	13
1287	3680534528	3680550911	3310636016	3310636031	6	18	28	13
1288	3680534528	3680550911	3310636016	3310636031	17	18	28	3
1289	48035606	48035607	1177679606	1177679607	4	31	31	1
1290	158904832	158905343	1177678848	1177679359	17	23	23	8
1291	158904832	158905343	1177678848	1177679359	6	23	23	17
1292	3977725952	3977726463	2838433280	2838433791	6	23	23	29
1293	3977725952	3977726463	2838433280	2838433791	17	23	23	10
1294	3977725952	3977726463	3772741632	3772742143	6	23	23	16
1295	3977725952	3977726463	3772741632	3772742143	17	23	23	6
1296	409519104	409520127	780854528	780854783	17	22	24	17
1297	409519104	409520127	780854528	780854783	6	22	24	32
1298	1700737024	1700738047	780854528	780854783	6	22	24	2
1299	1559407616	1559408639	340077312	340077567	6	22	24	12
1300	1559407616	1559408639	340077312	340077567	17	22	24	4
1301	2760440832	2760441855	340077312	340077567	6	22	24	15
1302	2760440832	2760441855	340077312	340077567	17	22	24	3
1303	3680560128	3680561151	2838433024	2838433279	6	22	24	50
1304	3680560128	3680561151	2838433024	2838433279	17	22	24	36
1305	608239616	608272383	1177679608	1177679615	6	17	29	29
1306	608239616	608272383	1177679608	1177679615	17	17	29	10
1307	2760376320	2760409087	3772742640	3772742647	6	17	29	31
1308	2760376320	2760409087	3772742640	3772742647	17	17	29	16
1309	896024576	896032767	780854464	780854495	17	19	27	5
1310	896024576	896032767	780854464	780854495	6	19	27	4
1311	1789722624	1789730815	780854464	780854495	6	19	27	42
1312	1789722624	1789730815	780854464	780854495	17	19	27	21
1313	1423327232	1423335423	340077088	340077119	17	19	27	27
1314	1423327232	1423335423	340077088	340077119	6	19	27	35
1315	2660294656	2660302847	2284271552	2284271583	6	19	27	33
1316	2660294656	2660302847	2284271552	2284271583	17	19	27	18
1317	3116138496	3116146687	3772742592	3772742623	6	19	27	38
1318	3116138496	3116146687	3772742592	3772742623	17	19	27	20
1319	3849797632	3849805823	2284271552	2284271583	6	19	27	18
1320	3849797632	3849805823	2284271552	2284271583	17	19	27	17
1321	1920268320	1920268351	1177665536	1177673727	17	27	19	2
1322	1920268320	1920268351	1177665536	1177673727	6	27	19	4
1323	1920266240	1920268287	780854272	780854399	6	21	25	15
1324	1920266240	1920268287	780854272	780854399	17	21	25	5
1325	2107396096	2107398143	780854272	780854399	6	21	25	22
1326	2107396096	2107398143	780854272	780854399	17	21	25	10
1327	2107396096	2107398143	1702521216	1702521343	6	21	25	35
1328	2107396096	2107398143	1702521216	1702521343	17	21	25	16
1329	1178433536	1178435583	340077184	340077311	17	21	25	19
1330	1178433536	1178435583	340077184	340077311	6	21	25	50
1331	2660290560	2660292607	2284271360	2284271487	6	21	25	33
1332	2660290560	2660292607	2284271360	2284271487	17	21	25	19
1333	3462313984	3462316031	2838432768	2838432895	6	21	25	45
1334	3462313984	3462316031	2838432768	2838432895	17	21	25	20
1335	3977723904	3977725951	3310635776	3310635903	6	21	25	40
1336	3977723904	3977725951	3310635776	3310635903	17	21	25	13
1337	1920268352	1920268415	1177673728	1177677823	6	26	20	5
1338	1920268352	1920268415	1177673728	1177677823	17	26	20	1
1339	2107400000	2107400063	780857344	780861439	6	26	20	1
1340	2107400000	2107400063	780857344	780861439	17	26	20	1
1341	3329192384	3329192447	340078592	340082687	6	26	20	3
1342	4244765696	4244765759	3772735488	3772739583	6	26	20	1
1343	4244765696	4244765759	3772735488	3772739583	17	26	20	1
1344	2107400064	2107400191	1177679872	1177681919	6	25	21	1
1345	2107400064	2107400191	1177679872	1177681919	17	25	21	2
1346	2107400064	2107400191	780855296	780857343	6	25	21	17
1347	2107400064	2107400191	780855296	780857343	17	25	21	6
1348	2913958528	2913958655	340074496	340076543	6	25	21	2
1349	4045443200	4045443327	3772739584	3772741631	6	25	21	6
1350	4045443200	4045443327	3772739584	3772741631	17	25	21	1
1351	2107392000	2107396095	780854400	780854463	6	20	26	36
1352	2107392000	2107396095	780854400	780854463	17	20	26	22
1353	2660286464	2660290559	3310635904	3310635967	6	20	26	37
1354	2660286464	2660290559	3310635904	3310635967	17	20	26	15
1355	2542825472	2542829567	2284271488	2284271551	6	20	26	25
1356	2542825472	2542829567	2284271488	2284271551	17	20	26	10
1357	3616309248	3616313343	2838432896	2838432959	17	20	26	12
1358	3616309248	3616313343	2838432896	2838432959	6	20	26	23
1359	3849805824	3849809919	2284271488	2284271551	6	20	26	41
1360	3849805824	3849809919	2284271488	2284271551	17	20	26	20
1361	4244758528	4244762623	2284271488	2284271551	17	20	26	22
1362	4244758528	4244762623	2284271488	2284271551	6	20	26	41
1363	1789736960	1789737983	1702521215	1702521215	1	22	32	1
1364	3977726976	3977727999	3772742651	3772742651	1	22	32	1
1365	1178433236	1178433237	339738624	340000767	6	31	14	21
1366	1178433239	1178433239	1177679608	1177679615	1	32	29	1
1367	3329192354	3329192354	2838433016	2838433023	1	32	29	1
1368	2214592512	2281701375	2838433013	2838433013	17	6	32	2
1369	2214592512	2281701375	2838433013	2838433013	6	6	32	5
1370	2363490304	2364014591	3310636005	3310636005	6	13	32	12
1371	2363490304	2364014591	3310636005	3310636005	17	13	32	5
1372	4245159936	4245684223	1702521215	1702521215	6	13	32	4
1373	2660293612	2660293615	3310636004	3310636004	1	30	32	1
1374	3616316248	3616316251	3310636004	3310636004	1	30	32	1
1375	3329191936	3329192191	340077568	340078591	6	24	22	3
1376	3977726720	3977726975	3772742656	3772743679	17	24	22	4
1377	3977726720	3977726975	3772742656	3772743679	6	24	22	8
1378	3977726720	3977726975	2838431744	2838432767	17	24	22	8
1379	3977726720	3977726975	2838431744	2838432767	6	24	22	12
1380	3977726720	3977726975	3310636032	3310637055	6	24	22	12
1381	3977726720	3977726975	3310636032	3310637055	17	24	22	4
1382	4045443328	4045443583	3772742656	3772743679	6	24	22	12
1383	4045443328	4045443583	3772742656	3772743679	17	24	22	4
1384	4244765780	4244765780	2284271592	2284271595	4	32	30	1
1385	48103424	48234495	1177679600	1177679603	17	15	30	10
1386	48103424	48234495	1177679600	1177679603	6	15	30	11
1387	4244766720	4244897791	2284271592	2284271595	17	15	30	5
1388	4244766720	4244897791	2284271592	2284271595	6	15	30	8
1389	48035608	48035615	1177679605	1177679605	1	29	32	1
1390	158904536	158904543	1177679605	1177679605	1	29	32	1
1391	374473768	374473775	1177679605	1177679605	1	29	32	1
1392	3680559152	3680559159	3310636004	3310636004	1	29	32	1
1393	158859264	158892031	1177679584	1177679599	6	17	28	12
1394	158859264	158892031	1177679584	1177679599	17	17	28	5
1395	1920204800	1920237567	780854512	780854527	17	17	28	6
1396	1920204800	1920237567	780854512	780854527	6	17	28	10
1397	158904528	158904531	1177679606	1177679607	1	30	31	1
1398	716741196	716741199	1702521212	1702521213	1	30	31	1
1399	1920268308	1920268311	1177679606	1177679607	1	30	31	1
1400	4244765776	4244765779	3310636006	3310636007	1	30	31	1
1401	409534464	409599999	1177679608	1177679615	6	16	29	3
1402	409534464	409599999	1177679608	1177679615	17	16	29	3
1403	2542862336	2542927871	3310636008	3310636015	6	16	29	20
1404	2542862336	2542927871	3310636008	3310636015	17	16	29	9
1405	2760441856	2760507391	3772742640	3772742647	17	16	29	7
1406	2760441856	2760507391	3772742640	3772742647	6	16	29	23
1407	3462332416	3462397951	2838433016	2838433023	6	16	29	2
1408	4244635648	4244701183	2284271584	2284271591	6	16	29	11
1409	4244635648	4244701183	2284271584	2284271591	17	16	29	5
1410	409519097	409519097	1177679608	1177679615	1	32	29	1
1411	3015529342	3015529342	3310636008	3310636015	1	32	29	1
1412	374473766	374473767	1177812992	1178075135	6	31	14	26
1413	374473766	374473767	1177812992	1178075135	17	31	14	18
1414	1178433236	1178433237	339738624	340000767	17	31	14	13
1415	3977726590	3977726591	2837970944	2838233087	17	31	14	4
1416	3977726590	3977726591	2837970944	2838233087	6	31	14	8
1417	4244765782	4244765783	1702625280	1702887423	17	31	14	2
1418	4244765782	4244765783	1702625280	1702887423	6	31	14	4
1419	1559406952	1559406955	1177679600	1177679603	17	30	30	1
1420	896036923	896036923	340787200	341835775	6	32	12	14
1421	896036923	896036923	340787200	341835775	17	32	12	5
1422	1050023410	1050023410	340787200	341835775	6	32	12	9
1423	1050023410	1050023410	340787200	341835775	17	32	12	2
1424	1920268307	1920268307	781189120	782237695	17	32	12	6
1425	1920268307	1920268307	781189120	782237695	6	32	12	13
1426	3680559164	3680559164	3770679296	3771727871	6	32	12	25
1427	3680559164	3680559164	3770679296	3771727871	17	32	12	8
1428	4045443144	4045443144	3770679296	3771727871	6	32	12	2
1429	4045443144	4045443144	3770679296	3771727871	17	32	12	1
1430	3849810179	3849810179	3310636016	3310636031	17	32	28	1
1431	896036923	896036923	335544320	339738623	6	32	10	10
1432	896036923	896036923	335544320	339738623	17	32	10	4
1433	2107399988	2107399988	784334848	788529151	6	32	10	12
1434	2107399988	2107399988	784334848	788529151	17	32	10	4
1435	2760439879	2760439879	2839543808	2843738111	6	32	10	14
1436	2760439879	2760439879	2839543808	2843738111	17	32	10	7
1437	2913958428	2913958428	335544320	339738623	17	32	10	1
1438	2913958428	2913958428	335544320	339738623	6	32	10	1
1439	3329192354	3329192354	335544320	339738623	6	32	10	4
1440	3977726589	3977726589	2839543808	2843738111	6	32	10	2
1441	3977726589	3977726589	2839543808	2843738111	17	32	10	1
1442	3849810178	3849810178	2285895680	2290089983	6	32	10	7
1443	3849810178	3849810178	2285895680	2290089983	17	32	10	2
1444	4045443144	4045443144	3766484992	3770679295	6	32	10	3
1445	896038912	896040959	340077312	340077567	6	21	24	5
1446	896038912	896040959	340077312	340077567	17	21	24	1
1447	3015530496	3015532543	2838433024	2838433279	6	21	24	12
1448	3015530496	3015532543	2838433024	2838433279	17	21	24	5
1449	1050023411	1050023411	780140544	780664831	6	32	13	12
1450	1050023411	1050023411	780140544	780664831	17	32	13	4
1451	2107399989	2107399989	1178075136	1178599423	6	32	13	15
1452	2107399989	2107399989	1178075136	1178599423	17	32	13	8
1453	2107399989	2107399989	780140544	780664831	6	32	13	6
1454	2107399989	2107399989	780140544	780664831	17	32	13	1
1455	2107399989	2107399989	2284322816	2284847103	6	32	13	3
1456	2107399989	2107399989	2284322816	2284847103	17	32	13	1
1457	1559406958	1559406958	1178075136	1178599423	6	32	13	3
1458	1559406958	1559406958	1178075136	1178599423	17	32	13	2
1459	3977726588	3977726588	3310878720	3311403007	6	32	13	4
1460	3977726588	3977726588	3310878720	3311403007	17	32	13	2
1461	3849810179	3849810179	2284322816	2284847103	17	32	13	9
1462	3849810179	3849810179	2284322816	2284847103	6	32	13	8
1463	4045443145	4045443145	3771727872	3772252159	6	32	13	3
1464	4045443145	4045443145	3771727872	3772252159	17	32	13	2
1465	1920237568	1920253951	780854464	780854495	17	18	27	2
1466	1920268352	1920268415	780845056	780853247	6	26	19	4
1467	1920268352	1920268415	780845056	780853247	17	26	19	3
1468	2107400000	2107400063	780845056	780853247	6	26	19	5
1469	3849810240	3849810303	3310641152	3310649343	6	26	19	3
1470	2107400064	2107400191	1177673728	1177677823	6	25	20	5
1471	2542824448	2542824575	340078592	340082687	17	25	20	1
1472	4045443200	4045443327	3772735488	3772739583	17	25	20	2
1473	4045443200	4045443327	3772735488	3772739583	6	25	20	3
1474	4045443200	4045443327	3310637056	3310641151	6	25	20	4
1475	4045443200	4045443327	3310637056	3310641151	17	25	20	1
1476	4045443200	4045443327	2284265472	2284269567	17	25	20	2
1477	4045443200	4045443327	2284265472	2284269567	6	25	20	5
1478	2107399992	2107399999	780861440	780926975	17	29	16	8
1479	2107399992	2107399999	780861440	780926975	6	29	16	14
1480	1700738640	1700738647	1177550848	1177616383	6	29	16	3
1481	1700738640	1700738647	1177550848	1177616383	17	29	16	1
1482	1559406944	1559406951	340000768	340066303	6	29	16	19
1483	1559406944	1559406951	340000768	340066303	17	29	16	10
1484	3015529328	3015529335	2838364160	2838429695	6	29	16	8
1485	3015529328	3015529335	2838364160	2838429695	17	29	16	2
1486	4045443136	4045443143	3772645376	3772710911	17	29	16	2
1487	4045443136	4045443143	3772645376	3772710911	6	29	16	8
1488	4045443136	4045443143	2284191744	2284257279	6	29	16	20
1489	4045443136	4045443143	2284191744	2284257279	17	29	16	8
1490	2107399984	2107399987	780664832	780795903	6	30	15	2
1491	2107399984	2107399987	780664832	780795903	17	30	15	1
1492	2107399984	2107399987	1177681920	1177812991	6	30	15	23
1493	2107399984	2107399987	1177681920	1177812991	17	30	15	8
1494	2913958424	2913958427	340131840	340262911	6	30	15	2
1495	2913958424	2913958427	340131840	340262911	17	30	15	1
1496	1700738655	1700738655	780854512	780854527	1	32	28	1
1497	1789394944	1789657087	1177679606	1177679607	17	14	31	1
1498	1789394944	1789657087	1177679606	1177679607	6	14	31	4
1499	1789738496	1789738751	1177679872	1177681919	6	24	21	4
1500	1789738496	1789738751	1177679872	1177681919	17	24	21	3
1501	3329191936	3329192191	340074496	340076543	6	24	21	4
1502	3329191936	3329192191	340074496	340076543	17	24	21	2
1503	3977726720	3977726975	2838429696	2838431743	17	24	21	4
1504	3977726720	3977726975	2838429696	2838431743	6	24	21	7
1505	4045443328	4045443583	3772739584	3772741631	6	24	21	4
1506	4045443328	4045443583	3772739584	3772741631	17	24	21	1
1507	1789730816	1789734911	780854272	780854399	6	20	25	31
1508	1789730816	1789734911	780854272	780854399	17	20	25	15
1509	3462307840	3462311935	2838432768	2838432895	6	20	25	33
1510	3462307840	3462311935	2838432768	2838432895	17	20	25	14
1511	3329187840	3329191935	2838432768	2838432895	6	20	25	7
1512	3329187840	3329191935	2838432768	2838432895	17	20	25	5
1513	1559406912	1559406943	1177649152	1177665535	17	27	18	1
1514	1559406912	1559406943	1177649152	1177665535	6	27	18	1
1515	2364538880	2365587455	3310636005	3310636005	17	12	32	4
1516	2364538880	2365587455	3310636005	3310636005	6	12	32	7
1517	3013607424	3014655999	3310636005	3310636005	17	12	32	3
1518	3013607424	3014655999	3310636005	3310636005	6	12	32	9
1519	2660293616	2660293631	3310636005	3310636005	1	28	32	1
1520	3329192368	3329192383	3310636005	3310636005	1	28	32	1
1521	2760425472	2760433663	3772742528	3772742591	6	19	26	27
1522	2760425472	2760433663	3772742528	3772742591	17	19	26	12
1523	2760439888	2760439903	340099072	340131839	17	28	17	2
1524	2760439888	2760439903	340099072	340131839	6	28	17	2
1525	3329192960	3329193983	340076544	340077055	6	22	23	5
1526	3329192960	3329193983	340076544	340077055	17	22	23	4
1527	3977726976	3977727999	3772741632	3772742143	17	22	23	4
1528	3977726976	3977727999	3772741632	3772742143	6	22	23	5
1529	3977726976	3977727999	3310635008	3310635519	6	22	23	6
1530	3977725952	3977726463	3772742656	3772743679	6	23	22	12
1531	4045443584	4045444095	3772742656	3772743679	17	23	22	2
1532	4045443584	4045444095	3772742656	3772743679	6	23	22	3
1533	48234496	50331647	1177679604	1177679604	6	11	32	12
1534	48234496	50331647	1177679604	1177679604	17	11	32	4
1535	155189248	157286399	1177679604	1177679604	6	11	32	6
1536	406847488	408944639	1177679604	1177679604	6	11	32	17
1537	406847488	408944639	1177679604	1177679604	17	11	32	6
1538	48035712	48035839	1177665536	1177673727	6	25	19	2
1539	2107400064	2107400191	1177665536	1177673727	17	25	19	2
1540	2107400064	2107400191	1177665536	1177673727	6	25	19	1
1541	3977726592	3977726719	3310641152	3310649343	6	25	19	3
1542	3977726592	3977726719	3310641152	3310649343	17	25	19	1
1543	4045443200	4045443327	3310641152	3310649343	6	25	19	4
1544	4045443200	4045443327	3310641152	3310649343	17	25	19	1
1545	409600000	409731071	1177679608	1177679615	6	15	29	26
1546	409600000	409731071	1177679608	1177679615	17	15	29	14
1547	374865920	375390207	1177679606	1177679607	6	13	31	13
1548	374865920	375390207	1177679606	1177679607	17	13	31	8
1549	1699741696	1700265983	1177679606	1177679607	6	13	31	17
1550	1699741696	1700265983	1177679606	1177679607	17	13	31	12
1551	1788870656	1789394943	1177679606	1177679607	6	13	31	16
1552	1788870656	1789394943	1177679606	1177679607	17	13	31	8
1553	1423441920	1423966207	1177679606	1177679607	6	13	31	10
1554	1423441920	1423966207	1177679606	1177679607	17	13	31	5
1555	374603776	374865919	1177679600	1177679603	17	14	30	1
1556	374603776	374865919	1177679600	1177679603	6	14	30	1
1557	1340604416	1340866559	780854500	780854503	6	14	30	12
1558	1340604416	1340866559	780854500	780854503	17	14	30	4
1559	1559494656	1559756799	3772742652	3772742655	6	14	30	3
1560	1559494656	1559756799	3772742652	3772742655	17	14	30	1
1561	2660499456	2660761599	2838433008	2838433011	17	14	30	2
1562	2660499456	2660761599	2838433008	2838433011	6	14	30	4
1563	374473760	374473763	1177679600	1177679603	1	30	30	1
1564	716741184	716741191	1702521212	1702521213	1	29	31	1
1565	1700738640	1700738647	1177679606	1177679607	1	29	31	1
1566	716741200	716741215	1702521214	1702521214	1	28	32	1
1567	3015529312	3015529327	3310636004	3310636004	1	28	32	1
1568	716767232	716832767	1702521184	1702521199	6	16	28	32
1569	716767232	716832767	1702521184	1702521199	17	16	28	10
1570	896036896	896036911	1702521215	1702521215	0	28	32	1
1571	1050023936	1050025983	340076544	340077055	6	21	23	10
1572	1050023936	1050025983	340076544	340077055	17	21	23	2
1573	1920266240	1920268287	780854784	780855295	6	21	23	17
1574	1920266240	1920268287	780854784	780855295	17	21	23	8
1575	3015530496	3015532543	340076544	340077055	6	21	23	2
1576	3116148736	3116150783	3772741632	3772742143	6	21	23	17
1577	3116148736	3116150783	3772741632	3772742143	17	21	23	7
1578	2913955840	2913957887	340076544	340077055	17	21	23	5
1579	2913955840	2913957887	340076544	340077055	6	21	23	7
1580	3329193984	3329196031	340076544	340077055	6	21	23	3
1581	3329193984	3329196031	340076544	340077055	17	21	23	2
1582	3616313344	3616315391	340076544	340077055	6	21	23	3
1583	3977723904	3977725951	3772741632	3772742143	17	21	23	4
1584	3977723904	3977725951	3772741632	3772742143	6	21	23	8
1585	1920268304	1920268305	2284271584	2284271591	1	31	29	1
1586	1178433236	1178433237	1177679608	1177679615	1	31	29	1
1587	3680559166	3680559167	3310636008	3310636015	1	31	29	1
1588	4244765782	4244765783	2284271584	2284271591	1	31	29	1
1589	1920253952	1920262143	780854272	780854399	6	19	25	25
1590	1920253952	1920262143	780854272	780854399	17	19	25	11
1591	3462299648	3462307839	2838432768	2838432895	6	19	25	34
1592	3462299648	3462307839	2838432768	2838432895	17	19	25	12
1593	1789738496	1789738751	1177673728	1177677823	6	24	20	6
1594	1789738496	1789738751	1177673728	1177677823	17	24	20	2
1595	1789738496	1789738751	780857344	780861439	6	24	20	1
1596	3329191936	3329192191	340078592	340082687	17	24	20	1
1597	4045443328	4045443583	2284265472	2284269567	17	24	20	3
1598	4045443328	4045443583	2284265472	2284269567	6	24	20	8
1599	4045443328	4045443583	3772735488	3772739583	17	24	20	1
1600	4045443328	4045443583	3772735488	3772739583	6	24	20	2
1601	4045443328	4045443583	3310637056	3310641151	6	24	20	4
1602	4045443328	4045443583	3310637056	3310641151	17	24	20	1
1603	1341008896	1341009919	780853248	780854271	6	22	22	15
1604	1341008896	1341009919	780853248	780854271	17	22	22	6
1605	3329192960	3329193983	340077568	340078591	6	22	22	3
1606	3329192960	3329193983	340077568	340078591	17	22	22	3
1607	3329192960	3329193983	3310636032	3310637055	6	22	22	7
1608	3977726976	3977727999	3310636032	3310637055	6	22	22	7
1609	3977726976	3977727999	3310636032	3310637055	17	22	22	3
1610	3977726976	3977727999	3772742656	3772743679	6	22	22	6
1611	3977726976	3977727999	3772742656	3772743679	17	22	22	2
1612	4045444096	4045445119	3772742656	3772743679	17	22	22	3
1613	4045444096	4045445119	3772742656	3772743679	6	22	22	7
1614	1423343616	1423376383	340077120	340077183	6	17	26	31
1615	1559412736	1559429119	3772742528	3772742591	6	18	26	7
1616	1559412736	1559429119	3772742528	3772742591	17	18	26	5
1617	2913927168	2913943551	3772742528	3772742591	6	18	26	31
1618	2913927168	2913943551	3772742528	3772742591	17	18	26	14
1619	3462316032	3462332415	2838432896	2838432959	6	18	26	31
1620	3462316032	3462332415	2838432896	2838432959	17	18	26	11
1621	3616325632	3616342015	2838432896	2838432959	17	18	26	14
1622	3616325632	3616342015	2838432896	2838432959	6	18	26	29
1623	2542824576	2542824607	3310636005	3310636005	1	27	32	1
1624	3116148034	3116148034	2284271552	2284271583	1	32	27	1
1625	2913861632	2913927167	2284271552	2284271583	6	16	27	27
1626	3462307840	3462311935	2838433013	2838433013	89	20	32	1
1627	3977728000	3977732095	3772742651	3772742651	1	20	32	1
1628	3462332416	3462397951	2838433016	2838433023	17	16	29	1
1629	3977725952	3977726463	2838429696	2838431743	6	23	21	12
1630	3977725952	3977726463	2838429696	2838431743	17	23	21	4
1631	4045443584	4045444095	3772739584	3772741631	6	23	21	4
1632	4045443584	4045444095	3772739584	3772741631	17	23	21	1
1633	48035584	48035599	340077072	340077073	1	28	31	1
1634	158904512	158904527	780854498	780854499	1	28	31	1
1635	374473776	374473791	780854498	780854499	47	28	31	1
1636	374473776	374473791	780854498	780854499	1	28	31	1
1637	1920268288	1920268303	1177679606	1177679607	1	28	31	1
1638	158990336	159121407	780854512	780854527	6	15	28	24
1639	158990336	159121407	780854512	780854527	17	15	28	15
1640	1049886720	1050017791	1702521184	1702521199	6	15	28	29
1641	1049886720	1050017791	1702521184	1702521199	17	15	28	12
1642	1789788160	1789919231	1177679584	1177679599	6	15	28	5
1643	1789788160	1789919231	1177679584	1177679599	17	15	28	1
1644	3015573504	3015704575	2838432992	2838433007	6	15	28	17
1645	3015573504	3015704575	2838432992	2838433007	17	15	28	11
1646	3328966656	3329097727	2838432992	2838433007	17	15	28	10
1647	3328966656	3329097727	2838432992	2838433007	6	15	28	18
1648	409519040	409519071	780854496	780854496	1	27	32	1
1649	374473728	374473759	1177679605	1177679605	1	27	32	1
1650	3616316256	3616316287	3310636004	3310636004	1	27	32	1
1651	374603776	374865919	2284271584	2284271591	17	14	29	4
1652	374603776	374865919	2284271584	2284271591	6	14	29	6
1653	3015180288	3015442431	3310636008	3310636015	17	14	29	9
1654	3015180288	3015442431	3310636008	3310636015	6	14	29	26
1655	4244897792	4245159935	2284271584	2284271591	6	14	29	22
1656	4244897792	4245159935	2284271584	2284271591	17	14	29	12
1657	374538240	374603775	780854464	780854495	6	16	27	24
1658	374538240	374603775	780854464	780854495	17	16	27	14
1659	896073728	896139263	780854464	780854495	6	16	27	25
1660	896073728	896139263	780854464	780854495	17	16	27	10
1661	1341063168	1341128703	780854464	780854495	6	16	27	24
1662	1341063168	1341128703	780854464	780854495	17	16	27	18
1663	2660302848	2660368383	2838432960	2838432991	6	16	27	12
1664	2660302848	2660368383	2838432960	2838432991	17	16	27	3
1665	2913861632	2913927167	2284271552	2284271583	17	16	27	19
1666	3329097728	3329163263	3772742592	3772742623	6	16	27	35
1667	3329097728	3329163263	3772742592	3772742623	17	16	27	17
1668	609222656	610271231	1177679606	1177679607	6	12	31	14
1669	609222656	610271231	1177679606	1177679607	17	12	31	5
1670	4245684224	4246732799	2284271596	2284271597	17	12	31	1
1671	608278464	608278527	780854497	780854497	1	26	32	1
1672	716741196	716741199	2284271584	2284271591	1	30	29	1
1673	1920268308	1920268311	780854504	780854511	1	30	29	1
1674	1700738648	1700738651	780854504	780854511	1	30	29	1
1675	1789738868	1789738871	1177679608	1177679615	1	30	29	1
1676	1178433232	1178433235	1177679608	1177679615	1	30	29	1
1677	2542824632	2542824635	3310636008	3310636015	1	30	29	1
1678	2542824632	2542824635	3310636008	3310636015	4	30	29	1
1679	3680559160	3680559163	3310636008	3310636015	1	30	29	1
1680	896036912	896036919	780854500	780854503	1	29	30	1
1681	3116148040	3116148047	3772742652	3772742655	1	29	30	1
1682	2760439880	2760439887	3772742652	3772742655	1	29	30	1
1683	3329192360	3329192367	3310636000	3310636003	1	29	30	1
1684	896037120	896037375	780845056	780853247	17	24	19	1
1685	1789738496	1789738751	780845056	780853247	6	24	19	7
1686	3977726720	3977726975	3772727296	3772735487	6	24	19	1
1687	4045443328	4045443583	3772727296	3772735487	17	24	19	1
1688	4045443328	4045443583	3772727296	3772735487	6	24	19	2
1689	4045443328	4045443583	3310641152	3310649343	6	24	19	3
1690	1050023411	1050023411	782237696	784334847	6	32	11	1
1691	3116148040	3116148047	2838433016	2838433023	17	29	29	1
1692	2107400064	2107400191	780828672	780845055	6	25	18	3
1693	3680559232	3680559359	2838446080	2838462463	6	25	18	2
1694	3680559232	3680559359	2838446080	2838462463	17	25	18	1
1695	3977726592	3977726719	2838446080	2838462463	6	25	18	2
1696	4045443200	4045443327	3310616576	3310632959	6	25	18	2
1697	1789738866	1789738867	780854512	780854527	1	31	28	1
1698	2760439876	2760439877	2838432992	2838433007	1	31	28	1
1699	1341030400	1341063167	780854400	780854463	6	17	26	14
1700	1341030400	1341063167	780854400	780854463	17	17	26	6
1701	1423343616	1423376383	340077120	340077183	17	17	26	20
1702	1178419200	1178427391	1702521215	1702521215	1	19	32	1
1703	3329192355	3329192355	2838432960	2838432991	1	32	27	1
1704	1559406912	1559406943	1177550848	1177616383	6	27	16	1
1705	2191130624	2191134719	3310635008	3310635519	6	20	23	25
1706	2191130624	2191134719	3310635008	3310635519	17	20	23	14
1707	2543845376	2545942527	3310636004	3310636004	6	11	32	5
1708	2543845376	2545942527	3310636004	3310636004	17	11	32	2
1709	2760439888	2760439903	340131840	340262911	6	28	15	2
1710	3462313472	3462313727	340078592	340082687	6	24	20	1
1711	3462313949	3462313949	335544320	339738623	6	32	10	2
1712	3616313344	3616315391	340077568	340078591	6	21	22	1
1713	3977723904	3977725951	2838431744	2838432767	6	21	22	2
1714	3977723904	3977725951	3310636032	3310637055	6	21	22	12
1715	3977723904	3977725951	3310636032	3310637055	17	21	22	3
1716	3849811968	3849814015	3772742656	3772743679	6	21	22	3
1717	3849811968	3849814015	3772742656	3772743679	17	21	22	1
1718	4045445120	4045447167	3772742656	3772743679	6	21	22	5
1719	4045445120	4045447167	3772742656	3772743679	17	21	22	1
1720	3977726976	3977727999	2838429696	2838431743	17	22	21	4
1721	3977726976	3977727999	2838429696	2838431743	6	22	21	11
1722	4045444096	4045445119	3772739584	3772741631	6	22	21	6
1723	3977707520	3977723903	3310635776	3310635903	6	18	25	8
1724	3977707520	3977723903	3310635776	3310635903	17	18	25	4
1725	4045443584	4045444095	3772735488	3772739583	6	23	20	2
1726	4045443584	4045444095	2284265472	2284269567	17	23	20	4
1727	4045443584	4045444095	2284265472	2284269567	6	23	20	4
1728	4045443584	4045444095	3310637056	3310641151	6	23	20	1
1729	47185920	47710207	780854512	780854527	6	13	28	20
1730	48037888	48103423	1177679488	1177679551	6	16	26	29
1731	48037888	48103423	1177679488	1177679551	17	16	26	13
1732	48035600	48035603	1177679584	1177679599	1	30	28	1
1733	1050023412	1050023415	1702521184	1702521199	1	30	28	1
1734	3015529336	3015529339	2838432992	2838433007	1	30	28	1
1735	2760439872	2760439875	2838432992	2838433007	1	30	28	1
1736	3849810180	3849810183	3310636016	3310636031	1	30	28	1
1737	48035616	48035647	1177679606	1177679607	47	27	31	1
1738	48035616	48035647	1177679606	1177679607	1	27	31	1
1739	48035616	48035647	1177679606	1177679607	4	27	31	1
1740	1050023360	1050023391	780854498	780854499	4	27	31	1
1741	1050023360	1050023391	780854498	780854499	1	27	31	1
1742	1341008480	1341008511	780854498	780854499	1	27	31	1
1743	2191135872	2191135903	2838433014	2838433015	1	27	31	1
1744	2660293568	2660293599	3310636006	3310636007	1	27	31	1
1745	4244765792	4244765823	2284271596	2284271597	1	27	31	1
1746	4244765792	4244765823	2284271596	2284271597	47	27	31	1
1747	158859264	158892031	780854272	780854399	6	17	25	20
1748	158859264	158892031	780854272	780854399	17	17	25	11
1749	896040960	896073727	1702521216	1702521343	17	17	25	10
1750	896040960	896073727	1702521216	1702521343	6	17	25	27
1751	1050050560	1050083327	340077184	340077311	6	17	25	28
1752	1050050560	1050083327	340077184	340077311	17	17	25	6
1753	2542829568	2542862335	3310635776	3310635903	6	17	25	1
1754	2542829568	2542862335	3310635776	3310635903	17	17	25	2
1755	2913959936	2913992703	2284271360	2284271487	17	17	25	6
1756	2913959936	2913992703	2284271360	2284271487	6	17	25	14
1757	4244701184	4244733951	3772742400	3772742527	6	17	25	15
1758	4244701184	4244733951	3772742400	3772742527	17	17	25	11
1759	409519072	409519087	1177679600	1177679603	1	28	30	1
1760	1700738624	1700738639	780854500	780854503	1	28	30	1
1761	4244765760	4244765775	3310636000	3310636003	1	28	30	1
1762	409519096	409519096	780854497	780854497	0	32	32	1
1763	374473792	374473855	1177679605	1177679605	1	26	32	1
1764	2364355648	2364355711	3310636004	3310636004	1	26	32	1
1765	608436224	608698367	1177679584	1177679599	6	14	28	19
1766	608436224	608698367	1177679584	1177679599	17	14	28	11
1767	1919942656	1920204799	780854512	780854527	17	14	28	10
1768	1919942656	1920204799	780854512	780854527	6	14	28	26
1769	2191261696	2191523839	3310636016	3310636031	6	14	28	26
1770	2191261696	2191523839	3310636016	3310636031	17	14	28	14
1771	2660499456	2660761599	3310636016	3310636031	17	14	28	2
1772	2660499456	2660761599	3310636016	3310636031	6	14	28	1
1773	3328704512	3328966655	2838432992	2838433007	6	14	28	21
1774	3328704512	3328966655	2838432992	2838433007	17	14	28	11
1775	716750848	716767231	2284271104	2284271359	6	18	24	3
1776	716750848	716767231	2284271104	2284271359	17	18	24	2
1777	3462316032	3462332415	340077312	340077567	6	18	24	3
1778	3462316032	3462332415	340077312	340077567	17	18	24	1
1779	3329163264	3329179647	2838433024	2838433279	17	18	24	17
1780	3329163264	3329179647	2838433024	2838433279	6	18	24	18
1781	3977707520	3977723903	2838433024	2838433279	17	18	24	8
1782	3977707520	3977723903	2838433024	2838433279	6	18	24	31
1783	896037120	896037375	780828672	780845055	6	24	18	2
1784	896037120	896037375	780828672	780845055	17	24	18	1
1785	3329191936	3329192191	340082688	340099071	6	24	18	2
1786	3680559360	3680559615	2838446080	2838462463	6	24	18	6
1787	3977726720	3977726975	3310616576	3310632959	6	24	18	1
1788	3849809920	3849810175	2838446080	2838462463	17	24	18	1
1789	3849809920	3849810175	2838446080	2838462463	6	24	18	1
1790	4045443328	4045443583	3772710912	3772727295	17	24	18	1
1791	4045443328	4045443583	3310616576	3310632959	17	24	18	1
1792	4045443328	4045443583	3310616576	3310632959	6	24	18	2
1793	4045443328	4045443583	2284273664	2284290047	6	24	18	4
1794	4045443328	4045443583	2284273664	2284290047	17	24	18	2
1795	896024576	896032767	1702521344	1702521855	6	19	23	24
1796	896024576	896032767	1702521344	1702521855	17	19	23	13
1797	3680550912	3680559103	2838433280	2838433791	6	19	23	21
1798	3680550912	3680559103	2838433280	2838433791	17	19	23	9
1799	1050023424	1050023935	1702510592	1702518783	17	23	19	3
1800	1050023424	1050023935	1702510592	1702518783	6	23	19	4
1801	4045443584	4045444095	3310641152	3310649343	6	23	19	3
1802	1050023936	1050025983	780855296	780857343	6	21	21	3
1803	1050023936	1050025983	780855296	780857343	17	21	21	3
1804	3616313344	3616315391	340074496	340076543	17	21	21	2
1805	4045445120	4045447167	3772739584	3772741631	17	21	21	1
1806	1920335872	1920466943	780854464	780854495	6	15	27	29
1807	1920335872	1920466943	780854464	780854495	17	15	27	15
1808	1340866560	1340997631	1177679552	1177679583	6	15	27	30
1809	1340866560	1340997631	1177679552	1177679583	17	15	27	8
1810	1559232512	1559363583	1177679552	1177679583	6	15	27	21
1811	1559232512	1559363583	1177679552	1177679583	17	15	27	13
1812	3116236800	3116367871	3772742592	3772742623	17	15	27	12
1813	3116236800	3116367871	3772742592	3772742623	6	15	27	27
1814	1920262144	1920266239	1177677824	1177678847	6	20	22	16
1815	1920262144	1920266239	1177677824	1177678847	17	20	22	5
1816	1341009920	1341014015	780853248	780854271	6	20	22	12
1817	1341009920	1341014015	780853248	780854271	17	20	22	10
1818	2660286464	2660290559	2838431744	2838432767	6	20	22	10
1819	2660286464	2660290559	2838431744	2838432767	17	20	22	6
1820	3977728000	3977732095	3772742656	3772743679	6	20	22	5
1821	3977728000	3977732095	3772742656	3772743679	17	20	22	1
1822	1920268312	1920268319	780854504	780854511	1	29	29	1
1823	1341008448	1341008455	780854504	780854511	1	29	29	1
1824	2191135912	2191135919	3310636008	3310636015	1	29	29	1
1825	2107400064	2107400191	780795904	780828671	6	25	17	2
1826	4045443200	4045443327	3310649344	3310682111	17	25	17	1
1827	4045443200	4045443327	3310649344	3310682111	6	25	17	3
1828	4045443200	4045443327	2284290048	2284322815	6	25	17	2
1829	2107398144	2107399167	1177673728	1177677823	17	22	20	1
1830	2107398144	2107399167	1177673728	1177677823	6	22	20	3
1831	1559407616	1559408639	1177673728	1177677823	6	22	20	2
1832	3329192960	3329193983	340078592	340082687	6	22	20	2
1833	3977726976	3977727999	3772735488	3772739583	6	22	20	5
1834	3977726976	3977727999	3772735488	3772739583	17	22	20	3
1835	4244764672	4244765695	3772735488	3772739583	6	22	20	4
1836	4244764672	4244765695	3772735488	3772739583	17	22	20	2
1837	4045444096	4045445119	3772735488	3772739583	17	22	20	1
1838	4045444096	4045445119	3772735488	3772739583	6	22	20	3
1839	4045444096	4045445119	3310637056	3310641151	17	22	20	2
1840	4045444096	4045445119	3310637056	3310641151	6	22	20	3
1841	4045444096	4045445119	2284265472	2284269567	6	22	20	10
1842	4045444096	4045445119	2284265472	2284269567	17	22	20	4
1843	2105540608	2106589183	1177679600	1177679603	17	12	30	9
1844	2105540608	2106589183	1177679600	1177679603	6	12	30	16
1845	3114270720	3115319295	3772742652	3772742655	17	12	30	3
1846	3114270720	3115319295	3772742652	3772742655	6	12	30	12
1847	1559406959	1559406959	340077184	340077311	1	32	25	1
1848	2191135909	2191135909	2284269568	2284270591	17	32	22	1
1849	3115319296	3115843583	2838433016	2838433023	6	13	29	10
1850	3115319296	3115843583	2838433016	2838433023	17	13	29	4
1851	2913730560	2913861631	3772742528	3772742591	6	15	26	8
1852	3461873664	3462135807	3310635968	3310635999	6	14	27	13
1853	3616316288	3616316415	3310636005	3310636005	1	25	32	1
1854	3849810304	3849810431	2284271598	2284271598	0	25	32	1
1855	47185920	47710207	780854512	780854527	17	13	28	16
1856	608698368	609222655	340077056	340077071	6	13	28	19
1857	608698368	609222655	340077056	340077071	17	13	28	11
1858	33554432	41943039	780854496	780854496	17	9	32	1
1859	33554432	41943039	780854496	780854496	6	9	32	4
1860	48035712	48035839	1177679604	1177679604	0	25	32	1
1861	158904320	158904447	1177679605	1177679605	1	25	32	1
1862	2191135744	2191135871	2838433012	2838433012	1	25	32	1
1863	2660293376	2660293503	3310636004	3310636004	1	25	32	1
1864	158904544	158904575	780854500	780854503	1	27	30	1
1865	2364355616	2364355647	2838433008	2838433011	1	27	30	1
1866	3015529280	3015529311	3310636000	3310636003	1	27	30	1
1867	409731072	409993215	1177679552	1177679583	17	14	27	6
1868	409731072	409993215	1177679552	1177679583	6	14	27	11
1869	1559494656	1559756799	1177679552	1177679583	6	14	27	15
1870	1559494656	1559756799	1177679552	1177679583	17	14	27	4
1871	3461873664	3462135807	3310635968	3310635999	17	14	27	5
1872	3849322496	3849584639	2284271552	2284271583	17	14	27	4
1873	3849322496	3849584639	2284271552	2284271583	6	14	27	6
1874	373293056	374341631	1177679608	1177679615	6	12	29	22
1875	373293056	374341631	1177679608	1177679615	17	12	29	9
1876	2760900608	2761949183	2838433016	2838433023	17	12	29	8
1877	2760900608	2761949183	2838433016	2838433023	6	12	29	10
1878	608278415	608278415	780854497	780854497	0	32	32	1
1879	608278400	608278407	1177679584	1177679599	1	29	28	1
1880	3015529328	3015529335	3310636016	3310636031	1	29	28	1
1881	3616316240	3616316247	2838432992	2838433007	1	29	28	1
1882	608278416	608278431	780854504	780854511	4	28	29	1
1883	2542824608	2542824623	3310636008	3310636015	1	28	29	1
1884	3116148048	3116148063	3772742640	3772742647	1	28	29	1
1885	716701696	716734463	780854528	780854783	6	17	24	6
1886	716701696	716734463	780854528	780854783	17	17	24	4
1887	4045443328	4045443583	3772710912	3772727295	6	24	18	1
1888	896036923	896036923	340074496	340076543	17	32	21	1
1889	896036923	896036923	340074496	340076543	6	32	21	1
1890	1050023412	1050023415	2284271552	2284271583	1	30	27	1
1891	3015529336	3015529339	2284271552	2284271583	1	30	27	1
1892	1050023936	1050025983	780857344	780861439	17	21	20	1
1893	1050023936	1050025983	780857344	780861439	6	21	20	1
1894	4244762624	4244764671	3772735488	3772739583	6	21	20	3
1895	4244762624	4244764671	3772735488	3772739583	17	21	20	2
1896	4045445120	4045447167	2284265472	2284269567	6	21	20	6
1897	4045445120	4045447167	2284265472	2284269567	17	21	20	3
1898	4045445120	4045447167	3310637056	3310641151	6	21	20	5
1899	4045445120	4045447167	3310637056	3310641151	17	21	20	1
1900	4045445120	4045447167	3772735488	3772739583	6	21	20	2
1901	2107400192	2107408383	1702521856	1702522879	6	19	22	4
1902	3977732096	3977740287	3310636032	3310637055	6	19	22	8
1903	3977732096	3977740287	3310636032	3310637055	17	19	22	3
1904	3977732096	3977740287	3772742656	3772743679	6	19	22	3
1905	3977732096	3977740287	3772742656	3772743679	17	19	22	2
1906	4045447168	4045455359	3772742656	3772743679	17	19	22	3
1907	4045447168	4045455359	3772742656	3772743679	6	19	22	4
1908	2107398144	2107399167	1177665536	1177673727	17	22	19	1
1909	2107398144	2107399167	780845056	780853247	17	22	19	4
1910	2107398144	2107399167	780845056	780853247	6	22	19	5
1911	1559407616	1559408639	1177665536	1177673727	17	22	19	2
1912	1559407616	1559408639	1177665536	1177673727	6	22	19	2
1913	2913958912	2913959935	3772727296	3772735487	17	22	19	4
1914	2913958912	2913959935	3772727296	3772735487	6	22	19	4
1915	4045444096	4045445119	3310641152	3310649343	6	22	19	1
1916	4045444096	4045445119	3310641152	3310649343	17	22	19	2
1917	1789738496	1789738751	780795904	780828671	6	24	17	1
1918	3462313472	3462313727	340099072	340131839	6	24	17	1
1919	3462313472	3462313727	340099072	340131839	17	24	17	1
1920	3329191936	3329192191	340099072	340131839	17	24	17	1
1921	3849809920	3849810175	2838462464	2838495231	6	24	17	1
1922	3849809920	3849810175	2838462464	2838495231	17	24	17	2
1923	4045443328	4045443583	2284290048	2284322815	17	24	17	1
1924	1178468352	1178599423	340077120	340077183	17	15	26	2
1925	1178468352	1178599423	340077120	340077183	6	15	26	3
1926	2913730560	2913861631	3772742528	3772742591	17	15	26	5
1927	2913730560	2913861631	2284271488	2284271551	6	15	26	11
1928	2913730560	2913861631	2284271488	2284271551	17	15	26	4
1929	2191136000	2191136255	2838433013	2838433013	1	24	32	1
1930	3015528960	3015529215	3310636005	3310636005	1	24	32	1
1931	3015704576	3019898879	3310636006	3310636007	6	10	31	1
1932	2760439936	2760440063	340099072	340131839	17	25	17	1
1933	3462313949	3462313949	340076544	340077055	6	32	23	1
1934	3616316252	3616316252	340076544	340077055	6	32	23	1
1935	3462313856	3462313919	3310636006	3310636007	1	26	31	1
1936	3977728000	3977732095	2838429696	2838431743	6	20	21	3
1937	3977728000	3977732095	2838429696	2838431743	17	20	21	1
1938	3849809920	3849810175	3310636004	3310636004	6	24	32	1
1939	4045443584	4045444095	3310616576	3310632959	6	23	18	1
1940	4045443584	4045444095	2284273664	2284290047	6	23	18	2
1941	4045443584	4045444095	3772727296	3772735487	6	23	19	2
1942	4045443584	4045444095	3772727296	3772735487	17	23	19	1
1943	48234496	50331647	340077056	340077071	6	11	28	16
1944	41943040	46137343	780854500	780854503	17	10	30	5
1945	41943040	46137343	780854500	780854503	6	10	30	8
1946	48035648	48035711	780854500	780854503	1	26	30	1
1947	48035648	48035711	780854500	780854503	47	26	30	1
1948	896036928	896036991	780854500	780854503	1	26	30	1
1949	3329192384	3329192447	3310636000	3310636003	1	26	30	1
1950	157286400	158334975	340077056	340077071	6	12	28	21
1951	157286400	158334975	340077056	340077071	17	12	28	6
1952	4245684224	4246732799	1702521184	1702521199	17	12	28	6
1953	4245684224	4246732799	1702521184	1702521199	6	12	28	13
1954	409518080	409518591	780854497	780854497	1	23	32	1
1955	2542824960	2542825471	3310636005	3310636005	1	23	32	1
1956	4045443584	4045444095	2284271598	2284271598	1	23	32	1
1957	409519098	409519099	1177679604	1177679604	0	31	32	1
1958	716734464	716738559	1177673728	1177677823	6	20	20	2
1959	716734464	716738559	1177673728	1177677823	17	20	20	1
1960	4244758528	4244762623	3772735488	3772739583	17	20	20	1
1961	4244758528	4244762623	3772735488	3772739583	6	20	20	2
1962	896036912	896036919	1698693120	1700790271	6	29	11	2
1963	1050023936	1050025983	780845056	780853247	6	21	19	2
1964	4045445120	4045447167	3772727296	3772735487	6	21	19	1
1965	4045445120	4045447167	3310641152	3310649343	6	21	19	2
1966	4045445120	4045447167	3310641152	3310649343	17	21	19	3
1967	1920268307	1920268307	1177673728	1177677823	6	32	20	1
1968	2107400064	2107400191	1177681920	1177812991	6	25	15	1
1969	2107400064	2107400191	1177681920	1177812991	17	25	15	2
1970	3680559232	3680559359	2838233088	2838364159	6	25	15	3
1971	2107399990	2107399991	1182793728	1191182335	6	31	9	2
1972	2107113472	2107375615	780854400	780854463	17	14	26	10
1973	2107113472	2107375615	780854400	780854463	6	14	26	13
1974	1178075136	1178337279	340077120	340077183	17	14	26	10
1975	1178075136	1178337279	340077120	340077183	6	14	26	30
1976	1559494656	1559756799	1177679488	1177679551	17	14	26	5
1977	1559494656	1559756799	1177679488	1177679551	6	14	26	11
1978	3461873664	3462135807	2838432896	2838432959	17	14	26	1
1979	3461873664	3462135807	2838432896	2838432959	6	14	26	3
1980	2107398144	2107399167	1177649152	1177665535	6	22	18	3
1981	3329192960	3329193983	340082688	340099071	6	22	18	2
1982	4045444096	4045445119	3772710912	3772727295	17	22	18	1
1983	4045444096	4045445119	3310616576	3310632959	6	22	18	2
1984	4045444096	4045445119	2284273664	2284290047	17	22	18	1
1985	4045444096	4045445119	2284273664	2284290047	6	22	18	3
1986	1789738865	1789738865	780854504	780854511	0	32	29	2
1987	1789788160	1789919231	780854272	780854399	17	15	25	11
1988	1789788160	1789919231	780854272	780854399	6	15	25	26
1989	1789738816	1789738847	3772742640	3772742647	1	27	29	1
1990	1789738848	1789738863	780854512	780854527	1	28	28	1
1991	2364355584	2364355599	2838432992	2838433007	1	28	28	1
1992	1559756800	1560281087	3772742592	3772742623	6	13	27	5
1993	1559756800	1560281087	3772742592	3772742623	17	13	27	6
1994	1559396352	1559404543	340074496	340076543	6	19	21	12
1995	1559396352	1559404543	340074496	340076543	17	19	21	5
1996	4045447168	4045455359	3772739584	3772741631	6	19	21	2
1997	2191135744	2191135871	3310636006	3310636007	1	25	31	1
1998	3680559232	3680559359	3310636006	3310636007	1	25	31	1
1999	4244765824	4244765951	3772742648	3772742649	1	25	31	1
2000	2542829568	2542862335	340076544	340077055	17	17	23	4
2001	2542829568	2542862335	340076544	340077055	6	17	23	2
2002	2913959936	2913992703	3772741632	3772742143	6	17	23	8
2003	2913959936	2913992703	3772741632	3772742143	17	17	23	2
2004	3329196032	3329228799	340076544	340077055	6	17	23	1
2005	2542824624	2542824631	3310635968	3310635999	1	29	27	1
2006	3116148224	3116148735	340099072	340131839	6	23	17	1
2007	3116148224	3116148735	340099072	340131839	17	23	17	1
2008	4045443584	4045444095	3310649344	3310682111	17	23	17	1
2009	4045443584	4045444095	3310649344	3310682111	6	23	17	2
2010	4045443584	4045444095	3772743680	3772776447	17	23	17	2
2011	4045443584	4045444095	2284290048	2284322815	6	23	17	2
2012	4045443584	4045444095	2284290048	2284322815	17	23	17	1
2013	2913958428	2913958428	369098752	402653183	6	32	7	1
2014	3616316252	3616316252	369098752	402653183	6	32	7	1
2015	3329192354	3329192354	402653184	536870911	17	32	5	1
2016	3616342016	3616407551	2838433024	2838433279	17	16	24	14
2017	3616342016	3616407551	2838433024	2838433279	6	16	24	19
2018	3977726720	3977726975	3310636005	3310636005	0	24	32	1
2019	4045455360	4045471743	3772742656	3772743679	17	18	22	1
2020	4045455360	4045471743	3772742656	3772743679	6	18	22	2
2021	4045443328	4045443583	3772743680	3772776447	17	24	17	1
2022	4045443328	4045443583	3772645376	3772710911	6	24	16	1
2023	4045443328	4045443583	2284290048	2284322815	6	24	17	1
2024	48234496	50331647	340077056	340077071	17	11	28	5
2025	1786773504	1788870655	780854512	780854527	17	11	28	18
2026	1786773504	1788870655	780854512	780854527	6	11	28	24
2027	2191523840	2193620991	3310636016	3310636031	6	11	28	24
2028	2191523840	2193620991	3310636016	3310636031	17	11	28	10
2029	48034816	48035327	340077074	340077074	1	23	32	1
2030	3616315392	3616315903	3310636004	3310636004	1	23	32	1
2031	158905344	158906367	1177679604	1177679604	47	22	32	1
2032	1178431488	1178432511	1177679604	1177679604	1	22	32	1
2033	3015529472	3015530495	3310636005	3310636005	1	22	32	1
2034	158904576	158904831	780854498	780854499	1	24	31	1
2035	409518592	409518847	1177679606	1177679607	1	24	31	1
2036	409518592	409518847	1177679606	1177679607	89	24	31	1
2037	374473792	374473855	340077080	340077087	1	26	29	1
2038	608278464	608278527	1177679608	1177679615	1	26	29	1
2039	1341008384	1341008447	1177679608	1177679615	1	26	29	1
2040	3015529216	3015529279	3310636008	3310636015	1	26	29	1
2041	3116147968	3116148031	3772742640	3772742647	1	26	29	1
2042	3616316160	3616316223	2838433016	2838433023	1	26	29	1
2043	608278272	608278399	1177679600	1177679603	1	25	30	1
2044	608278272	608278399	1177679600	1177679603	4	25	30	1
2045	1050023168	1050023295	780854500	780854503	1	25	30	1
2046	1920268416	1920268543	1177679600	1177679603	1	25	30	1
2047	1920268416	1920268543	1177679600	1177679603	47	25	30	1
2048	1920268416	1920268543	1177679600	1177679603	4	25	30	1
2049	1700738688	1700738815	780854500	780854503	1	25	30	1
2050	3015529344	3015529471	3310636000	3310636003	1	25	30	1
2051	2913958528	2913958655	3772742652	3772742655	1	25	30	1
2052	715128832	716177407	1702521152	1702521183	6	12	27	24
2053	715128832	716177407	1702521152	1702521183	17	12	27	10
2054	1698693120	1699741695	780854464	780854495	6	12	27	29
2055	1698693120	1699741695	780854464	780854495	17	12	27	14
2056	2541748224	2542796799	3310635968	3310635999	6	12	27	22
2057	2541748224	2542796799	3310635968	3310635999	17	12	27	14
2058	3329228800	3330277375	3772742592	3772742623	6	12	27	3
2059	716741216	716741247	1702521184	1702521199	1	27	28	1
2060	716741216	716741247	1702521184	1702521199	4	27	28	1
2061	3116148064	3116148095	2284271600	2284271615	1	27	28	1
2062	3462313952	3462313983	2838432992	2838433007	1	27	28	1
2063	3462313952	3462313983	2838432992	2838433007	89	27	28	1
2064	3616316256	3616316287	2838432992	2838433007	1	27	28	1
2065	716741196	716741199	1182793728	1191182335	17	30	9	1
2066	716734464	716738559	780845056	780853247	17	20	19	2
2067	3462307840	3462311935	2838437888	2838446079	17	20	19	1
2068	3462307840	3462311935	2838437888	2838446079	6	20	19	5
2069	896036912	896036919	1698693120	1700790271	17	29	11	1
2070	896037120	896037375	780664832	780795903	17	24	15	1
2071	1789738496	1789738751	780664832	780795903	6	24	15	1
2072	2913958656	2913958911	340131840	340262911	6	24	15	1
2073	3680559360	3680559615	2838233088	2838364159	6	24	15	2
2074	4045443328	4045443583	3772514304	3772645375	6	24	15	2
2075	1050023410	1050023410	0	268435455	6	32	4	2
2076	1050023936	1050025983	780845056	780853247	17	21	19	1
2077	1050023936	1050025983	780828672	780845055	17	21	18	1
2078	4045445120	4045447167	3310616576	3310632959	6	21	18	3
2079	4045445120	4045447167	2284273664	2284290047	17	21	18	1
2080	4045445120	4045447167	2284273664	2284290047	6	21	18	2
2081	4045445120	4045447167	3772710912	3772727295	6	21	18	3
2082	2107399990	2107399991	788529152	805306367	6	31	8	4
2083	2107398144	2107399167	780795904	780828671	6	22	17	1
2084	2107398144	2107399167	780795904	780828671	17	22	17	3
2085	2107398144	2107399167	1177616384	1177649151	17	22	17	1
2086	3977726976	3977727999	2838462464	2838495231	6	22	17	4
2087	3977726976	3977727999	2838462464	2838495231	17	22	17	2
2088	4045444096	4045445119	3310649344	3310682111	6	22	17	1
2089	4045444096	4045445119	2284290048	2284322815	17	22	17	1
2090	4045444096	4045445119	2284290048	2284322815	6	22	17	2
2091	4045444096	4045445119	3772743680	3772776447	17	22	17	1
2092	1341008460	1341008463	780854272	780854399	1	30	25	1
2093	1417674752	1421869055	3772742640	3772742647	17	10	29	2
2094	1417674752	1421869055	3772742640	3772742647	6	10	29	9
2095	4248829952	4253024255	2284271584	2284271591	6	10	29	15
2096	4248829952	4253024255	2284271584	2284271591	17	10	29	7
2097	2191135904	2191135907	3310636005	3310636005	0	30	32	1
2098	3015529312	3015529327	2838432960	2838432991	1	28	27	1
2099	2760439888	2760439903	3772742592	3772742623	1	28	27	1
2100	3115843584	3116105727	3772742400	3772742527	6	14	25	25
2101	3115843584	3116105727	3772742400	3772742527	17	14	25	16
2102	3462313950	3462313951	2838433024	2838433279	47	31	24	1
2103	3616316240	3616316247	335544320	339738623	6	29	10	1
2104	3977732096	3977740287	3310637056	3310641151	6	19	20	2
2105	4244750336	4244758527	3772735488	3772739583	6	19	20	2
2106	4244750336	4244758527	3772735488	3772739583	17	19	20	1
2107	4045447168	4045455359	2284265472	2284269567	17	19	20	1
2108	4045447168	4045455359	2284265472	2284269567	6	19	20	7
2109	4045447168	4045455359	3772735488	3772739583	17	19	20	1
2110	4045447168	4045455359	3772735488	3772739583	6	19	20	2
2111	4045443584	4045444095	3310682112	3310747647	6	23	16	1
2112	4045443584	4045444095	3772645376	3772710911	6	23	16	2
2113	4045443584	4045444095	3772645376	3772710911	17	23	16	1
2114	48035328	48035583	1177679600	1177679603	4	24	30	1
2115	48035328	48035583	1177679600	1177679603	1	24	30	1
2116	1700738816	1700739071	780854500	780854503	1	24	30	1
2117	2364355840	2364356095	2838433008	2838433011	1	24	30	1
2118	2542824704	2542824959	3310636000	3310636003	1	24	30	1
2119	2913958656	2913958911	3772742652	3772742655	1	24	30	1
2120	3462313472	3462313727	3310636000	3310636003	1	24	30	1
2121	48035606	48035607	1177679606	1177679607	0	31	31	1
2122	3616316254	3616316255	3310636006	3310636007	0	31	31	1
2123	158908416	158924799	1177673728	1177677823	6	18	20	6
2124	158908416	158924799	1177673728	1177677823	17	18	20	1
2125	4244733952	4244750335	3772735488	3772739583	6	18	20	2
2126	4244733952	4244750335	3772735488	3772739583	17	18	20	1
2127	4045455360	4045471743	2284265472	2284269567	6	18	20	2
2128	4045455360	4045471743	2284265472	2284269567	17	18	20	2
2129	158904532	158904532	340077076	340077079	0	32	30	1
2130	2191135908	2191135908	3310636000	3310636003	0	32	30	1
2131	409993216	411041791	780854400	780854463	17	12	26	6
2132	409993216	411041791	780854400	780854463	6	12	26	21
2133	409520128	409522175	780854497	780854497	1	21	32	1
2134	716734464	716738559	1177649152	1177665535	6	20	18	1
2135	716734464	716738559	780828672	780845055	6	20	18	2
2136	889192448	893386751	1702521184	1702521199	6	10	28	15
2137	889192448	893386751	1702521184	1702521199	17	10	28	6
2138	3456106496	3460300799	2838432992	2838433007	6	10	28	19
2139	3456106496	3460300799	2838432992	2838433007	17	10	28	13
2140	1050023416	1050023423	1702521216	1702521343	1	29	25	1
2141	1050025984	1050034175	780845056	780853247	6	19	19	1
2142	1050025984	1050034175	780845056	780853247	17	19	19	2
2143	4045447168	4045455359	3310641152	3310649343	17	19	19	1
2144	4045447168	4045455359	3310641152	3310649343	6	19	19	4
2145	1050023936	1050025983	340099072	340131839	6	21	17	4
2146	1050023936	1050025983	340099072	340131839	17	21	17	1
2147	2660290560	2660292607	340099072	340131839	17	21	17	1
2148	2660290560	2660292607	340099072	340131839	6	21	17	1
2149	2913955840	2913957887	340099072	340131839	6	21	17	2
2150	4045445120	4045447167	3310649344	3310682111	6	21	17	2
2151	4045445120	4045447167	3772743680	3772776447	6	21	17	1
2152	4045445120	4045447167	2284290048	2284322815	17	21	17	2
2153	4045445120	4045447167	2284290048	2284322815	6	21	17	5
2154	1929379840	1946157055	1177679600	1177679603	17	8	30	1
2155	1929379840	1946157055	1177679600	1177679603	6	8	30	1
2156	1308622848	1325400063	780854500	780854503	6	8	30	14
2157	1308622848	1325400063	780854500	780854503	17	8	30	3
2158	1920268320	1920268351	2284271552	2284271583	1	27	27	1
2159	1920268352	1920268415	2284271600	2284271615	1	26	28	1
2160	1423337344	1423337407	1702521184	1702521199	1	26	28	1
2161	2191135936	2191135999	3310636016	3310636031	1	26	28	1
2162	2107398144	2107399167	1177550848	1177616383	17	22	16	1
2163	2107398144	2107399167	1177550848	1177616383	6	22	16	2
2164	3977726976	3977727999	2838364160	2838429695	6	22	16	2
2165	3977726976	3977727999	2838364160	2838429695	17	22	16	1
2166	4045444096	4045445119	3310682112	3310747647	6	22	16	1
2167	4045444096	4045445119	3310682112	3310747647	17	22	16	1
2168	1700738624	1700738639	3772742528	3772742591	1	28	26	1
2169	1423337424	1423337439	340077120	340077183	1	28	26	1
2170	1559406960	1559406975	1177679488	1177679551	1	28	26	1
2171	2191135920	2191135935	3310635904	3310635967	1	28	26	1
2172	3616316224	3616316239	2838432896	2838432959	1	28	26	1
2173	1700265984	1700528127	780854528	780854783	17	14	24	7
2174	1700265984	1700528127	780854528	780854783	6	14	24	16
2175	1178433239	1178433239	1177679608	1177679615	0	32	29	1
2176	2542824639	2542824639	2284271584	2284271591	0	32	29	1
2177	1789738880	1789739007	780854504	780854511	1	25	29	1
2178	2760439936	2760440063	2284271584	2284271591	1	25	29	1
2179	3462313728	3462313855	3772742640	3772742647	1	25	29	1
2180	1789736960	1789737983	1702521215	1702521215	0	22	32	1
2181	3977726976	3977727999	3772742651	3772742651	0	22	32	1
2182	1789737984	1789738495	1177679606	1177679607	47	23	31	1
2183	1423336448	1423336959	1177679606	1177679607	1	23	31	1
2184	2660292608	2660293119	3310636006	3310636007	1	23	31	1
2185	1559406959	1559406959	0	536870911	6	32	3	2
2186	1559406952	1559406955	340077312	340077567	1	30	24	1
2187	2181038080	2189426687	3310636008	3310636015	6	9	29	16
2188	2181038080	2189426687	3310636008	3310636015	17	9	29	5
2189	2660761600	2661285887	2838432768	2838432895	6	13	25	16
2190	2660761600	2661285887	2838432768	2838432895	17	13	25	9
2191	2660293612	2660293615	3310636004	3310636004	0	30	32	1
2192	3329192352	3329192353	3772741632	3772742143	1	31	23	1
2193	3616316252	3616316252	340078592	340082687	17	32	20	1
2194	3616316254	3616316255	369098752	402653183	6	31	7	1
2195	3977732096	3977740287	3310637056	3310641151	17	19	20	1
2196	4045447168	4045455359	3310637056	3310641151	6	19	20	1
2197	3977726720	3977726975	2837970944	2838233087	6	24	14	1
2198	3977641984	3977707519	2838431744	2838432767	6	16	22	11
2199	3977641984	3977707519	2838431744	2838432767	17	16	22	4
2200	4045443584	4045444095	2284060672	2284191743	6	23	15	2
2201	4045443584	4045444095	3772743680	3772776447	6	23	17	1
2202	48035608	48035615	1177679605	1177679605	0	29	32	1
2203	158904536	158904543	1177679605	1177679605	0	29	32	1
2204	1789738872	1789738879	3772742650	3772742650	0	29	32	1
2205	3680559152	3680559159	3310636004	3310636004	0	29	32	1
2206	48033792	48034815	1177679606	1177679607	1	22	31	1
2207	1050021888	1050022911	780854498	780854499	1	22	31	1
2208	1700737024	1700738047	1177679606	1177679607	1	22	31	1
2209	1700737024	1700738047	1177679606	1177679607	47	22	31	1
2210	4045444096	4045445119	3310636006	3310636007	1	22	31	1
2211	158904534	158904535	1177679600	1177679603	0	31	30	1
2212	716741194	716741195	780854500	780854503	0	31	30	1
2213	3015529340	3015529341	3310636000	3310636003	0	31	30	1
2214	4045455360	4045471743	3310637056	3310641151	17	18	20	1
2215	409501696	409518079	780845056	780853247	6	18	19	8
2216	409501696	409518079	780845056	780853247	17	18	19	2
2217	1178402816	1178419199	1177665536	1177673727	6	18	19	8
2218	4244733952	4244750335	3772727296	3772735487	6	18	19	1
2219	4045455360	4045471743	3310641152	3310649343	6	18	19	5
2220	4045455360	4045471743	3310641152	3310649343	17	18	19	3
2221	409519097	409519097	1177679608	1177679615	0	32	29	1
2222	409519088	409519095	1177679616	1177679871	1	29	24	1
2223	385875968	402653183	780854504	780854511	6	8	29	5
2224	385875968	402653183	780854504	780854511	17	8	29	3
2225	603979776	608174079	1177679552	1177679583	6	10	27	2
2226	716701696	716734463	340078592	340082687	17	17	20	3
2227	716701696	716734463	340078592	340082687	6	17	20	5
2228	2107408384	2107441151	1177673728	1177677823	6	17	20	1
2229	2542829568	2542862335	340078592	340082687	6	17	20	3
2230	3329196032	3329228799	340078592	340082687	17	17	20	1
2231	3329196032	3329228799	340078592	340082687	6	17	20	1
2232	4244701184	4244733951	3772735488	3772739583	6	17	20	5
2233	704643072	713031679	1702521184	1702521199	17	9	28	6
2234	704643072	713031679	1702521184	1702521199	6	9	28	14
2235	716734464	716738559	1702521215	1702521215	1	20	32	1
2236	716734464	716738559	1702521215	1702521215	47	20	32	1
2237	1423339520	1423343615	3772742651	3772742651	1	20	32	1
2238	896024576	896032767	780828672	780845055	6	19	18	3
2239	2107400192	2107408383	780828672	780845055	6	19	18	4
2240	2107400192	2107408383	1702494208	1702510591	6	19	18	6
2241	2107400192	2107408383	1702494208	1702510591	17	19	18	4
2242	1559396352	1559404543	340082688	340099071	6	19	18	11
2243	1559396352	1559404543	340082688	340099071	17	19	18	4
2244	2660294656	2660302847	2838446080	2838462463	17	19	18	1
2245	2660294656	2660302847	2838446080	2838462463	6	19	18	2
2246	3977732096	3977740287	2838446080	2838462463	6	19	18	7
2247	3977732096	3977740287	2838446080	2838462463	17	19	18	4
2248	3849797632	3849805823	2838446080	2838462463	6	19	18	4
2249	3849797632	3849805823	2838446080	2838462463	17	19	18	1
2250	4045447168	4045455359	3772710912	3772727295	17	19	18	2
2251	4045447168	4045455359	3772710912	3772727295	6	19	18	3
2252	4045447168	4045455359	2284273664	2284290047	6	19	18	6
2253	4045447168	4045455359	3310616576	3310632959	17	19	18	3
2254	4045447168	4045455359	3310616576	3310632959	6	19	18	4
2255	896036992	896037119	1702521184	1702521199	1	25	28	1
2256	896036992	896037119	1702521184	1702521199	47	25	28	1
2257	3849810304	3849810431	3310636016	3310636031	1	25	28	1
2258	1050023392	1050023407	340077184	340077311	1	28	25	1
2259	1178433216	1178433231	1702521216	1702521343	1	28	25	1
2260	2913958400	2913958415	3772742400	3772742527	1	28	25	1
2261	3462313920	3462313935	2838432768	2838432895	1	28	25	1
2262	3849810192	3849810207	3310635776	3310635903	1	28	25	1
2263	1050023296	1050023359	340077088	340077119	47	26	27	1
2264	1050023296	1050023359	340077088	340077119	1	26	27	1
2265	2107400000	2107400063	2284271552	2284271583	1	26	27	1
2266	1700738560	1700738623	780854464	780854495	1	26	27	1
2267	2660293504	2660293567	3310635968	3310635999	1	26	27	1
2268	2542824640	2542824703	2838432960	2838432991	1	26	27	1
2269	2913958464	2913958527	2838432960	2838432991	1	26	27	1
2270	1920268544	1920268799	1177679608	1177679615	1	24	29	1
2271	2760440064	2760440319	3772742640	3772742647	1	24	29	1
2272	2107398144	2107399167	1177681920	1177812991	17	22	15	1
2273	2107398144	2107399167	1177681920	1177812991	6	22	15	4
2274	1559407616	1559408639	1177681920	1177812991	6	22	15	2
2275	3977726976	3977727999	3772514304	3772645375	6	22	15	3
2276	4045444096	4045445119	3772514304	3772645375	6	22	15	2
2277	4045444096	4045445119	2284060672	2284191743	17	22	15	1
2278	4045444096	4045445119	2284060672	2284191743	6	22	15	5
2279	4045443148	4045443151	3772742656	3772743679	6	30	22	1
2280	2107399936	2107399967	780854400	780854463	1	27	26	1
2281	1700738656	1700738687	780854400	780854463	1	27	26	1
2282	1559406912	1559406943	340077120	340077183	1	27	26	1
2283	2913958432	2913958463	3772742528	3772742591	1	27	26	1
2284	3680559104	3680559135	2838432896	2838432959	1	27	26	1
2285	1207959552	1275068415	780854498	780854499	17	6	31	3
2286	1207959552	1275068415	780854498	780854499	6	6	31	6
2287	1559404544	1559406591	1177550848	1177616383	6	21	16	1
2288	1559404544	1559406591	1177550848	1177616383	17	21	16	2
2289	4045445120	4045447167	3310682112	3310747647	6	21	16	3
2290	4045445120	4045447167	3772645376	3772710911	17	21	16	2
2291	4045445120	4045447167	3772645376	3772710911	6	21	16	1
2292	2364014592	2364276735	3310635008	3310635519	6	14	23	12
2293	2364014592	2364276735	3310635008	3310635519	17	14	23	5
2294	2760638464	2760900607	3772741632	3772742143	6	14	23	14
2295	2760638464	2760900607	3772741632	3772742143	17	14	23	9
2296	2660293616	2660293631	3310636005	3310636005	0	28	32	1
2297	3329192368	3329192383	3310636005	3310636005	0	28	32	1
2298	3112173568	3114270719	2284271488	2284271551	6	11	26	10
2299	3112173568	3114270719	2284271488	2284271551	17	11	26	5
2300	2760439879	2760439879	2838432992	2838433007	0	32	28	1
2301	3329192360	3329192367	352321536	369098751	6	29	8	2
2302	3616407552	3616538623	3772742656	3772743679	6	15	22	10
2303	3616407552	3616538623	3772742656	3772743679	17	15	22	1
2304	3977728000	3977732095	2838462464	2838495231	6	20	17	10
2305	3977728000	3977732095	2838462464	2838495231	17	20	17	3
2306	4244758528	4244762623	3772743680	3772776447	6	20	17	3
2307	3977726720	3977726975	1701838848	1702363135	6	24	13	1
2308	3977726720	3977726975	1701838848	1702363135	17	24	13	1
2309	4045443328	4045443583	3310878720	3311403007	6	24	13	1
2310	3849810432	3849810943	2837970944	2838233087	17	23	14	1
2311	4045443584	4045444095	3310354432	3310616575	6	23	14	2
2312	4045443584	4045444095	1702625280	1702887423	6	23	14	1
2313	4045443584	4045444095	2284060672	2284191743	17	23	15	1
2314	4045443328	4045443583	3310354432	3310616575	6	24	14	1
2315	48021504	48029695	1177679604	1177679604	1	19	32	1
2316	158892032	158900223	1177679604	1177679604	1	19	32	1
2317	608280576	608288767	1177679604	1177679604	1	19	32	1
2318	3329179648	3329187839	3310636005	3310636005	1	19	32	1
2319	48034816	48035327	340077080	340077087	1	23	29	1
2320	716740608	716741119	780854504	780854511	1	23	29	1
2321	3116148224	3116148735	3772742640	3772742647	1	23	29	1
2322	2913957888	2913958399	3772742640	3772742647	1	23	29	1
2323	3462312960	3462313471	3310636008	3310636015	1	23	29	1
2324	3329192448	3329192959	3310636008	3310636015	1	23	29	1
2325	409519072	409519087	780854496	780854496	0	28	32	1
2326	716741200	716741215	1702521214	1702521214	0	28	32	1
2327	3015529312	3015529327	3310636004	3310636004	0	28	32	1
2328	409519104	409520127	2284271592	2284271595	1	22	30	1
2329	2660293632	2660294655	3310636000	3310636003	1	22	30	1
2330	2660293632	2660294655	3310636000	3310636003	47	22	30	1
2331	374473760	374473763	1177679600	1177679603	0	30	30	1
2332	608278016	608278271	340077056	340077071	1	24	28	1
2333	1178433280	1178433535	1177679584	1177679599	1	24	28	1
2334	2191136000	2191136255	2838432992	2838433007	1	24	28	1
2335	3616315904	3616316159	2838432992	2838433007	1	24	28	1
2336	3616315904	3616316159	2838432992	2838433007	89	24	28	1
2337	608278432	608278463	1177679360	1177679487	1	27	25	1
2338	716741184	716741191	1702521212	1702521213	0	29	31	1
2339	1700738640	1700738647	1177679606	1177679607	0	29	31	1
2340	716734464	716738559	1177550848	1177616383	6	20	16	3
2341	4045438976	4045443071	3310682112	3310747647	6	20	16	4
2342	4045438976	4045443071	3310682112	3310747647	17	20	16	1
2343	716734464	716738559	780845056	780853247	6	20	19	1
2344	896036928	896036991	340077120	340077183	47	26	26	1
2345	896036928	896036991	340077120	340077183	1	26	26	1
2346	896036920	896036921	1744830464	1879048191	6	31	5	18
2347	896036920	896036921	1744830464	1879048191	17	31	5	3
2348	3616316254	3616316255	402653184	536870911	17	31	5	1
2349	896038912	896040959	1702363136	1702494207	6	21	15	13
2350	896038912	896040959	1702363136	1702494207	17	21	15	2
2351	2913955840	2913957887	340131840	340262911	6	21	15	2
2352	3329193984	3329196031	340131840	340262911	6	21	15	1
2353	3329193984	3329196031	340131840	340262911	17	21	15	1
2354	3616313344	3616315391	2838233088	2838364159	6	21	15	1
2355	3680561152	3680563199	2838233088	2838364159	6	21	15	2
2356	4045445120	4045447167	3772514304	3772645375	6	21	15	2
2357	4045445120	4045447167	2284060672	2284191743	17	21	15	2
2358	4045445120	4045447167	2284060672	2284191743	6	21	15	6
2359	805306368	1073741823	1702521214	1702521214	17	4	32	3
2360	805306368	1073741823	1702521214	1702521214	6	4	32	2
2361	1040187392	1048575999	340077088	340077119	6	9	27	3
2362	1040187392	1048575999	340077088	340077119	17	9	27	2
2363	4253024256	4261412863	3772742592	3772742623	6	9	27	4
2364	4253024256	4261412863	3772742592	3772742623	17	9	27	3
2365	1050025984	1050034175	780795904	780828671	6	19	17	4
2366	1050025984	1050034175	780795904	780828671	17	19	17	2
2367	2760425472	2760433663	340099072	340131839	17	19	17	1
2368	2760425472	2760433663	340099072	340131839	6	19	17	2
2369	3680550912	3680559103	2838462464	2838495231	17	19	17	2
2370	3680550912	3680559103	2838462464	2838495231	6	19	17	5
2371	3849797632	3849805823	2838462464	2838495231	6	19	17	3
2372	3849797632	3849805823	2838462464	2838495231	17	19	17	1
2373	4244750336	4244758527	3772743680	3772776447	6	19	17	3
2374	4244750336	4244758527	3772743680	3772776447	17	19	17	1
2375	4045447168	4045455359	2284290048	2284322815	6	19	17	2
2376	4045447168	4045455359	2284290048	2284322815	17	19	17	2
2377	4045447168	4045455359	3310649344	3310682111	6	19	17	4
2378	4045447168	4045455359	3310649344	3310682111	17	19	17	1
2379	4045447168	4045455359	3772743680	3772776447	17	19	17	2
2380	2107400064	2107400191	782237696	784334847	6	25	11	3
2381	2107400064	2107400191	782237696	784334847	17	25	11	1
2382	2542824448	2542824575	341835776	343932927	17	25	11	1
2383	3616316240	3616316247	340077568	340078591	17	29	22	1
2384	2107398144	2107399167	1177812992	1178075135	6	22	14	4
2385	1559407616	1559408639	1177812992	1178075135	6	22	14	5
2386	4244764672	4244765695	1702625280	1702887423	6	22	14	1
2387	4045444096	4045445119	3310354432	3310616575	6	22	14	2
2388	4045444096	4045445119	3310354432	3310616575	17	22	14	1
2389	4045444096	4045445119	1702625280	1702887423	6	22	14	1
2390	2107399936	2107399967	1182793728	1191182335	17	27	9	2
2391	2107399936	2107399967	1182793728	1191182335	6	27	9	4
2392	1700790272	1702887423	1702521216	1702521343	6	11	25	7
2393	1700790272	1702887423	1702521216	1702521343	17	11	25	2
2394	2661285888	2663383039	2838432768	2838432895	6	11	25	12
2395	2661285888	2663383039	2838432768	2838432895	17	11	25	6
2396	3011510272	3013607423	2284271360	2284271487	6	11	25	6
2397	3112173568	3114270719	2284271360	2284271487	17	11	25	5
2398	3112173568	3114270719	2284271360	2284271487	6	11	25	13
2399	2910846976	2912944127	2838432768	2838432895	6	11	25	8
2400	2910846976	2912944127	2838432768	2838432895	17	11	25	4
2401	1694498816	1698693119	780854400	780854463	6	10	26	16
2402	1694498816	1698693119	780854400	780854463	17	10	26	9
2403	3619684352	3623878655	2838432896	2838432959	6	10	26	19
2404	3619684352	3623878655	2838432896	2838432959	17	10	26	6
2405	1789738864	1789738864	780854512	780854527	0	32	28	1
2406	3616316253	3616316253	3310636016	3310636031	0	32	28	1
2407	1341014016	1341030399	1702494208	1702510591	6	18	18	7
2408	1341014016	1341030399	1702494208	1702510591	17	18	18	2
2409	4045455360	4045471743	2284273664	2284290047	6	18	18	1
2410	4045455360	4045471743	3310616576	3310632959	6	18	18	5
2411	4045455360	4045471743	3310616576	3310632959	17	18	18	3
2412	1341008458	1341008459	780854504	780854511	0	31	29	1
2413	4244765782	4244765783	2284271584	2284271591	0	31	29	1
2414	1178433024	1178433151	340077088	340077119	47	25	27	1
2415	2542824448	2542824575	2284271552	2284271583	1	25	27	1
2416	3329192192	3329192319	2838432960	2838432991	1	25	27	1
2417	3616316288	3616316415	3772742592	3772742623	1	25	27	1
2418	1559406958	1559406958	1879048192	2147483647	6	32	4	1
2419	2483027968	2516582399	3310636008	3310636015	17	7	29	1
2420	3015530496	3015532543	3310636006	3310636007	1	21	31	1
2421	3329193984	3329196031	3310636006	3310636007	1	21	31	1
2422	3680561152	3680563199	3310636006	3310636007	1	21	31	1
2423	2760439888	2760439903	352321536	369098751	6	28	8	2
2424	2760439888	2760439903	352321536	369098751	17	28	8	1
2425	4045443152	4045443167	3288334336	3305111551	17	28	8	3
2426	4045443152	4045443167	3288334336	3305111551	6	28	8	8
2427	3462313856	3462313919	335544320	339738623	6	26	10	1
2428	3329192360	3329192367	369098752	402653183	6	29	7	3
2429	3329192360	3329192367	369098752	402653183	17	29	7	1
2430	3328180224	3328704511	340076544	340077055	17	13	23	1
2431	3328180224	3328704511	340076544	340077055	6	13	23	6
2432	3977728000	3977732095	3772742651	3772742651	0	20	32	1
2433	3977726576	3977726583	3310635008	3310635519	1	29	23	1
2434	3849810432	3849810943	2837970944	2838233087	6	23	14	2
2435	4244635648	4244701183	3772735488	3772739583	6	16	20	3
2436	4244635648	4244701183	3772735488	3772739583	17	16	20	3
2437	4045471744	4045537279	2284265472	2284269567	17	16	20	4
2438	4045471744	4045537279	2284265472	2284269567	6	16	20	9
2439	4045471744	4045537279	3310637056	3310641151	17	16	20	2
2440	4045471744	4045537279	3310637056	3310641151	6	16	20	5
2441	4045668352	4045930495	3772742656	3772743679	17	14	22	2
2442	4045668352	4045930495	3772742656	3772743679	6	14	22	2
2443	4045443584	4045444095	3310878720	3311403007	17	23	13	1
2444	4045443584	4045444095	3771727872	3772252159	6	23	13	2
2445	4045443584	4045444095	3771727872	3772252159	17	23	13	1
2446	4045444096	4045445119	3772645376	3772710911	6	22	16	1
2447	4045455360	4045471743	2284290048	2284322815	6	18	17	9
2448	4045443328	4045443583	3770679296	3771727871	17	24	12	1
2449	4045443328	4045443583	2284847104	2285895679	6	24	12	4
2450	2760439888	2760439903	340076544	340077055	1	28	23	1
2451	3977726560	3977726575	2838433280	2838433791	1	28	23	1
2452	158906368	158908415	1177679600	1177679603	1	21	30	1
2453	716738560	716740607	1702521208	1702521211	1	21	30	1
2454	716738560	716740607	1702521208	1702521211	47	21	30	1
2455	1050023936	1050025983	780854500	780854503	1	21	30	1
2456	2364356608	2364358655	3310636000	3310636003	1	21	30	1
2457	2364356608	2364358655	3310636000	3310636003	4	21	30	1
2458	2364356608	2364358655	3310636000	3310636003	47	21	30	1
2459	158904512	158904527	780854498	780854499	0	28	31	1
2460	374473776	374473791	780854498	780854499	0	28	31	1
2461	1920268288	1920268303	1177679606	1177679607	0	28	31	1
2462	409519040	409519071	780854496	780854496	0	27	32	1
2463	374473728	374473759	1177679605	1177679605	0	27	32	1
2464	3616316256	3616316287	3310636004	3310636004	0	27	32	1
2465	374603776	374865919	780855296	780857343	6	14	21	9
2466	374603776	374865919	780855296	780857343	17	14	21	7
2467	1340604416	1340866559	1177679872	1177681919	17	14	21	2
2468	1340604416	1340866559	1177679872	1177681919	6	14	21	4
2469	4045668352	4045930495	3772739584	3772741631	17	14	21	1
2470	4045668352	4045930495	3772739584	3772741631	6	14	21	3
2471	374473984	374474239	1177679552	1177679583	1	24	27	1
2472	1050022912	1050023167	340077088	340077119	1	24	27	1
2473	2107399680	2107399935	780854464	780854495	1	24	27	1
2474	2660293120	2660293375	3310635968	3310635999	1	24	27	1
2475	3116147712	3116147967	3772742592	3772742623	1	24	27	1
2476	3849809920	3849810175	2284271552	2284271583	1	24	27	1
2477	374489088	374505471	1177679604	1177679604	1	18	32	1
2478	2364358656	2364375039	3310636005	3310636005	1	18	32	1
2479	374472704	374473727	780854504	780854511	1	22	29	1
2480	3462311936	3462312959	2838433016	2838433023	1	22	29	1
2481	536870912	603979775	1177679608	1177679615	6	6	29	4
2482	1610612736	1677721599	780854504	780854511	6	6	29	4
2483	1610612736	1677721599	780854504	780854511	17	6	29	3
2484	2415919104	2483027967	3310636008	3310636015	6	6	29	5
2485	2415919104	2483027967	3310636008	3310636015	17	6	29	3
2486	2684354560	2751463423	3772742640	3772742647	6	6	29	7
2487	2684354560	2751463423	3772742640	3772742647	17	6	29	5
2488	713031680	715128831	780854528	780854783	17	11	24	5
2489	713031680	715128831	780854528	780854783	6	11	24	10
2490	2361393152	2363490303	3310635520	3310635775	17	11	24	9
2491	2361393152	2363490303	3310635520	3310635775	6	11	24	18
2492	2761949184	2764046335	340077312	340077567	6	11	24	8
2493	716734464	716738559	780664832	780795903	6	20	15	1
2494	1700732928	1700737023	1177681920	1177812991	6	20	15	4
2495	1700732928	1700737023	1177681920	1177812991	17	20	15	1
2496	2913951744	2913955839	340131840	340262911	6	20	15	2
2497	3977728000	3977732095	2838233088	2838364159	6	20	15	3
2498	3977728000	3977732095	2838233088	2838364159	17	20	15	3
2499	872415232	889192447	1702521152	1702521183	6	8	27	9
2500	872415232	889192447	1702521152	1702521183	17	8	27	8
2501	896036864	896036895	1702520832	1702521087	1	27	24	1
2502	1920268320	1920268351	1177679616	1177679871	1	27	24	1
2503	3849810208	3849810239	2284271104	2284271359	1	27	24	1
2504	3849810208	3849810239	2284271104	2284271359	47	27	24	1
2505	896036912	896036919	780854500	780854503	0	29	30	1
2506	3116148040	3116148047	3772742652	3772742655	0	29	30	1
2507	2760439880	2760439887	3772742652	3772742655	0	29	30	1
2508	896037120	896037375	782237696	784334847	6	24	11	1
2509	3680559360	3680559615	2835349504	2837446655	17	24	11	1
2510	3680559360	3680559615	2835349504	2837446655	6	24	11	2
2511	3849809920	3849810175	2835349504	2837446655	17	24	11	1
2512	896037376	896037887	1702521184	1702521199	1	23	28	1
2513	1700738048	1700738559	1177679584	1177679599	1	23	28	1
2514	1178432512	1178433023	1702521184	1702521199	47	23	28	1
2515	1178432512	1178433023	1702521184	1702521199	1	23	28	1
2516	3015528448	3015528959	2284271600	2284271615	1	23	28	1
2517	3849810432	3849810943	3310636016	3310636031	1	23	28	1
2518	4244766208	4244766719	2284271600	2284271615	1	23	28	1
2519	1700739072	1700741119	780854504	780854511	17	21	29	1
2520	1912602624	1916796927	780854272	780854399	6	10	25	18
2521	1912602624	1916796927	780854272	780854399	17	10	25	9
2522	1178599424	1182793727	340077184	340077311	6	10	25	18
2523	1178599424	1182793727	340077184	340077311	17	10	25	7
2524	1417674752	1421869055	3772742400	3772742527	6	10	25	3
2525	1417674752	1421869055	3772742400	3772742527	17	10	25	1
2526	1920268320	1920268351	788529152	805306367	6	27	8	4
2527	4045443168	4045443199	2298478592	2315255807	6	27	8	15
2528	4045443168	4045443199	2298478592	2315255807	17	27	8	3
2529	1920268800	1920269311	781189120	782237695	6	23	12	3
2530	1920268800	1920269311	781189120	782237695	17	23	12	3
2531	4045443584	4045444095	3770679296	3771727871	6	23	12	1
2532	4045443584	4045444095	2284847104	2285895679	6	23	12	7
2533	4045443584	4045444095	2284847104	2285895679	17	23	12	1
2534	1920268308	1920268311	780854504	780854511	0	30	29	1
2535	1700738648	1700738651	780854504	780854511	0	30	29	1
2536	1789738868	1789738871	1177679608	1177679615	0	30	29	1
2537	1178433232	1178433235	1177679608	1177679615	0	30	29	1
2538	2542824632	2542824635	3310636008	3310636015	0	30	29	1
2539	3680559160	3680559163	3310636008	3310636015	0	30	29	1
2540	1920268352	1920268415	1182793728	1191182335	6	26	9	6
2541	1920268352	1920268415	1182793728	1191182335	17	26	9	1
2542	3680559232	3680559359	2835349504	2837446655	6	25	11	1
2543	2107400064	2107400191	1178599424	1182793727	6	25	10	2
2544	2107400064	2107400191	1178599424	1182793727	17	25	10	1
2545	2542824448	2542824575	335544320	339738623	17	25	10	1
2546	2542824448	2542824575	335544320	339738623	6	25	10	1
2547	4045443200	4045443327	2285895680	2290089983	17	25	10	1
2548	4045443200	4045443327	2285895680	2290089983	6	25	10	1
2549	2107399992	2107399999	1610612736	1677721599	6	29	6	7
2550	2107399992	2107399999	1610612736	1677721599	17	29	6	2
2551	1789738872	1789738879	671088640	738197503	6	29	6	17
2552	1789738872	1789738879	671088640	738197503	17	29	6	6
2553	1559406944	1559406951	1073741824	1140850687	6	29	6	6
2554	1559406944	1559406951	1073741824	1140850687	17	29	6	1
2555	3680559152	3680559159	1610612736	1677721599	17	29	6	4
2556	3680559152	3680559159	1610612736	1677721599	6	29	6	4
2557	2107398144	2107399167	1178075136	1178599423	6	22	13	4
2558	2107398144	2107399167	1178075136	1178599423	17	22	13	1
2559	1559407616	1559408639	1178075136	1178599423	6	22	13	1
2560	1559407616	1559408639	1178075136	1178599423	17	22	13	1
2561	4045444096	4045445119	3771727872	3772252159	6	22	13	2
2562	2107408384	2107441151	1177649152	1177665535	17	17	18	1
2563	2107408384	2107441151	1177649152	1177665535	6	17	18	1
2564	2107408384	2107441151	1702494208	1702510591	6	17	18	4
2565	2107408384	2107441151	1702494208	1702510591	17	17	18	1
2566	4244701184	4244733951	3772710912	3772727295	6	17	18	3
2567	4244701184	4244733951	3772710912	3772727295	17	17	18	1
2568	2107441152	2107506687	780845056	780853247	6	16	19	11
2569	2107441152	2107506687	780845056	780853247	17	16	19	1
2570	3977641984	3977707519	3772727296	3772735487	6	16	19	7
2571	3977641984	3977707519	3772727296	3772735487	17	16	19	1
2572	4244635648	4244701183	3772727296	3772735487	6	16	19	2
2573	4244635648	4244701183	3772727296	3772735487	17	16	19	1
2574	4045471744	4045537279	3310641152	3310649343	6	16	19	6
2575	4045471744	4045537279	3772727296	3772735487	6	16	19	6
2576	4045471744	4045537279	3772727296	3772735487	17	16	19	1
2577	2107375616	2107391999	1702526976	1702559743	17	18	17	2
2578	2107375616	2107391999	1702526976	1702559743	6	18	17	1
2579	4244733952	4244750335	3772743680	3772776447	6	18	17	3
2580	4244733952	4244750335	3772743680	3772776447	17	18	17	2
2581	4045455360	4045471743	2284290048	2284322815	17	18	17	1
2582	4045455360	4045471743	3310649344	3310682111	6	18	17	5
2583	1711276032	1744830463	780854512	780854527	17	7	28	2
2584	1711276032	1744830463	780854512	780854527	6	7	28	6
2585	2483027968	2516582399	2838432992	2838433007	6	7	28	9
2586	2483027968	2516582399	2838432992	2838433007	17	7	28	4
2587	4261412864	4294967295	2284271600	2284271615	6	7	28	6
2588	4261412864	4294967295	2284271600	2284271615	17	7	28	3
2589	1610612736	1744830463	1177679600	1177679603	6	5	30	7
2590	1610612736	1744830463	1177679600	1177679603	17	5	30	2
2591	1341008512	1341008639	1177679488	1177679551	1	25	26	1
2592	1178419200	1178427391	1702521215	1702521215	0	19	32	1
2593	1178433238	1178433238	340077088	340077119	0	32	27	1
2594	1423337344	1423337407	1177679360	1177679487	47	26	25	1
2595	4244765696	4244765759	3310635776	3310635903	1	26	25	1
2596	1559756800	1560281087	1702521856	1702522879	6	13	22	8
2597	1559756800	1560281087	1702521856	1702522879	17	13	22	4
2598	3977773056	3978297343	3310636032	3310637055	6	13	22	11
2599	3977773056	3978297343	3310636032	3310637055	17	13	22	5
2600	2364342272	2364350463	3310636004	3310636004	1	19	32	1
2601	2660368384	2660499455	2838433792	2838437887	6	15	20	8
2602	2660368384	2660499455	2838433792	2838437887	17	15	20	1
2603	4045537280	4045668351	2284265472	2284269567	6	15	20	6
2604	4045537280	4045668351	2284265472	2284269567	17	15	20	2
2605	2760439876	2760439877	2838432992	2838433007	0	31	28	1
2606	2760439888	2760439903	369098752	402653183	6	28	7	3
2607	3616313344	3616315391	2837970944	2838233087	6	21	14	1
2608	4045445120	4045447167	3310354432	3310616575	17	21	14	3
2609	4045445120	4045447167	3310354432	3310616575	6	21	14	5
2610	3607101440	3615490047	2838432896	2838432959	17	9	26	4
2611	3607101440	3615490047	2838432896	2838432959	6	9	26	6
2612	3680550912	3680559103	2838364160	2838429695	17	19	16	3
2613	3680550912	3680559103	2838364160	2838429695	6	19	16	6
2614	3977732096	3977740287	3310682112	3310747647	6	19	16	2
2615	4045447168	4045455359	3772645376	3772710911	6	19	16	1
2616	4045447168	4045455359	3310682112	3310747647	6	19	16	6
2617	4045447168	4045455359	3310682112	3310747647	17	19	16	2
2618	3849810176	3849810177	2415919104	2684354559	17	31	4	2
2619	3849810176	3849810177	2415919104	2684354559	6	31	4	10
2620	4244765781	4244765781	2284271488	2284271551	0	32	26	1
2621	0	33554431	780854464	780854495	6	7	27	11
2622	0	33554431	780854464	780854495	17	7	27	5
2623	1879048192	1912602623	1177679552	1177679583	17	7	27	4
2624	1879048192	1912602623	1177679552	1177679583	6	7	27	9
2625	1577058304	1610612735	3772742592	3772742623	17	7	27	5
2626	1577058304	1610612735	3772742592	3772742623	6	7	27	5
2627	2382364672	2415919103	3310635968	3310635999	6	7	27	9
2628	2382364672	2415919103	3310635968	3310635999	17	7	27	2
2629	48035600	48035603	1177679584	1177679599	0	30	28	1
2630	1050023412	1050023415	1702521184	1702521199	0	30	28	1
2631	3015529336	3015529339	2838432992	2838433007	0	30	28	1
2632	48035616	48035647	1177679606	1177679607	0	27	31	1
2633	1050023360	1050023391	780854498	780854499	0	27	31	1
2634	1341008480	1341008511	780854498	780854499	0	27	31	1
2635	2191135872	2191135903	2838433014	2838433015	0	27	31	1
2636	2660293568	2660293599	3310636006	3310636007	0	27	31	1
2637	4244765792	4244765823	2284271596	2284271597	0	27	31	1
2638	48035712	48035839	1182793728	1191182335	17	25	9	1
2639	2107400064	2107400191	1182793728	1191182335	6	25	9	2
2640	2107400064	2107400191	1182793728	1191182335	17	25	9	1
2641	4045443200	4045443327	2290089984	2298478591	17	25	9	5
2642	4045443200	4045443327	2290089984	2298478591	6	25	9	7
2643	0	268435455	1177679600	1177679603	6	4	30	16
2644	0	268435455	1177679600	1177679603	17	4	30	10
2645	159383552	167772159	780854272	780854399	17	9	25	8
2646	159383552	167772159	780854272	780854399	6	9	25	14
2647	411041792	419430399	1177679360	1177679487	6	9	25	15
2648	411041792	419430399	1177679360	1177679487	17	9	25	5
2649	1920991232	1929379839	780854272	780854399	17	9	25	6
2650	1920991232	1929379839	780854272	780854399	6	9	25	8
2651	1702887424	1711276031	1177679360	1177679487	6	9	25	12
2652	1702887424	1711276031	1177679360	1177679487	17	9	25	5
2653	2348810240	2357198847	3310635776	3310635903	6	9	25	16
2654	2348810240	2357198847	3310635776	3310635903	17	9	25	6
2655	3003121664	3011510271	2284271360	2284271487	6	9	25	15
2656	3003121664	3011510271	2284271360	2284271487	17	9	25	5
2657	2751463424	2759852031	2284271360	2284271487	6	9	25	10
2658	2751463424	2759852031	2284271360	2284271487	17	9	25	3
2659	2902458368	2910846975	2284271360	2284271487	6	9	25	2
2660	4051697664	4060086271	2284271360	2284271487	6	9	25	2
2661	158900224	158904319	1177679600	1177679603	1	20	30	1
2662	158900224	158904319	1177679600	1177679603	4	20	30	1
2663	409522176	409526271	780854500	780854503	1	20	30	1
2664	1700732928	1700737023	1177679600	1177679603	1	20	30	1
2665	1789730816	1789734911	1177679600	1177679603	1	20	30	1
2666	1341009920	1341014015	780854500	780854503	1	20	30	1
2667	469762048	536870911	340077056	340077071	6	6	28	9
2668	738197504	805306367	780854512	780854527	6	6	28	4
2669	738197504	805306367	780854512	780854527	17	6	28	3
2670	1811939328	1879048191	780854512	780854527	17	6	28	5
2671	1811939328	1879048191	780854512	780854527	6	6	28	7
2672	268435456	402653183	1177679608	1177679615	6	5	29	5
2673	268435456	402653183	1177679608	1177679615	17	5	29	3
2674	369098752	373293055	340077312	340077567	6	10	24	9
2675	369098752	373293055	340077312	340077567	17	10	24	7
2676	1333788672	1337982975	780854528	780854783	6	10	24	10
2677	1333788672	1337982975	780854528	780854783	17	10	24	8
2678	374473792	374473855	1177679605	1177679605	0	26	32	1
2679	2364355648	2364355711	3310636004	3310636004	0	26	32	1
2680	374603776	374865919	1177673728	1177677823	6	14	20	17
2681	374603776	374865919	1177673728	1177677823	17	14	20	4
2682	3849322496	3849584639	3310637056	3310641151	6	14	20	6
2683	3849322496	3849584639	3310637056	3310641151	17	14	20	2
2684	4045668352	4045930495	3310637056	3310641151	6	14	20	4
2685	4045668352	4045930495	3772735488	3772739583	17	14	20	2
2686	4045668352	4045930495	3772735488	3772739583	6	14	20	2
2687	374474240	374474751	1177679552	1177679583	1	23	27	1
2688	1920268800	1920269311	780854464	780854495	1	23	27	1
2689	2107399168	2107399679	1177679552	1177679583	1	23	27	1
2690	3329192448	3329192959	2838432960	2838432991	1	23	27	1
2691	3680559616	3680560127	3772742592	3772742623	1	23	27	1
2692	4045443584	4045444095	2284271552	2284271583	1	23	27	1
2693	2761949184	2764046335	340077312	340077567	17	11	24	1
2694	896037888	896038911	780854512	780854527	1	22	28	1
2695	1341008896	1341009919	1177679584	1177679599	1	22	28	1
2696	2760440832	2760441855	2284271600	2284271615	1	22	28	1
2697	3849810944	3849811967	3310636016	3310636031	1	22	28	1
2698	4244764672	4244765695	2284271600	2284271615	1	22	28	1
2699	896038912	896040959	2284271584	2284271591	1	21	29	1
2700	4045445120	4045447167	3772742640	3772742647	47	21	29	1
2701	4045445120	4045447167	3772742640	3772742647	1	21	29	1
2702	1050023392	1050023407	1610612736	1677721599	6	28	6	18
2703	1050023392	1050023407	1610612736	1677721599	17	28	6	8
2704	1050025984	1050034175	780664832	780795903	17	19	15	4
2705	1050025984	1050034175	780664832	780795903	6	19	15	4
2706	2760425472	2760433663	340131840	340262911	6	19	15	2
2707	2760425472	2760433663	340131840	340262911	17	19	15	2
2708	3977732096	3977740287	3772514304	3772645375	17	19	15	2
2709	3977732096	3977740287	3772514304	3772645375	6	19	15	3
2710	3849797632	3849805823	2838233088	2838364159	6	19	15	2
2711	3849797632	3849805823	2838233088	2838364159	17	19	15	1
2712	4045447168	4045455359	3772514304	3772645375	6	19	15	2
2713	4045447168	4045455359	3772514304	3772645375	17	19	15	2
2714	4045447168	4045455359	2284060672	2284191743	17	19	15	4
2715	4045447168	4045455359	2284060672	2284191743	6	19	15	9
2716	1050023936	1050025983	780140544	780664831	6	21	13	2
2717	4045445120	4045447167	3771727872	3772252159	17	21	13	1
2718	1920268320	1920268351	788529152	805306367	17	27	8	1
2719	1920268312	1920268319	780854504	780854511	0	29	29	1
2720	1341008448	1341008455	780854504	780854511	0	29	29	1
2721	2191135912	2191135919	3310636008	3310636015	0	29	29	1
2722	1920268352	1920268415	788529152	805306367	17	26	8	10
2723	1920268352	1920268415	788529152	805306367	6	26	8	17
2724	3462313856	3462313919	352321536	369098751	6	26	8	2
2725	3462313856	3462313919	352321536	369098751	17	26	8	4
2726	3329192384	3329192447	352321536	369098751	6	26	8	6
2727	2107399990	2107399991	2284271552	2284271583	0	31	27	1
2728	2107399680	2107399935	780854400	780854463	1	24	26	1
2729	2660293120	2660293375	3310635904	3310635967	1	24	26	1
2730	4244765952	4244766207	2284271488	2284271551	47	24	26	1
2731	4045444096	4045445119	1701838848	1702363135	17	22	13	1
2732	4045444096	4045445119	1701838848	1702363135	6	22	13	2
2733	2107408384	2107441151	780795904	780828671	6	17	17	7
2734	2107408384	2107441151	780795904	780828671	17	17	17	3
2735	2542829568	2542862335	340099072	340131839	6	17	17	4
2736	2542829568	2542862335	340099072	340131839	17	17	17	1
2737	4244701184	4244733951	3772743680	3772776447	6	17	17	2
2738	2107399984	2107399987	780857344	780861439	1	30	20	1
2739	2106589184	2107113471	780855296	780857343	6	13	21	1
2740	1177550848	1178075135	1702518784	1702520831	17	13	21	7
2741	1177550848	1178075135	1702518784	1702520831	6	13	21	3
2742	3615490048	3616014335	2838429696	2838431743	6	13	21	11
2743	3615490048	3616014335	2838429696	2838431743	17	13	21	5
2744	4045930496	4046454783	3772739584	3772741631	6	13	21	6
2745	1700738624	1700738639	780854500	780854503	0	28	30	1
2746	4244765760	4244765775	3310636000	3310636003	0	28	30	1
2747	1789738496	1789738751	1178599424	1182793727	6	24	10	1
2748	1789738496	1789738751	784334848	788529151	6	24	10	8
2749	3329191936	3329192191	335544320	339738623	6	24	10	1
2750	3977726720	3977726975	2839543808	2843738111	6	24	10	4
2751	3977726720	3977726975	2839543808	2843738111	17	24	10	2
2752	3977726720	3977726975	3766484992	3770679295	6	24	10	1
2753	4045443328	4045443583	2285895680	2290089983	17	24	10	2
2754	4045443328	4045443583	2285895680	2290089983	6	24	10	2
2755	4045443328	4045443583	3766484992	3770679295	17	24	10	1
2756	4045443328	4045443583	3766484992	3770679295	6	24	10	4
2757	1308622848	1325400063	780854400	780854463	6	8	26	1
2758	3087007744	3103784959	3772742528	3772742591	17	8	26	7
2759	3087007744	3103784959	3772742528	3772742591	6	8	26	9
2760	1340997632	1341005823	1177679606	1177679607	1	19	31	1
2761	1559406976	1559407103	340077184	340077311	1	25	25	1
2762	1559406976	1559407103	340077184	340077311	47	25	25	1
2763	1559406976	1559407103	340077184	340077311	4	25	25	1
2764	2542824448	2542824575	3310635776	3310635903	4	25	25	1
2765	3116148096	3116148223	3772742400	3772742527	1	25	25	1
2766	2660237312	2660270079	3310636005	3310636005	1	17	32	1
2767	2660237312	2660270079	3310636005	3310636005	47	17	32	1
2768	2760433664	2760437759	3772252160	3772514303	6	20	14	10
2769	2760433664	2760437759	3772252160	3772514303	17	20	14	3
2770	3680563200	3680567295	2837970944	2838233087	6	20	14	8
2771	3977728000	3977732095	2837970944	2838233087	6	20	14	9
2772	3977728000	3977732095	3310354432	3310616575	17	20	14	3
2773	3977728000	3977732095	3310354432	3310616575	6	20	14	6
2774	2760439936	2760440063	335544320	339738623	6	25	10	2
2775	2760439936	2760440063	335544320	339738623	17	25	10	1
2776	2760439808	2760439871	3772742144	3772742399	1	26	24	1
2777	3977726464	3977726527	3310635520	3310635775	1	26	24	1
2778	3849810240	3849810303	2284271104	2284271359	1	26	24	1
2779	4244765696	4244765759	3772742144	3772742399	1	26	24	1
2780	2913992704	2915041279	2284269568	2284270591	6	12	22	6
2781	2913992704	2915041279	2284269568	2284270591	17	12	22	7
2782	4046454784	4047503359	3772742656	3772743679	6	12	22	7
2783	3326083072	3328180223	2838433280	2838433791	6	11	23	21
2784	3326083072	3328180223	2838433280	2838433791	17	11	23	11
2785	3616316240	3616316247	352321536	369098751	6	29	8	1
2786	3616316240	3616316247	402653184	536870911	6	29	5	2
2787	3616316240	3616316247	402653184	536870911	17	29	5	2
2788	3849810184	3849810191	2147483648	2281701375	17	29	5	3
2789	3849810184	3849810191	2147483648	2281701375	6	29	5	8
2790	3616316288	3616316415	3310636005	3310636005	0	25	32	1
2791	3680559160	3680559163	2952790016	3221225471	6	30	4	18
2792	3680559160	3680559163	2952790016	3221225471	17	30	4	11
2793	3680559166	3680559167	3758096384	4294967295	6	31	3	10
2794	3680559166	3680559167	3758096384	4294967295	17	31	3	4
2795	3680534528	3680550911	3310636004	3310636004	1	18	32	1
2796	3680534528	3680550911	3310636004	3310636004	47	18	32	1
2797	3977725952	3977726463	2835349504	2837446655	6	23	11	6
2798	3977725952	3977726463	2835349504	2837446655	17	23	11	2
2799	4045443584	4045444095	3772776448	3774873599	6	23	11	1
2800	3977726528	3977726559	3310635008	3310635519	1	27	23	1
2801	4244765792	4244765823	2284270592	2284271103	1	27	23	1
2802	4244635648	4244701183	3772710912	3772727295	17	16	18	2
2803	4244635648	4244701183	3772710912	3772727295	6	16	18	6
2804	4045471744	4045537279	3772710912	3772727295	6	16	18	2
2805	4045471744	4045537279	3310616576	3310632959	6	16	18	7
2806	4045471744	4045537279	3310616576	3310632959	17	16	18	2
2807	3758096384	4294967295	3310636006	3310636007	17	3	31	19
2808	3758096384	4294967295	3310636006	3310636007	6	3	31	39
2809	4045455360	4045471743	3310682112	3310747647	6	18	16	3
2810	50331648	67108863	780854272	780854399	17	8	25	4
2811	50331648	67108863	780854272	780854399	6	8	25	12
2812	419430400	436207615	1177679360	1177679487	6	8	25	1
2813	1191182336	1207959551	3772742400	3772742527	6	8	25	6
2814	1191182336	1207959551	3772742400	3772742527	17	8	25	5
2815	1560281088	1577058303	1177679360	1177679487	6	8	25	11
2816	1560281088	1577058303	1177679360	1177679487	17	8	25	4
2817	2885681152	2902458367	3772742400	3772742527	6	8	25	4
2818	2885681152	2902458367	3772742400	3772742527	17	8	25	2
2819	47710208	47972351	1177665536	1177673727	6	14	19	5
2820	47710208	47972351	1177665536	1177673727	17	14	19	4
2821	4045668352	4045930495	3772727296	3772735487	6	14	19	3
2822	48035712	48035839	1182793728	1191182335	6	25	9	1
2823	158904320	158904447	1177679605	1177679605	0	25	32	1
2824	2191135744	2191135871	2838433012	2838433012	0	25	32	1
2825	2660293376	2660293503	3310636004	3310636004	0	25	32	1
2826	158904448	158904511	1177678848	1177679359	1	26	23	1
2827	716741120	716741183	780854784	780855295	1	26	23	1
2828	2913958464	2913958527	3772741632	3772742143	1	26	23	1
2829	3462313856	3462313919	340076544	340077055	1	26	23	1
2830	3977726464	3977726527	3772741632	3772742143	1	26	23	1
2831	4045443072	4045443135	2284270592	2284271103	1	26	23	1
2832	4045443072	4045443135	2284270592	2284271103	4	26	23	1
2833	158904544	158904575	780854500	780854503	0	27	30	1
2834	3015529280	3015529311	3310636000	3310636003	0	27	30	1
2835	201326592	268435455	780854464	780854495	17	6	27	1
2836	201326592	268435455	780854464	780854495	6	6	27	2
2837	1073741824	1140850687	340077088	340077119	6	6	27	7
2838	1073741824	1140850687	340077088	340077119	17	6	27	3
2839	2281701376	2348810239	2838432960	2838432991	17	6	27	5
2840	2281701376	2348810239	2838432960	2838432991	6	6	27	5
2841	2550136832	2617245695	2838432960	2838432991	6	6	27	9
2842	2550136832	2617245695	2838432960	2838432991	17	6	27	3
2843	3019898880	3087007743	3310635968	3310635999	6	6	27	9
2844	3019898880	3087007743	3310635968	3310635999	17	6	27	3
2845	2818572288	2885681151	2838432960	2838432991	6	6	27	4
2846	374474752	374476799	1177679584	1177679599	1	21	28	1
2847	374474752	374476799	1177679584	1177679599	89	21	28	1
2848	1789734912	1789736959	780854512	780854527	1	21	28	1
2849	1789734912	1789736959	780854512	780854527	47	21	28	1
2850	1559404544	1559406591	1702521184	1702521199	1	21	28	1
2851	2913955840	2913957887	2284271600	2284271615	1	21	28	1
2852	3849811968	3849814015	3310636016	3310636031	1	21	28	1
2853	3849811968	3849814015	3310636016	3310636031	4	21	28	1
2854	536870912	671088639	340077056	340077071	6	5	28	8
2855	536870912	671088639	340077056	340077071	17	5	28	3
2856	608174080	608239615	2284271598	2284271598	0	16	32	1
2857	608278400	608278407	1177679584	1177679599	0	29	28	1
2858	3015529328	3015529335	3310636016	3310636031	0	29	28	1
2859	3616316240	3616316247	2838432992	2838433007	0	29	28	1
2860	608278416	608278431	780854504	780854511	0	28	29	1
2861	2542824608	2542824623	3310636008	3310636015	0	28	29	1
2862	3116148048	3116148063	3772742640	3772742647	0	28	29	1
2863	716741248	716741375	780854528	780854783	1	25	24	1
2864	716741248	716741375	780854528	780854783	47	25	24	1
2865	2760439936	2760440063	3772742144	3772742399	1	25	24	1
2866	2913958528	2913958655	340077312	340077567	1	25	24	1
2867	905969664	939524095	340077120	340077183	6	7	26	9
2868	905969664	939524095	340077120	340077183	17	7	26	6
2869	1140850688	1174405119	340077120	340077183	6	7	26	8
2870	1140850688	1174405119	340077120	340077183	17	7	26	3
2871	1442840576	1476395007	1177679488	1177679551	6	7	26	8
2872	1442840576	1476395007	1177679488	1177679551	17	7	26	8
2873	2147483648	2181038079	2838432896	2838432959	6	7	26	8
2874	2147483648	2181038079	2838432896	2838432959	17	7	26	5
2875	3120562176	3154116607	3772742528	3772742591	6	7	26	9
2876	3120562176	3154116607	3772742528	3772742591	17	7	26	6
2877	2785017856	2818572287	2838432896	2838432959	6	7	26	10
2878	2785017856	2818572287	2838432896	2838432959	17	7	26	4
2879	3556769792	3590324223	2838432896	2838432959	6	7	26	14
2880	3556769792	3590324223	2838432896	2838432959	17	7	26	4
2881	896036912	896036919	1879048192	2147483647	6	29	4	25
2882	896036912	896036919	1879048192	2147483647	17	29	4	12
2883	896024576	896032767	780664832	780795903	6	19	15	1
2884	896073728	896139263	780861440	780926975	6	16	16	5
2885	1920262144	1920266239	1177679608	1177679615	47	20	29	1
2886	1920262144	1920266239	1177679608	1177679615	1	20	29	1
2887	3116150784	3116154879	2838433016	2838433023	1	20	29	1
2888	3616309248	3616313343	3310636008	3310636015	1	20	29	1
2889	2107637760	2109734911	780853248	780854271	6	11	22	8
2890	2107637760	2109734911	780853248	780854271	17	11	22	3
2891	1700790272	1702887423	1177677824	1177678847	6	11	22	18
2892	1700790272	1702887423	1177677824	1177678847	17	11	22	11
2893	1174405120	1176502271	340077568	340078591	6	11	22	6
2894	1174405120	1176502271	340077568	340078591	17	11	22	3
2895	2910846976	2912944127	2284269568	2284270591	6	11	22	13
2896	2910846976	2912944127	2284269568	2284270591	17	11	22	6
2897	2107400064	2107400191	788529152	805306367	6	25	8	11
2898	2107400064	2107400191	788529152	805306367	17	25	8	4
2899	2542824448	2542824575	352321536	369098751	6	25	8	4
2900	2760439936	2760440063	352321536	369098751	6	25	8	1
2901	3680559232	3680559359	2818572288	2835349503	17	25	8	2
2902	3680559232	3680559359	2818572288	2835349503	6	25	8	6
2903	4045443200	4045443327	2298478592	2315255807	6	25	8	10
2904	4045443200	4045443327	2298478592	2315255807	17	25	8	3
2905	4045443200	4045443327	3288334336	3305111551	6	25	8	10
2906	4045443200	4045443327	3288334336	3305111551	17	25	8	2
2907	2107399680	2107399935	1702521216	1702521343	1	24	25	1
2908	1789738496	1789738751	1702521216	1702521343	1	24	25	1
2909	1789738496	1789738751	1702521216	1702521343	47	24	25	1
2910	1559406592	1559406847	340077184	340077311	1	24	25	1
2911	1559406592	1559406847	340077184	340077311	4	24	25	1
2912	4244765952	4244766207	2284271360	2284271487	1	24	25	1
2913	2107399968	2107399983	1744830464	1879048191	17	28	5	5
2914	2760439888	2760439903	402653184	536870911	6	28	5	3
2915	2107398144	2107399167	782237696	784334847	6	22	11	7
2916	2107398144	2107399167	782237696	784334847	17	22	11	1
2917	3329192960	3329193983	341835776	343932927	6	22	11	3
2918	3977726976	3977727999	2835349504	2837446655	6	22	11	6
2919	3977726976	3977727999	2835349504	2837446655	17	22	11	2
2920	2107408384	2107441151	1177550848	1177616383	6	17	16	2
2921	1178435584	1178468351	1177550848	1177616383	6	17	16	4
2922	1178435584	1178468351	1177550848	1177616383	17	17	16	2
2923	3462266880	3462299647	3772645376	3772710911	6	17	16	5
2924	3462266880	3462299647	3772645376	3772710911	17	17	16	2
2925	2107441152	2107506687	780795904	780828671	6	16	17	9
2926	2107441152	2107506687	780795904	780828671	17	16	17	4
2927	3116171264	3116236799	340099072	340131839	6	16	17	1
2928	4244635648	4244701183	3772743680	3772776447	6	16	17	4
2929	4244635648	4244701183	3772743680	3772776447	17	16	17	1
2930	4045471744	4045537279	3772743680	3772776447	6	16	17	3
2931	4045471744	4045537279	2284290048	2284322815	17	16	17	1
2932	4045471744	4045537279	2284290048	2284322815	6	16	17	3
2933	2107399936	2107399967	1177677824	1177678847	4	27	22	1
2934	4045443168	4045443199	3772742656	3772743679	1	27	22	1
2935	2107399936	2107399967	1073741824	1140850687	6	27	6	22
2936	2107399936	2107399967	1073741824	1140850687	17	27	6	11
2937	1178433248	1178433279	268435456	335544319	6	27	6	21
2938	1178433248	1178433279	268435456	335544319	17	27	6	6
2939	2191135872	2191135903	2348810240	2415919103	17	27	6	4
2940	2191135872	2191135903	2348810240	2415919103	6	27	6	8
2941	4045443168	4045443199	2348810240	2415919103	6	27	6	18
2942	4045443168	4045443199	2348810240	2415919103	17	27	6	4
2943	1700739072	1700741119	781189120	782237695	17	21	12	3
2944	1700739072	1700741119	781189120	782237695	6	21	12	12
2945	4045445120	4045447167	3770679296	3771727871	17	21	12	1
2946	1700724736	1700732927	1702625280	1702887423	6	19	14	10
2947	3977732096	3977740287	2837970944	2838233087	6	19	14	14
2948	3977732096	3977740287	2837970944	2838233087	17	19	14	6
2949	3849797632	3849805823	2837970944	2838233087	6	19	14	2
2950	3849797632	3849805823	2837970944	2838233087	17	19	14	1
2951	4244750336	4244758527	1702625280	1702887423	6	19	14	1
2952	4244750336	4244758527	1702625280	1702887423	17	19	14	2
2953	4045447168	4045455359	3310354432	3310616575	6	19	14	3
2954	1700724736	1700732927	3772742652	3772742655	1	19	30	1
2955	1700724736	1700732927	3772742652	3772742655	47	19	30	1
2956	1178419200	1178427391	3772742652	3772742655	1	19	30	1
2957	1790967808	1795162111	780854784	780855295	6	10	23	18
2958	1790967808	1795162111	780854784	780855295	17	10	23	10
2959	2545942528	2550136831	3310635008	3310635519	6	10	23	19
2960	2545942528	2550136831	3310635008	3310635519	17	10	23	6
2961	3116367872	3120562175	3772741632	3772742143	6	10	23	16
2962	3116367872	3120562175	3772741632	3772742143	17	10	23	8
2963	4248829952	4253024255	3772741632	3772742143	17	10	23	1
2964	4248829952	4253024255	3772741632	3772742143	6	10	23	1
2965	1789919232	1790967807	780855296	780857343	6	12	21	22
2966	1789919232	1790967807	780855296	780857343	17	12	21	8
2967	3329228800	3330277375	3772739584	3772741631	6	12	21	10
2968	3329228800	3330277375	3772739584	3772741631	17	12	21	6
2969	4046454784	4047503359	3772739584	3772741631	17	12	21	4
2970	4046454784	4047503359	3772739584	3772741631	6	12	21	7
2971	1789736960	1789737983	780854464	780854495	1	22	27	1
2972	1341008896	1341009919	3772742592	3772742623	1	22	27	1
2973	2191134720	2191135743	3310635968	3310635999	1	22	27	1
2974	2913958912	2913959935	3772742592	3772742623	1	22	27	1
2975	2913958912	2913959935	3772742592	3772742623	89	22	27	1
2976	1789738496	1789738751	1182793728	1191182335	6	24	9	4
2977	1789738496	1789738751	1182793728	1191182335	17	24	9	1
2978	3849809920	3849810175	2290089984	2298478591	6	24	9	9
2979	3849809920	3849810175	2290089984	2298478591	17	24	9	1
2980	4045443328	4045443583	2290089984	2298478591	6	24	9	4
2981	4045443328	4045443583	2290089984	2298478591	17	24	9	3
2982	1341008384	1341008447	780854498	780854499	0	26	31	1
2983	3462313856	3462313919	3310636006	3310636007	0	26	31	1
2984	1341007872	1341008383	780854400	780854463	1	23	26	1
2985	1178433232	1178433235	0	536870911	6	30	3	9
2986	1178433232	1178433235	0	536870911	17	30	3	2
2987	1423337419	1423337419	0	4294967295	6	32	0	3
2988	1409286144	1417674751	3772742144	3772742399	6	9	24	7
2989	1409286144	1417674751	3772742144	3772742399	17	9	24	3
2990	1559756800	1560281087	1177673728	1177677823	17	13	20	2
2991	1559756800	1560281087	1177673728	1177677823	6	13	20	3
2992	3977773056	3978297343	3310637056	3310641151	17	13	20	2
2993	3977773056	3978297343	3310637056	3310641151	6	13	20	8
2994	4045930496	4046454783	3772735488	3772739583	6	13	20	5
2995	4045930496	4046454783	3772735488	3772739583	17	13	20	4
2996	4045930496	4046454783	3310637056	3310641151	6	13	20	5
2997	2667577344	2684354559	2838433013	2838433013	17	8	32	2
2998	2660293616	2660293631	3310632960	3310635007	1	28	21	1
2999	4045443152	4045443167	2284271616	2284273663	1	28	21	1
3000	2542824636	2542824637	2284271488	2284271551	0	31	26	1
3001	3015529216	3015529279	3321888768	3355443199	6	26	7	18
3002	3015529216	3015529279	3321888768	3355443199	17	26	7	5
3003	3462313856	3462313919	369098752	402653183	6	26	7	2
3004	3329192384	3329192447	369098752	402653183	6	26	7	5
3005	3015529336	3015529339	2284271552	2284271583	0	30	27	1
3006	3329192356	3329192359	3310635968	3310635999	0	30	27	1
3007	3015528960	3015529215	3310636005	3310636005	0	24	32	1
3008	3116148224	3116148735	335544320	339738623	6	23	10	1
3009	2760433664	2760437759	3771727872	3772252159	6	20	13	16
3010	2760433664	2760437759	3771727872	3772252159	17	20	13	4
3011	2760409088	2760425471	2838233088	2838364159	6	18	15	6
3012	4045455360	4045471743	3772514304	3772645375	6	18	15	6
3013	4045455360	4045471743	2284060672	2284191743	6	18	15	13
3014	4045455360	4045471743	2284060672	2284191743	17	18	15	2
3015	2147483648	3221225471	3772742648	3772742649	6	2	31	17
3016	2147483648	3221225471	3772742648	3772742649	17	2	31	8
3017	3329192360	3329192367	340078592	340082687	1	29	20	1
3018	3849810178	3849810178	2284271104	2284271359	0	32	24	1
3019	4045537280	4045668351	3772710912	3772727295	6	15	18	4
3020	4045444096	4045445119	3770679296	3771727871	6	22	12	1
3021	4045447168	4045455359	3772743680	3772776447	6	19	17	1
3022	4045445120	4045447167	1701838848	1702363135	6	21	13	1
3023	4045445120	4045447167	3771727872	3772252159	6	21	13	1
3024	0	134217727	1177679552	1177679583	6	5	27	14
3025	0	134217727	1177679552	1177679583	17	5	27	6
3026	41943040	46137343	1177677824	1177678847	6	10	22	9
3027	41943040	46137343	1177677824	1177678847	17	10	22	2
3028	2915041280	2919235583	3772742656	3772743679	17	10	22	3
3029	2915041280	2919235583	3772742656	3772743679	6	10	22	5
3030	4248829952	4253024255	2284269568	2284270591	6	10	22	1
3031	67108864	134217727	1177679488	1177679551	6	6	26	10
3032	67108864	134217727	1177679488	1177679551	17	6	26	5
3033	469762048	536870911	1177679488	1177679551	6	6	26	3
3034	3489660928	3556769791	3772742528	3772742591	6	6	26	2
3035	3489660928	3556769791	3772742528	3772742591	17	6	26	1
3036	48035648	48035711	780854500	780854503	0	26	30	1
3037	896036928	896036991	780854500	780854503	0	26	30	1
3038	1920268352	1920268415	1177679600	1177679603	0	26	30	1
3039	3329192384	3329192447	3310636000	3310636003	0	26	30	1
3040	1559412736	1559429119	1177679600	1177679603	1	18	30	1
3041	409993216	411041791	1177673728	1177677823	6	12	20	6
3042	1341128704	1342177279	1177673728	1177677823	6	12	20	3
3043	1341128704	1342177279	1177673728	1177677823	17	12	20	1
3044	4046454784	4047503359	3772735488	3772739583	6	12	20	2
3045	4046454784	4047503359	3772735488	3772739583	17	12	20	1
3046	409731072	409993215	340082688	340099071	6	14	18	3
3047	409731072	409993215	340082688	340099071	17	14	18	1
3048	3461873664	3462135807	340082688	340099071	6	14	18	3
3049	3849322496	3849584639	2284273664	2284290047	17	14	18	1
3050	3849322496	3849584639	2284273664	2284290047	6	14	18	7
3051	4045668352	4045930495	3772710912	3772727295	6	14	18	2
3052	409518080	409518591	780854497	780854497	0	23	32	1
3053	2542824960	2542825471	3310636005	3310636005	0	23	32	1
3054	4045443584	4045444095	2284271598	2284271598	0	23	32	1
3055	374476800	374480895	780854512	780854527	1	20	28	1
3056	3015524352	3015528447	2284271600	2284271615	1	20	28	1
3057	2760433664	2760437759	2284271600	2284271615	1	20	28	1
3058	1207959552	1275068415	1702521184	1702521199	6	6	28	1
3059	896073728	896139263	780861440	780926975	17	16	16	1
3060	0	1073741823	1702521208	1702521211	6	2	30	81
3061	0	1073741823	1702521208	1702521211	17	2	30	46
3062	1920269312	1920270335	780854400	780854463	47	22	26	1
3063	1920269312	1920270335	780854400	780854463	1	22	26	1
3064	1423335424	1423336447	340077120	340077183	1	22	26	1
3065	3616316416	3616317439	2838432896	2838432959	1	22	26	1
3066	1920266240	1920268287	1177679552	1177679583	1	21	27	1
3067	2660290560	2660292607	2284271552	2284271583	1	21	27	1
3068	2542821376	2542823423	3310635968	3310635999	1	21	27	1
3069	2542821376	2542823423	3310635968	3310635999	4	21	27	1
3070	1920268352	1920268415	1073741824	1140850687	6	26	6	7
3071	1920268352	1920268415	1073741824	1140850687	17	26	6	4
3072	2107400000	2107400063	1073741824	1140850687	6	26	6	5
3073	2107400000	2107400063	1073741824	1140850687	17	26	6	1
3074	2107637760	2109734911	1177679872	1177681919	17	11	21	3
3075	2107637760	2109734911	1177679872	1177681919	6	11	21	3
3076	2107399168	2107399679	780854272	780854399	1	23	25	1
3077	1700738048	1700738559	1702521216	1702521343	1	23	25	1
3078	1700738048	1700738559	1702521216	1702521343	47	23	25	1
3079	2364356096	2364356607	3310635776	3310635903	1	23	25	1
3080	3116148224	3116148735	2284271360	2284271487	1	23	25	1
3081	3616315392	3616315903	2838432768	2838432895	1	23	25	1
3082	2107399968	2107399983	1744830464	1879048191	6	28	5	2
3083	2107408384	2107441151	780664832	780795903	6	17	15	12
3084	2107408384	2107441151	780664832	780795903	17	17	15	2
3085	1178435584	1178468351	340131840	340262911	17	17	15	2
3086	1178435584	1178468351	340131840	340262911	6	17	15	2
3087	2542829568	2542862335	340131840	340262911	17	17	15	1
3088	2542829568	2542862335	340131840	340262911	6	17	15	1
3089	2913959936	2913992703	340131840	340262911	17	17	15	2
3090	2913959936	2913992703	340131840	340262911	6	17	15	4
3091	3329196032	3329228799	340131840	340262911	6	17	15	2
3092	3329196032	3329228799	340131840	340262911	17	17	15	1
3093	2107400000	2107400063	1177677824	1177678847	1	26	22	1
3094	4045445120	4045447167	3770679296	3771727871	6	21	12	2
3095	4045447168	4045455359	3310354432	3310616575	17	19	14	1
3096	1700724736	1700732927	1702625280	1702887423	17	19	14	3
3097	1789738816	1789738847	3772742640	3772742647	0	27	29	1
3098	1789738848	1789738863	780854512	780854527	0	28	28	1
3099	1341008458	1341008459	0	2147483647	17	31	1	5
3100	1341008458	1341008459	0	2147483647	6	31	1	15
3101	1341008640	1341008895	780854528	780854783	1	24	24	1
3102	3329191936	3329192191	340077312	340077567	1	24	24	1
3103	3680559360	3680559615	3310635520	3310635775	1	24	24	1
3104	3680559360	3680559615	3310635520	3310635775	47	24	24	1
3105	4045443328	4045443583	3772742144	3772742399	1	24	24	1
3106	1191182336	1207959551	1177679604	1177679604	17	8	32	1
3107	1423337408	1423337415	0	1073741823	6	29	2	61
3108	1342177280	1610612735	1702521184	1702521199	6	4	28	22
3109	1342177280	1610612735	1702521184	1702521199	17	4	28	10
3110	1559407616	1559408639	1177550848	1177616383	17	22	16	1
3111	0	2147483647	3772742648	3772742649	17	1	31	6
3112	0	2147483647	3772742648	3772742649	6	1	31	16
3113	2191163392	2191196159	3310636006	3310636007	1	17	31	1
3114	2191163392	2191196159	3310636006	3310636007	47	17	31	1
3115	3329196032	3329228799	3310636006	3310636007	1	17	31	1
3116	4244701184	4244733951	3310636006	3310636007	1	17	31	1
3117	2191135744	2191135871	3310636006	3310636007	0	25	31	1
3118	3680559232	3680559359	3310636006	3310636007	0	25	31	1
3119	4244765824	4244765951	3772742648	3772742649	0	25	31	1
3120	2191138816	2191147007	2838433016	2838433023	1	19	29	1
3121	2191138816	2191147007	2838433016	2838433023	4	19	29	1
3122	2913943552	2913951743	3772742640	3772742647	1	19	29	1
3123	2190999552	2191130623	3310636005	3310636005	1	15	32	1
3124	2542927872	2543058943	3310636005	3310636005	1	15	32	1
3125	2617245696	2650800127	3310636005	3310636005	17	7	32	1
3126	2542813184	2542821375	2837446656	2837970943	6	19	13	2
3127	2542824624	2542824631	3310635968	3310635999	0	29	27	1
3128	2542824448	2542824575	369098752	402653183	6	25	7	2
3129	2760439936	2760440063	369098752	402653183	6	25	7	3
3130	2913958528	2913958655	369098752	402653183	17	25	7	2
3131	2913958528	2913958655	369098752	402653183	6	25	7	2
3132	4045455360	4045471743	3772514304	3772645375	17	18	15	1
3133	2913958430	2913958431	3772742400	3772742527	0	31	25	1
3134	3462313472	3462313727	352321536	369098751	6	24	8	2
3135	3680559360	3680559615	2818572288	2835349503	17	24	8	1
3136	4045443328	4045443583	3288334336	3305111551	6	24	8	4
3137	4045443328	4045443583	2298478592	2315255807	6	24	8	5
3138	3472883712	3489660927	3310635520	3310635775	17	8	24	5
3139	3472883712	3489660927	3310635520	3310635775	6	8	24	4
3140	3329192960	3329193983	335544320	339738623	6	22	10	1
3141	3329192360	3329192367	0	536870911	6	29	3	6
3142	3329192360	3329192367	0	536870911	17	29	3	5
3143	3977726592	3977726719	3310635008	3310635519	1	25	23	1
3144	3977726720	3977726975	3766484992	3770679295	17	24	10	1
3145	3849715712	3849781247	3310636004	3310636004	1	16	32	1
3146	3849715712	3849781247	3310636004	3310636004	47	16	32	1
3147	4244733952	4244750335	1702625280	1702887423	6	18	14	1
3148	4244733952	4244750335	1702625280	1702887423	17	18	14	1
3149	4045455360	4045471743	3310354432	3310616575	6	18	14	6
3150	4045455360	4045471743	1702625280	1702887423	6	18	14	1
3151	4045455360	4045471743	1702625280	1702887423	17	18	14	1
3152	4045930496	4046454783	3772727296	3772735487	17	13	19	2
3153	4045930496	4046454783	3772727296	3772735487	6	13	19	1
3154	4045443584	4045444095	2290089984	2298478591	6	23	9	3
3155	4045443168	4045443199	2284271616	2284273663	1	27	21	1
3156	159121408	159383551	1177679604	1177679604	1	14	32	1
3157	3616014336	3616276479	3310636005	3310636005	1	14	32	1
3158	3616014336	3616276479	3310636005	3310636005	47	14	32	1
3159	158905344	158906367	1177679604	1177679604	0	22	32	1
3160	1178431488	1178432511	1177679604	1177679604	0	22	32	1
3161	1559407616	1559408639	3772742651	3772742651	0	22	32	1
3162	3015529472	3015530495	3310636005	3310636005	0	22	32	1
3163	158905344	158906367	1177679360	1177679487	1	22	25	1
3164	1920269312	1920270335	1177679360	1177679487	1	22	25	1
3165	1920269312	1920270335	1177679360	1177679487	4	22	25	1
3166	2107398144	2107399167	780854272	780854399	1	22	25	1
3167	2107398144	2107399167	1702521216	1702521343	1	22	25	1
3168	3849810944	3849811967	3310635776	3310635903	1	22	25	1
3169	158904576	158904831	780854498	780854499	0	24	31	1
3170	409518592	409518847	1177679606	1177679607	0	24	31	1
3171	3680559360	3680559615	3310636006	3310636007	0	24	31	1
3172	158904832	158905343	780854496	780854496	0	23	32	1
3173	3616315392	3616315903	3310636004	3310636004	0	23	32	1
3174	409526272	409534463	1177679584	1177679599	1	19	28	1
3175	409526272	409534463	1177679584	1177679599	47	19	28	1
3176	2542813184	2542821375	3310636016	3310636031	1	19	28	1
3177	409520128	409522175	340077120	340077183	1	21	26	1
3178	3116148736	3116150783	3772742528	3772742591	1	21	26	1
3179	2760437760	2760439807	3772742528	3772742591	1	21	26	1
3180	2913955840	2913957887	2284271488	2284271551	1	21	26	1
3181	409519100	409519103	0	2147483647	6	30	1	63
3182	409519100	409519103	0	2147483647	17	30	1	24
3183	896036924	896036927	0	2147483647	17	30	1	14
3184	896036924	896036927	0	2147483647	6	30	1	39
3185	1920268308	1920268311	2147483648	4294967295	17	30	1	14
3186	1920268308	1920268311	2147483648	4294967295	6	30	1	28
3187	2760439872	2760439875	2147483648	4294967295	6	30	1	32
3188	2760439872	2760439875	2147483648	4294967295	17	30	1	14
3189	409519040	409519071	1342177280	1610612735	6	27	4	29
3190	409519040	409519071	1342177280	1610612735	17	27	4	12
3191	716741216	716741247	805306368	1073741823	6	27	4	17
3192	716741216	716741247	805306368	1073741823	17	27	4	2
3193	1920268320	1920268351	1879048192	2147483647	17	27	4	1
3194	1920268320	1920268351	1879048192	2147483647	6	27	4	6
3195	374473792	374473855	340077080	340077087	0	26	29	1
3196	608278464	608278527	1177679608	1177679615	0	26	29	1
3197	1341008384	1341008447	1177679608	1177679615	0	26	29	1
3198	3015529216	3015529279	3310636008	3310636015	0	26	29	1
3199	3116147968	3116148031	3772742640	3772742647	0	26	29	1
3200	3616316160	3616316223	2838433016	2838433023	0	26	29	1
3201	374476800	374480895	340077088	340077119	1	20	27	1
3202	608272384	608276479	1177679552	1177679583	1	20	27	1
3203	896032768	896036863	1702521152	1702521183	1	20	27	1
3204	1050017792	1050021887	2284271552	2284271583	1	20	27	1
3205	1050017792	1050021887	2284271552	2284271583	47	20	27	1
3206	1178427392	1178431487	1177679552	1177679583	1	20	27	1
3207	3116150784	3116154879	2838432960	2838432991	1	20	27	1
3208	608278272	608278399	1177679600	1177679603	0	25	30	1
3209	1050023168	1050023295	780854500	780854503	0	25	30	1
3210	1920268416	1920268543	1177679600	1177679603	0	25	30	1
3211	1700738688	1700738815	780854500	780854503	0	25	30	1
3212	1559406976	1559407103	1177679600	1177679603	0	25	30	1
3213	3015529344	3015529471	3310636000	3310636003	0	25	30	1
3214	2913958528	2913958655	3772742652	3772742655	0	25	30	1
3215	4244765824	4244765951	2284271592	2284271595	0	25	30	1
3216	608278412	608278413	0	4294967295	6	31	0	29
3217	608278412	608278413	0	4294967295	17	31	0	9
3218	1423337416	1423337417	0	4294967295	17	31	0	1
3219	1423337416	1423337417	0	4294967295	6	31	0	2
3220	1559406956	1559406957	0	4294967295	6	31	0	43
3221	1559406956	1559406957	0	4294967295	17	31	0	18
3222	716740608	716741119	340077312	340077567	1	23	24	1
3223	3462312960	3462313471	2838433024	2838433279	1	23	24	1
3224	3977725952	3977726463	3310635520	3310635775	1	23	24	1
3225	3849810432	3849810943	2284271104	2284271359	1	23	24	1
3226	3849810432	3849810943	2284271104	2284271359	4	23	24	1
3227	716741216	716741247	1702521184	1702521199	0	27	28	1
3228	1050023360	1050023391	340077056	340077071	0	27	28	1
3229	3116148064	3116148095	2284271600	2284271615	0	27	28	1
3230	3462313952	3462313983	2838432992	2838433007	0	27	28	1
3231	3616316256	3616316287	2838432992	2838433007	0	27	28	1
3232	716734464	716738559	782237696	784334847	6	20	11	4
3233	716734464	716738559	782237696	784334847	17	20	11	1
3234	805306368	872415231	1702521216	1702521343	17	6	25	2
3235	805306368	872415231	1702521216	1702521343	6	6	25	3
3236	805306368	1073741823	340077088	340077119	6	4	27	9
3237	805306368	1073741823	340077088	340077119	17	4	27	6
3238	3758096384	4026531839	2284271552	2284271583	17	4	27	4
3239	1050023936	1050025983	335544320	339738623	6	21	10	3
3240	3329193984	3329196031	335544320	339738623	6	21	10	1
3241	1920204800	1920237567	1177679600	1177679603	1	17	30	1
3242	3015540736	3015573503	3310636000	3310636003	1	17	30	1
3243	1920991232	1929379839	1177677824	1177678847	6	9	22	2
3244	1920991232	1929379839	1177677824	1177678847	17	9	22	3
3245	1543503872	1551892479	1702521856	1702522879	6	9	22	1
3246	3329192384	3329192447	352321536	369098751	17	26	8	1
3247	2107400064	2107400191	1073741824	1140850687	6	25	6	3
3248	2107400064	2107400191	1073741824	1140850687	17	25	6	3
3249	3977726592	3977726719	2885681152	2952790015	6	25	6	11
3250	4045443200	4045443327	2348810240	2415919103	6	25	6	2
3251	4045443200	4045443327	2348810240	2415919103	17	25	6	1
3252	2913958528	2913958655	340074496	340076543	17	25	21	1
3253	2107400064	2107400191	1177677824	1177678847	1	25	22	1
3254	3977726592	3977726719	3310636032	3310637055	1	25	22	1
3255	3977726592	3977726719	2838431744	2838432767	1	25	22	1
3256	1610612736	1744830463	780854400	780854463	6	5	26	2
3257	2415919104	2550136831	2838432896	2838432959	6	5	26	5
3258	3087007744	3221225471	3772742528	3772742591	6	5	26	4
3259	3087007744	3221225471	3772742528	3772742591	17	5	26	3
3260	3489660928	3623878655	2838432896	2838432959	17	5	26	7
3261	3489660928	3623878655	2838432896	2838432959	6	5	26	2
3262	1789738496	1789738751	1073741824	1140850687	6	24	6	19
3263	1333788672	1337982975	1702518784	1702520831	6	10	21	7
3264	1333788672	1337982975	1702518784	1702520831	17	10	21	2
3265	4047503360	4051697663	3772739584	3772741631	6	10	21	2
3266	1178433216	1178433231	1610612736	2147483647	6	28	3	28
3267	1178433216	1178433231	1610612736	2147483647	17	28	3	13
3268	2364355584	2364355599	0	536870911	6	28	3	15
3269	2364355584	2364355599	0	536870911	17	28	3	5
3270	2760439888	2760439903	0	536870911	17	28	3	7
3271	2760439888	2760439903	0	536870911	6	28	3	16
3272	1423337408	1423337415	0	1073741823	17	29	2	36
3273	3616316240	3616316247	2147483648	3221225471	17	29	2	7
3274	3616316240	3616316247	2147483648	3221225471	6	29	2	21
3275	1559429120	1559494655	1177679606	1177679607	1	16	31	1
3276	1559429120	1559494655	1177679606	1177679607	4	16	31	1
3277	1559396352	1559404543	1700790272	1701838847	6	19	12	1
3278	2617245696	2650800127	3310636005	3310636005	1	7	32	1
3279	2952790016	2986344447	2838433013	2838433013	1	7	32	1
3280	2660368384	2660499455	3310636004	3310636004	1	15	32	1
3281	2660368384	2660499455	3310636004	3310636004	47	15	32	1
3282	3462135808	3462266879	3310636004	3310636004	1	15	32	1
3283	3015507968	3015524351	2838433016	2838433023	1	18	29	1
3284	4244733952	4244750335	3772742640	3772742647	1	18	29	1
3285	2760409088	2760425471	2838233088	2838364159	17	18	15	1
3286	2761949184	2764046335	340078592	340082687	17	11	20	1
3287	2761949184	2764046335	340078592	340082687	6	11	20	1
3288	2885681152	2902458367	340076544	340077055	6	8	23	1
3289	3680559360	3680559615	2818572288	2835349503	6	24	8	1
3290	3462313472	3462313727	352321536	369098751	17	24	8	1
3291	3462313472	3462313727	340076544	340077055	1	24	23	1
3292	3329191936	3329192191	340076544	340077055	1	24	23	1
3293	3680559360	3680559615	2838433280	2838433791	1	24	23	1
3294	3680559360	3680559615	3772741632	3772742143	1	24	23	1
3295	3680559360	3680559615	3772741632	3772742143	47	24	23	1
3296	3977726720	3977726975	3310635008	3310635519	1	24	23	1
3297	3329191936	3329192191	369098752	402653183	6	24	7	3
3298	3680559168	3680559231	2838429696	2838431743	1	26	21	1
3299	3977725952	3977726463	2818572288	2835349503	17	23	8	3
3300	3977725952	3977726463	2818572288	2835349503	6	23	8	3
3301	4045443584	4045444095	2298478592	2315255807	6	23	8	3
3302	4045443584	4045444095	3288334336	3305111551	6	23	8	3
3303	3849810184	3849810191	2284271488	2284271551	0	29	26	1
3304	4261412864	4294967295	2284271104	2284271359	6	7	24	4
3305	4045930496	4046454783	3310616576	3310632959	6	13	18	3
3306	4045668352	4045930495	3772710912	3772727295	17	14	18	1
3307	4046454784	4047503359	3772727296	3772735487	6	12	19	1
3308	4046454784	4047503359	3772727296	3772735487	17	12	19	1
3309	4045445120	4045447167	3772776448	3774873599	6	21	11	1
3310	48005120	48021503	340077056	340077071	1	18	28	1
3311	48005120	48021503	340077056	340077071	89	18	28	1
3312	158908416	158924799	2284271600	2284271615	1	18	28	1
3313	409501696	409518079	780854512	780854527	1	18	28	1
3314	409501696	409518079	780854512	780854527	47	18	28	1
3315	608288768	608305151	1177679584	1177679599	1	18	28	1
3316	1700741120	1700757503	1177679584	1177679599	1	18	28	1
3317	1700741120	1700757503	1177679584	1177679599	89	18	28	1
3318	1789739008	1789755391	1177679584	1177679599	1	18	28	1
3319	1789739008	1789755391	1177679584	1177679599	47	18	28	1
3320	1341014016	1341030399	780854512	780854527	1	18	28	1
3321	2660270080	2660286463	2284271600	2284271615	1	18	28	1
3322	2660270080	2660286463	2284271600	2284271615	4	18	28	1
3323	3680534528	3680550911	3310636016	3310636031	1	18	28	1
3324	48035328	48035583	1177679600	1177679603	0	24	30	1
3325	896037120	896037375	2284271592	2284271595	0	24	30	1
3326	1700738816	1700739071	780854500	780854503	0	24	30	1
3327	1341008640	1341008895	780854500	780854503	0	24	30	1
3328	2364355840	2364356095	2838433008	2838433011	0	24	30	1
3329	2542824704	2542824959	3310636000	3310636003	0	24	30	1
3330	2913958656	2913958911	3772742652	3772742655	0	24	30	1
3331	3462313472	3462313727	3310636000	3310636003	0	24	30	1
3332	48035712	48035839	1207959552	1342177279	17	25	5	17
3333	48035712	48035839	1207959552	1342177279	6	25	5	40
3334	2913958528	2913958655	402653184	536870911	6	25	5	8
3335	3462313728	3462313855	402653184	536870911	17	25	5	3
3336	3462313728	3462313855	402653184	536870911	6	25	5	5
3337	3462313728	3462313855	2684354560	2818572287	17	25	5	10
3338	3462313728	3462313855	2684354560	2818572287	6	25	5	13
3339	4045443200	4045443327	2147483648	2281701375	17	25	5	17
3340	4045443200	4045443327	2147483648	2281701375	6	25	5	38
3341	158904832	158905343	1177678848	1177679359	1	23	23	1
3342	3977725952	3977726463	2838433280	2838433791	1	23	23	1
3343	3977725952	3977726463	3772741632	3772742143	1	23	23	1
3344	409520128	409522175	780854497	780854497	0	21	32	1
3345	409519104	409520127	780854528	780854783	1	22	24	1
3346	1559407616	1559408639	340077312	340077567	4	22	24	1
3347	2760440832	2760441855	340077312	340077567	1	22	24	1
3348	3680560128	3680561151	2838433024	2838433279	1	22	24	1
3349	3680560128	3680561151	2838433024	2838433279	4	22	24	1
3350	374473792	374473855	1342177280	1610612735	6	26	4	30
3351	374473792	374473855	1342177280	1610612735	17	26	4	13
3352	1920268352	1920268415	805306368	1073741823	6	26	4	23
3353	1920268352	1920268415	805306368	1073741823	17	26	4	10
3354	1920268352	1920268415	1342177280	1610612735	17	26	4	7
3355	1920268352	1920268415	1342177280	1610612735	6	26	4	11
3356	3680559168	3680559231	2952790016	3221225471	6	26	4	43
3357	3680559168	3680559231	2952790016	3221225471	17	26	4	17
3358	3849810240	3849810303	2415919104	2684354559	6	26	4	16
3359	3849810240	3849810303	2415919104	2684354559	17	26	4	9
3360	268435456	335544319	1177679616	1177679871	17	6	24	4
3361	268435456	335544319	1177679616	1177679871	6	6	24	7
3362	939524096	1006632959	1702520832	1702521087	6	6	24	10
3363	939524096	1006632959	1702520832	1702521087	17	6	24	6
3364	1946157056	2013265919	1177679616	1177679871	6	6	24	4
3365	1946157056	2013265919	1177679616	1177679871	17	6	24	2
3366	1610612736	1677721599	3772742144	3772742399	6	6	24	2
3367	1342177280	1409286143	340077312	340077567	17	6	24	6
3368	1342177280	1409286143	340077312	340077567	6	6	24	8
3369	3355443200	3422552063	2838433024	2838433279	17	6	24	3
3370	3355443200	3422552063	2838433024	2838433279	6	6	24	8
3371	3221225472	3288334335	340077312	340077567	6	6	24	2
3372	3690987520	3758096383	2838433024	2838433279	17	6	24	1
3373	3690987520	3758096383	2838433024	2838433279	6	6	24	2
3374	3758096384	3825205247	2284271104	2284271359	17	6	24	1
3375	3758096384	3825205247	2284271104	2284271359	6	6	24	9
3376	608239616	608272383	1177679608	1177679615	1	17	29	1
3377	608239616	608272383	1177679608	1177679615	47	17	29	1
3378	2760376320	2760409087	3772742640	3772742647	1	17	29	1
3379	716832768	716963839	780664832	780795903	6	15	15	5
3380	671088640	704643071	780854784	780855295	6	7	23	4
3381	671088640	704643071	780854784	780855295	17	7	23	4
3382	3288334336	3321888767	2838433280	2838433791	6	7	23	8
3383	3288334336	3321888767	2838433280	2838433791	17	7	23	5
3384	896037120	896037375	784334848	788529151	6	24	10	1
3385	1789722624	1789730815	780854464	780854495	1	19	27	1
3386	1423327232	1423335423	340077088	340077119	1	19	27	1
3387	1423327232	1423335423	340077088	340077119	47	19	27	1
3388	2660294656	2660302847	2284271552	2284271583	1	19	27	1
3389	3116138496	3116146687	3772742592	3772742623	1	19	27	1
3390	3849797632	3849805823	2284271552	2284271583	1	19	27	1
3391	805306368	1073741823	340077120	340077183	6	4	26	3
3392	805306368	1073741823	340077120	340077183	17	4	26	2
3393	2684354560	2952790015	3772742528	3772742591	6	4	26	18
3394	2684354560	2952790015	3772742528	3772742591	17	4	26	7
3395	3758096384	4026531839	2284271552	2284271583	6	4	27	8
3396	1050025984	1050034175	782237696	784334847	17	19	11	3
3397	2191138816	2191147007	3311403008	3313500159	6	19	11	10
3398	2191138816	2191147007	3311403008	3313500159	17	19	11	10
3399	3680550912	3680559103	2835349504	2837446655	17	19	11	1
3400	3680550912	3680559103	2835349504	2837446655	6	19	11	2
3401	3849797632	3849805823	2835349504	2837446655	6	19	11	7
3402	4045447168	4045455359	3772776448	3774873599	17	19	11	4
3403	4045447168	4045455359	3772776448	3774873599	6	19	11	3
3404	3616313344	3616315391	335544320	339738623	6	21	10	1
3405	1879048192	2013265919	1177679360	1177679487	6	5	25	10
3406	1879048192	2013265919	1177679360	1177679487	17	5	25	7
3407	2818572288	2952790015	3772742400	3772742527	6	5	25	2
3408	3892314112	4026531839	3310635776	3310635903	17	5	25	2
3409	3892314112	4026531839	3310635776	3310635903	6	5	25	3
3410	1920268320	1920268351	2284271552	2284271583	0	27	27	1
3411	3329192320	3329192351	2838432960	2838432991	0	27	27	1
3412	1918894080	1919942655	780828672	780845055	6	12	18	2
3413	1918894080	1919942655	780828672	780845055	17	12	18	1
3414	1341128704	1342177279	1177649152	1177665535	6	12	18	5
3415	1341128704	1342177279	780828672	780845055	6	12	18	5
3416	3329228800	3330277375	3310616576	3310632959	6	12	18	7
3417	4046454784	4047503359	3310616576	3310632959	6	12	18	2
3418	4046454784	4047503359	3310616576	3310632959	17	12	18	1
3419	4046454784	4047503359	3772710912	3772727295	17	12	18	4
3420	4046454784	4047503359	3772710912	3772727295	6	12	18	4
3421	1920237568	1920253951	780854464	780854495	6	18	27	1
3422	1920268800	1920269311	738197504	771751935	6	23	7	18
3423	1920268800	1920269311	738197504	771751935	17	23	7	1
3424	2760440320	2760440831	2315255808	2348810239	6	23	7	10
3425	2760440320	2760440831	2315255808	2348810239	17	23	7	5
3426	1920266240	1920268287	780854272	780854399	1	21	25	1
3427	2107396096	2107398143	780854272	780854399	1	21	25	1
3428	2107396096	2107398143	1702521216	1702521343	1	21	25	1
3429	1178433536	1178435583	340077184	340077311	1	21	25	1
3430	2660290560	2660292607	2284271360	2284271487	1	21	25	1
3431	3462313984	3462316031	2838432768	2838432895	1	21	25	1
3432	3462313984	3462316031	2838432768	2838432895	47	21	25	1
3433	3977723904	3977725951	3310635776	3310635903	1	21	25	1
3434	3977723904	3977725951	3310635776	3310635903	4	21	25	1
3435	2080374784	2097151999	780853248	780854271	6	8	22	10
3436	2080374784	2097151999	780853248	780854271	17	8	22	5
3437	1677721600	1694498815	780853248	780854271	6	8	22	11
3438	1677721600	1694498815	780853248	780854271	17	8	22	9
3439	2986344448	3003121663	3310636032	3310637055	17	8	22	4
3440	2986344448	3003121663	3310636032	3310637055	6	8	22	18
3441	3472883712	3489660927	3772742656	3772743679	6	8	22	4
3442	3472883712	3489660927	3772742656	3772743679	17	8	22	5
3443	3338665984	3355443199	2838431744	2838432767	17	8	22	4
3444	3338665984	3355443199	2838431744	2838432767	6	8	22	3
3445	3959422976	3976200191	3310636032	3310637055	6	8	22	15
3446	3959422976	3976200191	3310636032	3310637055	17	8	22	5
3447	3825205248	3841982463	2284269568	2284270591	17	8	22	7
3448	3825205248	3841982463	2284269568	2284270591	6	8	22	12
3449	2107400064	2107400191	780855296	780857343	1	25	21	1
3450	2107392000	2107396095	780854400	780854463	1	20	26	1
3451	2660286464	2660290559	3310635904	3310635967	1	20	26	1
3452	2660286464	2660290559	3310635904	3310635967	47	20	26	1
3453	2542825472	2542829567	2284271488	2284271551	1	20	26	1
3454	2542825472	2542829567	2284271488	2284271551	47	20	26	1
3455	3616309248	3616313343	2838432896	2838432959	1	20	26	1
3456	3616309248	3616313343	2838432896	2838432959	89	20	26	1
3457	3849805824	3849809919	2284271488	2284271551	47	20	26	1
3458	3849805824	3849809919	2284271488	2284271551	1	20	26	1
3459	4244758528	4244762623	2284271488	2284271551	1	20	26	1
3460	2107398144	2107399167	788529152	805306367	6	22	8	9
3461	2107398144	2107399167	788529152	805306367	17	22	8	3
3462	3329192960	3329193983	352321536	369098751	6	22	8	4
3463	3977726976	3977727999	2818572288	2835349503	6	22	8	4
3464	3977726976	3977727999	3288334336	3305111551	17	22	8	1
3465	3977726976	3977727999	3288334336	3305111551	6	22	8	10
3466	4045444096	4045445119	3288334336	3305111551	6	22	8	7
3467	4045444096	4045445119	2298478592	2315255807	6	22	8	4
3468	2107400000	2107400063	780845056	780853247	17	26	19	1
3469	1700737024	1700738047	3772742650	3772742650	0	22	32	1
3470	4244764672	4244765695	2284271599	2284271599	0	22	32	1
3471	1789738880	1789739007	780854504	780854511	0	25	29	1
3472	2760439936	2760440063	2284271584	2284271591	0	25	29	1
3473	3462313728	3462313855	3772742640	3772742647	0	25	29	1
3474	1789738496	1789738751	1073741824	1140850687	17	24	6	6
3475	3977726720	3977726975	2885681152	2952790015	17	24	6	5
3476	3977726720	3977726975	2885681152	2952790015	6	24	6	14
3477	3977726720	3977726975	3825205248	3892314111	17	24	6	7
3478	3977726720	3977726975	3825205248	3892314111	6	24	6	5
3479	1789738872	1789738879	780854272	780854399	0	29	25	1
3480	2913958416	2913958423	3772742400	3772742527	0	29	25	1
3481	4244765784	4244765791	2284271360	2284271487	0	29	25	1
3482	1789737984	1789738495	1177679606	1177679607	0	23	31	1
3483	1423336448	1423336959	1177679606	1177679607	0	23	31	1
3484	2660292608	2660293119	3310636006	3310636007	0	23	31	1
3485	1341008480	1341008511	1610612736	2147483647	6	27	3	26
3486	1341008480	1341008511	1610612736	2147483647	17	27	3	13
3487	1178433248	1178433279	0	536870911	17	27	3	5
3488	1178433248	1178433279	0	536870911	6	27	3	12
3489	1178433248	1178433279	1610612736	2147483647	17	27	3	15
3490	1178433248	1178433279	1610612736	2147483647	6	27	3	19
3491	3680559104	3680559135	3758096384	4294967295	6	27	3	25
3492	3680559104	3680559135	3758096384	4294967295	17	27	3	13
3493	1178435584	1178468351	1178075136	1178599423	6	17	13	6
3494	1178435584	1178468351	1178075136	1178599423	17	17	13	3
3495	3616276480	3616309247	2837446656	2837970943	6	17	13	18
3496	1409286144	1417674751	1177679872	1177681919	6	9	21	12
3497	1409286144	1417674751	1177679872	1177681919	17	9	21	2
3498	1543503872	1551892479	1702518784	1702520831	6	9	21	16
3499	1543503872	1551892479	1702518784	1702520831	17	9	21	6
3500	3850371072	3858759679	2284271616	2284273663	6	9	21	13
3501	3850371072	3858759679	2284271616	2284273663	17	9	21	8
3502	4051697664	4060086271	3772739584	3772741631	6	9	21	13
3503	4051697664	4060086271	3772739584	3772741631	17	9	21	3
3504	1423337344	1423337407	1702521184	1702521199	0	26	28	1
3505	2191135936	2191135999	3310636016	3310636031	0	26	28	1
3506	3616316160	3616316223	3310636016	3310636031	0	26	28	1
3507	1423337420	1423337423	0	4294967295	17	30	0	9
3508	1423337420	1423337423	0	4294967295	6	30	0	21
3509	1423337424	1423337439	340077120	340077183	0	28	26	1
3510	1559406960	1559406975	1177679488	1177679551	0	28	26	1
3511	2191135920	2191135935	3310635904	3310635967	0	28	26	1
3512	3849810192	3849810207	2284271488	2284271551	0	28	26	1
3513	1559406952	1559406955	340077312	340077567	0	30	24	1
3514	2193620992	2197815295	3310637056	3310641151	6	10	20	11
3515	2193620992	2197815295	3310637056	3310641151	17	10	20	4
3516	3980394496	3984588799	3310637056	3310641151	6	10	20	4
3517	3980394496	3984588799	3310637056	3310641151	17	10	20	1
3518	4047503360	4051697663	3772735488	3772739583	6	10	20	5
3519	4047503360	4051697663	3772735488	3772739583	17	10	20	4
3520	4047503360	4051697663	3310637056	3310641151	6	10	20	1
3521	2214592512	2281701375	2838433013	2838433013	1	6	32	1
3522	2363490304	2364014591	3310636005	3310636005	1	13	32	1
3523	2363490304	2364014591	3310636005	3310636005	89	13	32	1
3524	2363490304	2364014591	3310636005	3310636005	47	13	32	1
3525	4245159936	4245684223	1702521215	1702521215	47	13	32	1
3526	4245159936	4245684223	1702521215	1702521215	1	13	32	1
3527	4245159936	4245684223	1702521215	1702521215	17	13	32	1
3528	3116148736	3116150783	3758096384	3766484991	17	21	9	6
3529	3116148736	3116150783	3758096384	3766484991	6	21	9	12
3530	2913955840	2913957887	335544320	339738623	6	21	10	1
3531	3462313472	3462313727	369098752	402653183	6	24	7	2
3532	3461873664	3462135807	2838364160	2838429695	17	14	16	5
3533	3461873664	3462135807	2838364160	2838429695	6	14	16	8
3534	4045668352	4045930495	3310682112	3310747647	17	14	16	5
3535	4045668352	4045930495	3310682112	3310747647	6	14	16	8
3536	3977726720	3977726975	3772742656	3772743679	1	24	22	1
3537	3977726720	3977726975	2838431744	2838432767	1	24	22	1
3538	3977726720	3977726975	3310636032	3310637055	1	24	22	1
3539	3977726720	3977726975	3310636032	3310637055	47	24	22	1
3540	3977726976	3977727999	3310635008	3310635519	17	22	23	1
3541	3616316254	3616316255	3310635008	3310635519	0	31	23	1
3542	3978297344	3980394495	3772727296	3772735487	6	11	19	6
3543	3978297344	3980394495	3772727296	3772735487	17	11	19	3
3544	3977728000	3977732095	2839543808	2843738111	6	20	10	16
3545	3977728000	3977732095	2839543808	2843738111	17	20	10	2
3546	3849846784	3850371071	3310649344	3310682111	6	13	17	3
3547	3849846784	3850371071	3310649344	3310682111	17	13	17	3
3548	4244635648	4244701183	1702625280	1702887423	6	16	14	3
3549	4045471744	4045537279	3310354432	3310616575	6	16	14	6
3550	4244765696	4244765759	3772735488	3772739583	47	26	20	1
3551	4244701184	4244733951	1702625280	1702887423	6	17	14	1
3552	4045455360	4045471743	3770679296	3771727871	17	18	12	3
3553	4045447168	4045455359	3770679296	3771727871	6	19	12	2
3554	3221225472	4294967295	2284271600	2284271615	17	2	28	9
3555	3221225472	4294967295	2284271600	2284271615	6	2	28	17
3556	0	4294967295	1702521200	1702521207	6	0	29	111
3557	48103424	48234495	1177679600	1177679603	1	15	30	1
3558	48103424	48234495	1177679600	1177679603	47	15	30	1
3559	4244766720	4244897791	2284271592	2284271595	1	15	30	1
3560	4244766720	4244897791	2284271592	2284271595	89	15	30	1
3561	48033792	48034815	1177679606	1177679607	0	22	31	1
3562	1050021888	1050022911	780854498	780854499	0	22	31	1
3563	1700737024	1700738047	1177679606	1177679607	0	22	31	1
3564	4045444096	4045445119	3310636006	3310636007	0	22	31	1
3565	158859264	158892031	1177679584	1177679599	1	17	28	1
3566	1920204800	1920237567	780854512	780854527	47	17	28	1
3567	1920204800	1920237567	780854512	780854527	1	17	28	1
3568	409534464	409599999	1177679608	1177679615	1	16	29	1
3569	2542862336	2542927871	3310636008	3310636015	1	16	29	1
3570	2542862336	2542927871	3310636008	3310636015	89	16	29	1
3571	2760441856	2760507391	3772742640	3772742647	1	16	29	1
3572	3462332416	3462397951	2838433016	2838433023	4	16	29	1
3573	3462332416	3462397951	2838433016	2838433023	1	16	29	1
3574	3462332416	3462397951	2838433016	2838433023	47	16	29	1
3575	4244635648	4244701183	2284271584	2284271591	1	16	29	1
3576	4244635648	4244701183	2284271584	2284271591	47	16	29	1
3577	409519088	409519095	1177679616	1177679871	0	29	24	1
3578	608278016	608278271	1207959552	1342177279	6	24	5	19
3579	608278016	608278271	1207959552	1342177279	17	24	5	3
3580	3015528960	3015529215	3355443200	3489660927	6	24	5	18
3581	3015528960	3015529215	3355443200	3489660927	17	24	5	7
3582	3329191936	3329192191	402653184	536870911	17	24	5	1
3583	620756992	637534207	1177679872	1177681919	6	8	21	3
3584	1795162112	1811939327	1702518784	1702520831	6	8	21	2
3585	1795162112	1811939327	1702518784	1702520831	17	8	21	1
3586	4026531840	4043309055	2284271616	2284273663	17	8	21	2
3587	4026531840	4043309055	2284271616	2284273663	6	8	21	4
3588	716832768	716963839	780664832	780795903	17	15	15	1
3589	716734464	716738559	1702521215	1702521215	0	20	32	1
3590	1423339520	1423343615	3772742651	3772742651	0	20	32	1
3591	896036992	896037119	1702521184	1702521199	0	25	28	1
3592	3849810304	3849810431	3310636016	3310636031	0	25	28	1
3593	1006632960	1040187391	1702521856	1702522879	17	7	22	4
3594	1006632960	1040187391	1702521856	1702522879	6	7	22	7
3595	3422552064	3456106495	3772742656	3772743679	6	7	22	7
3596	3992977408	4026531839	3310636032	3310637055	6	7	22	3
3597	3858759680	3892314111	3772742656	3772743679	17	7	22	4
3598	3858759680	3892314111	3772742656	3772743679	6	7	22	3
3599	1050023392	1050023407	340077184	340077311	0	28	25	1
3600	2107399968	2107399983	1177679360	1177679487	0	28	25	1
3601	2913958400	2913958415	3772742400	3772742527	0	28	25	1
3602	3462313920	3462313935	2838432768	2838432895	0	28	25	1
3603	1050023296	1050023359	340077088	340077119	0	26	27	1
3604	1700738560	1700738623	780854464	780854495	0	26	27	1
3605	2660293504	2660293567	3310635968	3310635999	0	26	27	1
3606	2542824640	2542824703	2838432960	2838432991	0	26	27	1
3607	2913958464	2913958527	2838432960	2838432991	0	26	27	1
3608	1050025984	1050034175	782237696	784334847	6	19	11	4
3609	1050025984	1050034175	784334848	788529151	6	19	10	3
3610	2760425472	2760433663	335544320	339738623	6	19	10	3
3611	1050023936	1050025983	352321536	369098751	17	21	8	3
3612	3616313344	3616315391	352321536	369098751	6	21	8	1
3613	3849811968	3849814015	2298478592	2315255807	17	21	8	4
3614	3849811968	3849814015	2298478592	2315255807	6	21	8	5
3615	4045445120	4045447167	3288334336	3305111551	17	21	8	2
3616	1920237568	1920253951	780854464	780854495	1	18	27	1
3617	1920268544	1920268799	1177679608	1177679615	0	24	29	1
3618	2760440064	2760440319	3772742640	3772742647	0	24	29	1
3619	3329191936	3329192191	3772742640	3772742647	0	24	29	1
3620	2107399168	2107399679	1073741824	1140850687	17	23	6	4
3621	2107399168	2107399679	1073741824	1140850687	6	23	6	9
3622	1178432512	1178433023	268435456	335544319	6	23	6	13
3623	3015528448	3015528959	3221225472	3288334335	6	23	6	14
3624	1700738656	1700738687	780854400	780854463	0	27	26	1
3625	1559406912	1559406943	340077120	340077183	0	27	26	1
3626	3680559104	3680559135	2838432896	2838432959	0	27	26	1
3627	1789394944	1789657087	1177679606	1177679607	1	14	31	1
3628	1789730816	1789734911	780854272	780854399	89	20	25	1
3629	1789730816	1789734911	780854272	780854399	1	20	25	1
3630	3462307840	3462311935	2838432768	2838432895	1	20	25	1
3631	3462307840	3462311935	2838432768	2838432895	47	20	25	1
3632	3329187840	3329191935	2838432768	2838432895	1	20	25	1
3633	3329187840	3329191935	2838432768	2838432895	47	20	25	1
3634	1207959552	1342177279	3772742144	3772742399	6	5	24	6
3635	1342177280	1476395007	1177679616	1177679871	6	5	24	5
3636	1342177280	1476395007	1177679616	1177679871	17	5	24	6
3637	2281701376	2415919103	3310635520	3310635775	6	5	24	3
3638	2415919104	2550136831	2284271104	2284271359	6	5	24	3
3639	2415919104	2550136831	2284271104	2284271359	17	5	24	5
3640	3892314112	4026531839	3310635520	3310635775	17	5	24	4
3641	3892314112	4026531839	3310635520	3310635775	6	5	24	5
3642	1178433240	1178433247	0	4294967295	6	29	0	25
3643	1178433240	1178433247	0	4294967295	17	29	0	9
3644	1559406944	1559406951	0	4294967295	17	29	0	9
3645	1559406944	1559406951	0	4294967295	6	29	0	22
3646	1476395008	1543503871	340076544	340077055	6	6	23	3
3647	2818572288	2885681151	2284270592	2284271103	17	6	23	3
3648	2818572288	2885681151	2284270592	2284271103	6	6	23	5
3649	3221225472	3288334335	340076544	340077055	6	6	23	3
3650	0	2147483647	3772742624	3772742639	6	1	28	100
3651	0	2147483647	3772742624	3772742639	17	1	28	57
3652	1559406912	1559406943	0	1073741823	6	27	2	25
3653	1559406912	1559406943	0	1073741823	17	27	2	10
3654	1559363584	1559396351	340787200	341835775	6	17	12	13
3655	1559363584	1559396351	340787200	341835775	17	17	12	7
3656	1559404544	1559406591	1182793728	1191182335	6	21	9	1
3657	2364538880	2365587455	3310636005	3310636005	1	12	32	1
3658	2364538880	2365587455	3310636005	3310636005	4	12	32	1
3659	3013607424	3014655999	3310636005	3310636005	1	12	32	1
3660	2542813184	2542821375	2837446656	2837970943	17	19	13	1
3661	2147483648	2684354559	3310635904	3310635967	6	3	26	69
3662	2147483648	2684354559	3310635904	3310635967	17	3	26	32
3663	3015530496	3015532543	2838433024	2838433279	1	21	24	1
3664	3116147968	3116148031	3758096384	4294967295	17	26	3	10
3665	3116147968	3116148031	3758096384	4294967295	6	26	3	19
3666	3329192384	3329192447	0	536870911	17	26	3	2
3667	3329192384	3329192447	0	536870911	6	26	3	9
3668	3116154880	3116171263	2835349504	2837446655	17	18	11	1
3669	2760425472	2760433663	3772742528	3772742591	1	19	26	1
3670	2147483648	3221225471	3772742592	3772742623	6	2	27	28
3671	2147483648	3221225471	3772742592	3772742623	17	2	27	13
3672	2913958528	2913958655	402653184	536870911	17	25	5	2
3673	3462313856	3462313919	369098752	402653183	17	26	7	2
3674	3329192960	3329193983	369098752	402653183	17	22	7	1
3675	3977726976	3977727999	3791650816	3825205247	6	22	7	6
3676	3329192960	3329193983	340076544	340077055	4	22	23	1
3677	3977726976	3977727999	3310635008	3310635519	1	22	23	1
3678	3977725952	3977726463	3772742656	3772743679	1	23	22	1
3679	4045443584	4045444095	3772742656	3772743679	1	23	22	1
3680	3977726720	3977726975	2838429696	2838431743	1	24	21	1
3681	3849846784	3850371071	2284191744	2284257279	6	13	16	4
3682	4244635648	4244701183	1702625280	1702887423	17	16	14	1
3683	4045471744	4045537279	3310354432	3310616575	17	16	14	1
3684	4051697664	4060086271	3772735488	3772739583	6	9	20	1
3685	4051697664	4060086271	3772735488	3772739583	17	9	20	2
3686	4047503360	4051697663	3310641152	3310649343	17	10	19	1
3687	4047503360	4051697663	3772727296	3772735487	6	10	19	1
3688	4047503360	4051697663	3772727296	3772735487	17	10	19	1
3689	4045455360	4045471743	3770679296	3771727871	6	18	12	3
3690	4045443200	4045443327	2284265472	2284269567	1	25	20	1
3691	0	4294967295	1702521200	1702521207	17	0	29	79
3692	48234496	50331647	1177679604	1177679604	1	11	32	1
3693	48234496	50331647	1177679604	1177679604	4	11	32	1
3694	406847488	408944639	1177679604	1177679604	1	11	32	1
3695	406847488	408944639	1177679604	1177679604	4	11	32	1
3696	48021504	48029695	1177679604	1177679604	0	19	32	1
3697	158892032	158900223	1177679604	1177679604	0	19	32	1
3698	608280576	608288767	1177679604	1177679604	0	19	32	1
3699	3329179648	3329187839	3310636005	3310636005	0	19	32	1
3700	48034816	48035327	340077080	340077087	0	23	29	1
3701	716740608	716741119	780854504	780854511	0	23	29	1
3702	3116148224	3116148735	3772742640	3772742647	0	23	29	1
3703	2913957888	2913958399	3772742640	3772742647	0	23	29	1
3704	3462312960	3462313471	3310636008	3310636015	0	23	29	1
3705	3329192448	3329192959	3310636008	3310636015	0	23	29	1
3706	47972352	48005119	1174405120	1176502271	6	17	11	39
3707	47972352	48005119	1174405120	1176502271	17	17	11	13
3708	1050050560	1050083327	1698693120	1700790271	17	17	11	5
3709	1050050560	1050083327	1698693120	1700790271	6	17	11	13
3710	1700757504	1700790271	782237696	784334847	6	17	11	36
3711	1700757504	1700790271	782237696	784334847	17	17	11	20
3712	1789755392	1789788159	1174405120	1176502271	17	17	11	5
3713	1789755392	1789788159	1174405120	1176502271	6	17	11	16
3714	1341030400	1341063167	1698693120	1700790271	17	17	11	13
3715	1341030400	1341063167	1698693120	1700790271	6	17	11	24
3716	2364375040	2364407807	2281701376	2283798527	17	17	11	17
3717	2364375040	2364407807	2281701376	2283798527	6	17	11	31
3718	2542829568	2542862335	341835776	343932927	17	17	11	5
3719	2542829568	2542862335	341835776	343932927	6	17	11	12
3720	3462266880	3462299647	2835349504	2837446655	6	17	11	3
3721	3462266880	3462299647	2835349504	2837446655	17	17	11	2
3722	3977740288	3977773055	3772776448	3774873599	17	17	11	17
3723	3977740288	3977773055	3772776448	3774873599	6	17	11	31
3724	409519104	409520127	2284271592	2284271595	0	22	30	1
3725	2660293632	2660294655	3310636000	3310636003	0	22	30	1
3726	409518976	409519039	1177679488	1177679551	0	26	26	1
3727	896036928	896036991	340077120	340077183	0	26	26	1
3728	409600000	409731071	1177679608	1177679615	1	15	29	1
3729	374865920	375390207	1177679606	1177679607	4	13	31	1
3730	374865920	375390207	1177679606	1177679607	1	13	31	1
3731	374865920	375390207	1177679606	1177679607	47	13	31	1
3732	1699741696	1700265983	1177679606	1177679607	1	13	31	1
3733	1699741696	1700265983	1177679606	1177679607	89	13	31	1
3734	1788870656	1789394943	1177679606	1177679607	1	13	31	1
3735	1423441920	1423966207	1177679606	1177679607	1	13	31	1
3736	608698368	609222655	780664832	780795903	6	13	15	9
3737	608698368	609222655	780664832	780795903	17	13	15	4
3738	1050148864	1050673151	1702363136	1702494207	6	13	15	20
3739	1050148864	1050673151	1702363136	1702494207	17	13	15	7
3740	3014656000	3015180287	3310747648	3310878719	6	13	15	30
3741	3014656000	3015180287	3310747648	3310878719	17	13	15	11
3742	3977773056	3978297343	2838233088	2838364159	6	13	15	17
3743	3977773056	3978297343	2838233088	2838364159	17	13	15	6
3744	4045930496	4046454783	3772514304	3772645375	6	13	15	14
3745	4045930496	4046454783	3772514304	3772645375	17	13	15	3
3746	3329191936	3329192191	402653184	536870911	6	24	5	5
3747	3977726720	3977726975	1744830464	1879048191	6	24	5	1
3748	608278016	608278271	340077056	340077071	0	24	28	1
3749	1178433280	1178433535	1177679584	1177679599	0	24	28	1
3750	2191136000	2191136255	2838432992	2838433007	0	24	28	1
3751	3616315904	3616316159	2838432992	2838433007	0	24	28	1
3752	608278432	608278463	1177679360	1177679487	0	27	25	1
3753	3849810208	3849810239	3310635776	3310635903	0	27	25	1
3754	716767232	716832767	1702521184	1702521199	1	16	28	1
3755	716767232	716832767	1702521184	1702521199	89	16	28	1
3756	716734464	716738559	788529152	805306367	6	20	8	2
3757	2913951744	2913955839	352321536	369098751	6	20	8	8
3758	2913951744	2913955839	352321536	369098751	17	20	8	2
3759	3977728000	3977732095	3288334336	3305111551	6	20	8	11
3760	3977728000	3977732095	3288334336	3305111551	17	20	8	6
3761	4045438976	4045443071	2298478592	2315255807	17	20	8	10
3762	4045438976	4045443071	2298478592	2315255807	6	20	8	26
3763	896036896	896036911	0	4294967295	6	28	0	12
3764	896036896	896036911	0	4294967295	17	28	0	7
3765	1049624576	1049886719	780926976	781189119	6	14	14	14
3766	1049624576	1049886719	780926976	781189119	17	14	14	2
3767	2107113472	2107375615	2283798528	2284060671	17	14	14	8
3768	2107113472	2107375615	2283798528	2284060671	6	14	14	19
3769	1789394944	1789657087	780926976	781189119	6	14	14	28
3770	1789394944	1789657087	780926976	781189119	17	14	14	14
3771	2660499456	2660761599	2283798528	2284060671	6	14	14	27
3772	2660499456	2660761599	2283798528	2284060671	17	14	14	8
3773	2913468416	2913730559	3772252160	3772514303	6	14	14	28
3774	2913468416	2913730559	3772252160	3772514303	17	14	14	17
3775	3461873664	3462135807	2837970944	2838233087	6	14	14	4
3776	4045668352	4045930495	1702625280	1702887423	6	14	14	14
3777	4045668352	4045930495	1702625280	1702887423	17	14	14	6
3778	1050025984	1050034175	784334848	788529151	17	19	10	3
3779	2760425472	2760433663	335544320	339738623	17	19	10	1
3780	1050025984	1050034175	1702887424	1711276031	17	19	9	19
3781	1050025984	1050034175	1702887424	1711276031	6	19	9	29
3782	1920253952	1920262143	771751936	780140543	17	19	9	8
3783	1920253952	1920262143	771751936	780140543	6	19	9	20
3784	3015532544	3015540735	3313500160	3321888767	6	19	9	27
3785	3015532544	3015540735	3313500160	3321888767	17	19	9	6
3786	3977732096	3977740287	3758096384	3766484991	6	19	9	10
3787	3977732096	3977740287	3758096384	3766484991	17	19	9	4
3788	3849797632	3849805823	3313500160	3321888767	6	19	9	11
3789	3849797632	3849805823	3313500160	3321888767	17	19	9	3
3790	1050023936	1050025983	340076544	340077055	1	21	23	1
3791	1920266240	1920268287	780854784	780855295	1	21	23	1
3792	3116148736	3116150783	3772741632	3772742143	4	21	23	1
3793	3116148736	3116150783	3772741632	3772742143	1	21	23	1
3794	2913955840	2913957887	340076544	340077055	1	21	23	1
3795	3616313344	3616315391	340076544	340077055	1	21	23	1
3796	3977723904	3977725951	3772741632	3772742143	1	21	23	1
3797	1050023936	1050025983	352321536	369098751	6	21	8	4
3798	3015530496	3015532543	352321536	369098751	6	21	8	1
3799	2913955840	2913957887	352321536	369098751	6	21	8	2
3800	3329193984	3329196031	352321536	369098751	6	21	8	1
3801	4045445120	4045447167	3288334336	3305111551	6	21	8	2
3802	1050023936	1050025983	369098752	402653183	6	21	7	3
3803	2913955840	2913957887	369098752	402653183	6	21	7	2
3804	3329193984	3329196031	369098752	402653183	6	21	7	3
3805	1050022912	1050023167	1879048192	2147483647	6	24	4	9
3806	1050022912	1050023167	1879048192	2147483647	17	24	4	2
3807	1920270336	1920335871	1176502272	1177550847	6	16	12	15
3808	1920270336	1920335871	1176502272	1177550847	17	16	12	4
3809	2107441152	2107506687	781189120	782237695	6	16	12	28
3810	2107441152	2107506687	781189120	782237695	17	16	12	9
3811	1789657088	1789722623	1176502272	1177550847	17	16	12	15
3812	1789657088	1789722623	1176502272	1177550847	6	16	12	32
3813	1178337280	1178402815	1700790272	1701838847	6	16	12	38
3814	1178337280	1178402815	1700790272	1701838847	17	16	12	13
3815	1559429120	1559494655	340787200	341835775	17	16	12	5
3816	1559429120	1559494655	340787200	341835775	6	16	12	5
3817	2364276736	2364342271	3309305856	3310354431	17	16	12	22
3818	2364276736	2364342271	3309305856	3310354431	6	16	12	34
3819	2660302848	2660368383	3309305856	3310354431	6	16	12	26
3820	2660302848	2660368383	3309305856	3310354431	17	16	12	9
3821	3015442432	3015507967	2284847104	2285895679	6	16	12	32
3822	3015442432	3015507967	2284847104	2285895679	17	16	12	19
3823	3116171264	3116236799	2838495232	2839543807	6	16	12	34
3824	3116171264	3116236799	2838495232	2839543807	17	16	12	11
3825	3977641984	3977707519	2838495232	2839543807	6	16	12	11
3826	3977641984	3977707519	2838495232	2839543807	17	16	12	5
3827	4045471744	4045537279	3770679296	3771727871	6	16	12	6
3828	1920237568	1920253951	2285895680	2290089983	6	18	10	16
3829	1920237568	1920253951	2285895680	2290089983	17	18	10	3
3830	1178402816	1178419199	1178599424	1182793727	6	18	10	4
3831	1178402816	1178419199	1178599424	1182793727	17	18	10	1
3832	1423310848	1423327231	1178599424	1182793727	17	18	10	2
3833	1423310848	1423327231	1178599424	1182793727	6	18	10	6
3834	1423310848	1423327231	335544320	339738623	6	18	10	8
3835	1423310848	1423327231	335544320	339738623	17	18	10	2
3836	2191147008	2191163391	3305111552	3309305855	6	18	10	30
3837	2191147008	2191163391	3305111552	3309305855	17	18	10	13
3838	3329163264	3329179647	2839543808	2843738111	6	18	10	13
3839	3329163264	3329179647	2839543808	2843738111	17	18	10	2
3840	3616325632	3616342015	2839543808	2843738111	17	18	10	3
3841	3616325632	3616342015	2839543808	2843738111	6	18	10	8
3842	3616325632	3616342015	3305111552	3309305855	6	18	10	1
3843	3849781248	3849797631	2285895680	2290089983	17	18	10	15
3844	3849781248	3849797631	2285895680	2290089983	6	18	10	41
3845	1920253952	1920262143	780854272	780854399	1	19	25	1
3846	3462299648	3462307839	2838432768	2838432895	1	19	25	1
3847	2107399168	2107399679	1207959552	1342177279	6	23	5	5
3848	2107399168	2107399679	1207959552	1342177279	17	23	5	3
3849	1178432512	1178433023	268435456	335544319	17	23	6	4
3850	2107398144	2107399167	1073741824	1140850687	6	22	6	3
3851	1559407616	1559408639	1073741824	1140850687	6	22	6	2
3852	1700528128	1700659199	780140544	780664831	6	15	13	38
3853	1700528128	1700659199	780140544	780664831	17	15	13	13
3854	1340866560	1340997631	780140544	780664831	6	15	13	4
3855	1423179776	1423310847	340262912	340787199	6	15	13	35
3856	1423179776	1423310847	340262912	340787199	17	15	13	16
3857	2760507392	2760638463	2284322816	2284847103	17	15	13	15
3858	2760507392	2760638463	2284322816	2284847103	6	15	13	34
3859	3328966656	3329097727	340262912	340787199	17	15	13	3
3860	3328966656	3329097727	340262912	340787199	6	15	13	18
3861	3680632832	3680763903	2837446656	2837970943	17	15	13	10
3862	3680632832	3680763903	2837446656	2837970943	6	15	13	24
3863	3977510912	3977641983	3310878720	3311403007	6	15	13	32
3864	3977510912	3977641983	3310878720	3311403007	17	15	13	7
3865	3977510912	3977641983	2837446656	2837970943	6	15	13	10
3866	3977510912	3977641983	2837446656	2837970943	17	15	13	6
3867	4045537280	4045668351	3771727872	3772252159	17	15	13	8
3868	4045537280	4045668351	3771727872	3772252159	6	15	13	10
3869	4045537280	4045668351	1701838848	1702363135	6	15	13	16
3870	4045537280	4045668351	1701838848	1702363135	17	15	13	11
3871	1207959552	1342177279	780854784	780855295	6	5	23	7
3872	1340604416	1340866559	780854500	780854503	1	14	30	1
3873	2660499456	2660761599	2838433008	2838433011	1	14	30	1
3874	1341008896	1341009919	780853248	780854271	1	22	22	1
3875	3977726976	3977727999	3310636032	3310637055	1	22	22	1
3876	3977726976	3977727999	3772742656	3772743679	1	22	22	1
3877	1341128704	1342177279	1177550848	1177616383	6	12	16	13
3878	1341128704	1342177279	1177550848	1177616383	17	12	16	4
3879	4046454784	4047503359	3772645376	3772710911	17	12	16	2
3880	4046454784	4047503359	3772645376	3772710911	6	12	16	4
3881	4046454784	4047503359	3310682112	3310747647	6	12	16	2
3882	1341009920	1341014015	1702887424	1711276031	6	20	9	5
3883	1341009920	1341014015	1702887424	1711276031	17	20	9	2
3884	1426063360	1442840575	340078592	340082687	6	8	20	3
3885	4227858432	4244635647	3772735488	3772739583	17	8	20	1
3886	1423337216	1423337343	0	1073741823	6	25	2	47
3887	1559412736	1559429119	3772742528	3772742591	1	18	26	1
3888	2913927168	2913943551	3772742528	3772742591	1	18	26	1
3889	2913927168	2913943551	3772742528	3772742591	47	18	26	1
3890	3462316032	3462332415	2838432896	2838432959	1	18	26	1
3891	3616325632	3616342015	2838432896	2838432959	1	18	26	1
3892	2281701376	2415919103	2838432896	2838432959	17	5	26	3
3893	2542824448	2542824575	2284271552	2284271583	0	25	27	1
3894	3329192192	3329192319	2838432960	2838432991	0	25	27	1
3895	3011510272	3013607423	340099072	340131839	17	11	17	1
3896	3112173568	3114270719	340099072	340131839	6	11	17	4
3897	3015530496	3015532543	3310636006	3310636007	0	21	31	1
3898	3329193984	3329196031	3310636006	3310636007	0	21	31	1
3899	3680561152	3680563199	3310636006	3310636007	0	21	31	1
3900	3116154880	3116171263	2835349504	2837446655	6	18	11	5
3901	2760439904	2760439935	2147483648	4294967295	17	27	1	8
3902	2760439904	2760439935	2147483648	4294967295	6	27	1	10
3903	3462313728	3462313855	0	536870911	6	25	3	4
3904	3329192960	3329193983	369098752	402653183	6	22	7	4
3905	3977725952	3977726463	2838429696	2838431743	1	23	21	1
3906	3858759680	3892314111	2284271616	2284273663	6	7	21	5
3907	3858759680	3892314111	2284271616	2284273663	17	7	21	3
3908	4051697664	4060086271	3310641152	3310649343	6	9	19	1
3909	4051697664	4060086271	3772727296	3772735487	6	9	19	2
3910	4051697664	4060086271	3772727296	3772735487	17	9	19	1
3911	4047503360	4051697663	3772710912	3772727295	17	10	18	1
3912	4045443584	4045444095	2290089984	2298478591	17	23	9	1
3913	3221225472	4294967295	2284271488	2284271551	6	2	26	3
3914	158990336	159121407	780854512	780854527	1	15	28	1
3915	1049886720	1050017791	1702521184	1702521199	1	15	28	1
3916	1049886720	1050017791	1702521184	1702521199	89	15	28	1
3917	3015573504	3015704575	2838432992	2838433007	1	15	28	1
3918	3328966656	3329097727	2838432992	2838433007	1	15	28	1
3919	3328966656	3329097727	2838432992	2838433007	47	15	28	1
3920	158906368	158908415	1177679600	1177679603	0	21	30	1
3921	716738560	716740607	1702521208	1702521211	0	21	30	1
3922	1050023936	1050025983	780854500	780854503	0	21	30	1
3923	2364356608	2364358655	3310636000	3310636003	0	21	30	1
3924	409518848	409518975	0	2147483647	6	25	1	69
3925	374473856	374473983	0	2147483647	6	25	1	69
3926	374603776	374865919	2284271584	2284271591	1	14	29	1
3927	3015180288	3015442431	3310636008	3310636015	1	14	29	1
3928	4244897792	4245159935	2284271584	2284271591	1	14	29	1
3929	374473984	374474239	1177679552	1177679583	0	24	27	1
3930	1050022912	1050023167	340077088	340077119	0	24	27	1
3931	1178433280	1178433535	340077088	340077119	0	24	27	1
3932	1423336960	1423337215	340077088	340077119	0	24	27	1
3933	2660293120	2660293375	3310635968	3310635999	0	24	27	1
3934	3116147712	3116147967	3772742592	3772742623	0	24	27	1
3935	374489088	374505471	1177679604	1177679604	0	18	32	1
3936	2364358656	2364375039	3310636005	3310636005	0	18	32	1
3937	374538240	374603775	780854464	780854495	1	16	27	1
3938	374538240	374603775	780854464	780854495	4	16	27	1
3939	374538240	374603775	780854464	780854495	47	16	27	1
3940	896073728	896139263	780854464	780854495	1	16	27	1
3941	1341063168	1341128703	780854464	780854495	1	16	27	1
3942	2660302848	2660368383	2838432960	2838432991	1	16	27	1
3943	2913861632	2913927167	2284271552	2284271583	1	16	27	1
3944	3329097728	3329163263	3772742592	3772742623	1	16	27	1
3945	374472704	374473727	780854504	780854511	0	22	29	1
3946	3462311936	3462312959	2838433016	2838433023	0	22	29	1
3947	609222656	610271231	1177679606	1177679607	1	12	31	1
3948	4245684224	4246732799	2284271596	2284271597	1	12	31	1
3949	608278016	608278271	0	536870911	6	24	3	14
3950	3462313472	3462313727	0	536870911	6	24	3	10
3951	3462313472	3462313727	0	536870911	17	24	3	2
3952	3329191936	3329192191	0	536870911	17	24	3	4
3953	3329191936	3329192191	0	536870911	6	24	3	10
3954	716741120	716741183	0	2147483647	17	26	1	13
3955	716741120	716741183	0	2147483647	6	26	1	25
3956	2107400000	2107400063	2147483648	4294967295	6	26	1	19
3957	2107400000	2107400063	2147483648	4294967295	17	26	1	14
3958	716741248	716741375	0	1073741823	6	25	2	32
3959	716741248	716741375	0	1073741823	17	25	2	16
3960	1423337216	1423337343	0	1073741823	17	25	2	23
3961	896037376	896037887	1702521184	1702521199	0	23	28	1
3962	1700738048	1700738559	1177679584	1177679599	0	23	28	1
3963	1178432512	1178433023	1702521184	1702521199	0	23	28	1
3964	3015528448	3015528959	2284271600	2284271615	0	23	28	1
3965	3849810432	3849810943	3310636016	3310636031	0	23	28	1
3966	4244766208	4244766719	2284271600	2284271615	0	23	28	1
3967	1559396352	1559404543	1182793728	1191182335	6	19	9	1
3968	3015530496	3015532543	369098752	402653183	6	21	7	2
3969	1920262144	1920266239	738197504	771751935	6	20	7	8
3970	3680563200	3680567295	3791650816	3825205247	17	20	7	3
3971	1920268320	1920268351	1177679616	1177679871	0	27	24	1
3972	1341008480	1341008511	1177679616	1177679871	0	27	24	1
3973	1178433248	1178433279	1702520832	1702521087	0	27	24	1
3974	1879048192	2147483647	780854784	780855295	17	4	23	19
3975	1879048192	2147483647	780854784	780855295	6	4	23	26
3976	3758096384	4026531839	3310635008	3310635519	6	4	23	3
3977	3758096384	4026531839	3772741632	3772742143	6	4	23	21
3978	3758096384	4026531839	3772741632	3772742143	17	4	23	8
3979	2097152000	2105540607	1177649152	1177665535	17	9	18	1
3980	2097152000	2105540607	1177649152	1177665535	6	9	18	2
3981	3682598912	3690987519	2838446080	2838462463	6	9	18	6
3982	3682598912	3690987519	2838446080	2838462463	17	9	18	2
3983	4051697664	4060086271	3772710912	3772727295	6	9	18	2
3984	2107399992	2107399999	780853248	780854271	0	29	22	1
3985	1789738816	1789738847	0	4294967295	6	27	0	24
3986	1789738816	1789738847	0	4294967295	17	27	0	12
3987	1423337440	1423337471	0	4294967295	6	27	0	47
3988	1423337440	1423337471	0	4294967295	17	27	0	17
3989	1341008512	1341008639	1177679488	1177679551	0	25	26	1
3990	1341030400	1341063167	780854400	780854463	1	17	26	1
3991	1423343616	1423376383	340077120	340077183	1	17	26	1
3992	1178402816	1178419199	1182793728	1191182335	6	18	9	1
3993	1073741824	1610612735	1702520832	1702521087	17	3	24	33
3994	1073741824	1610612735	1702520832	1702521087	6	3	24	58
3995	2191130624	2191134719	3310635008	3310635519	1	20	23	1
3996	2147483648	2181038079	2838433792	2838437887	17	7	20	1
3997	2147483648	2181038079	2838433792	2838437887	6	7	20	3
3998	2952790016	2986344447	340078592	340082687	17	7	20	1
3999	2952790016	2986344447	340078592	340082687	6	7	20	3
4000	4060086272	4093640703	3772735488	3772739583	6	7	20	1
4001	2364342272	2364350463	3310636004	3310636004	0	19	32	1
4002	2660294656	2660302847	352321536	369098751	6	19	8	3
4003	3977732096	3977740287	2818572288	2835349503	17	19	8	2
4004	2543845376	2545942527	3310636004	3310636004	1	11	32	1
4005	3015528448	3015528959	3221225472	3288334335	17	23	6	1
4006	2760440320	2760440831	0	536870911	6	23	3	10
4007	3462313728	3462313855	0	536870911	17	25	3	2
4008	3462332416	3462397951	3772776448	3774873599	6	16	11	6
4009	3462332416	3462397951	3772776448	3774873599	17	16	11	3
4010	4244635648	4244701183	2281701376	2283798527	17	16	11	4
4011	4244635648	4244701183	2281701376	2283798527	6	16	11	5
4012	3329192960	3329193983	402653184	536870911	6	22	5	5
4013	3616313344	3616315391	340077568	340078591	17	21	22	1
4014	3977723904	3977725951	3310636032	3310637055	1	21	22	1
4015	3849811968	3849814015	3772742656	3772743679	1	21	22	1
4016	4045445120	4045447167	3772742656	3772743679	1	21	22	1
4017	3680561152	3680563199	2885681152	2952790015	17	21	6	1
4018	3849811968	3849814015	2348810240	2415919103	6	21	6	6
4019	3977726976	3977727999	2838429696	2838431743	1	22	21	1
4020	3892314112	3959422975	2838429696	2838431743	6	6	21	7
4021	3892314112	3959422975	2838429696	2838431743	17	6	21	2
4022	3758096384	3825205247	3772739584	3772741631	17	6	21	3
4023	3758096384	3825205247	3772739584	3772741631	6	6	21	3
4024	4160749568	4227858431	3772739584	3772741631	17	6	21	1
4025	3977707520	3977723903	3310635776	3310635903	1	18	25	1
4026	4227858432	4244635647	3772727296	3772735487	6	8	19	2
4027	4244765696	4244765759	3310635776	3310635903	0	26	25	1
4028	4045443584	4045444095	2285895680	2290089983	6	23	10	1
4029	4045443584	4045444095	3310637056	3310641151	1	23	20	1
4030	3221225472	4294967295	2284271360	2284271487	6	2	25	43
4031	3221225472	4294967295	2284271360	2284271487	17	2	25	21
4032	0	4294967295	1702521152	1702521183	6	0	27	92
4033	0	4294967295	1702521152	1702521183	17	0	27	60
4034	48037888	48103423	1177679488	1177679551	1	16	26	1
4035	158859264	158892031	780854272	780854399	1	17	25	1
4036	896040960	896073727	1702521216	1702521343	1	17	25	1
4037	1050050560	1050083327	340077184	340077311	1	17	25	1
4038	2542829568	2542862335	3310635776	3310635903	1	17	25	1
4039	2913959936	2913992703	2284271360	2284271487	1	17	25	1
4040	2913959936	2913992703	2284271360	2284271487	4	17	25	1
4041	4244701184	4244733951	3772742400	3772742527	1	17	25	1
4042	158900224	158904319	1177679600	1177679603	0	20	30	1
4043	409522176	409526271	780854500	780854503	0	20	30	1
4044	1789730816	1789734911	1177679600	1177679603	0	20	30	1
4045	1341009920	1341014015	780854500	780854503	0	20	30	1
4046	158908416	158924799	1182793728	1191182335	6	18	9	3
4047	409518848	409518975	0	2147483647	17	25	1	33
4048	374473856	374473983	0	2147483647	17	25	1	35
4049	2107400064	2107400191	2147483648	4294967295	6	25	1	35
4050	2107400064	2107400191	2147483648	4294967295	17	25	1	14
4051	2364355712	2364355839	2147483648	4294967295	6	25	1	65
4052	2364355712	2364355839	2147483648	4294967295	17	25	1	32
4053	374474240	374474751	1177679552	1177679583	0	23	27	1
4054	1920268800	1920269311	780854464	780854495	0	23	27	1
4055	2107399168	2107399679	780854464	780854495	0	23	27	1
4056	2107399168	2107399679	1177679552	1177679583	0	23	27	1
4057	3329192448	3329192959	2838432960	2838432991	0	23	27	1
4058	3680559616	3680560127	3772742592	3772742623	0	23	27	1
4059	4045443584	4045444095	2284271552	2284271583	0	23	27	1
4060	374474752	374476799	536870912	671088639	6	21	5	23
4061	374474752	374476799	536870912	671088639	17	21	5	2
4062	3116148736	3116150783	3892314112	4026531839	6	21	5	19
4063	3116148736	3116150783	3892314112	4026531839	17	21	5	6
4064	3116148736	3116150783	2147483648	2281701375	17	21	5	6
4065	3462313984	3462316031	402653184	536870911	6	21	5	11
4066	608436224	608698367	1177679584	1177679599	1	14	28	1
4067	1919942656	1920204799	780854512	780854527	1	14	28	1
4068	1919942656	1920204799	780854512	780854527	4	14	28	1
4069	2191261696	2191523839	3310636016	3310636031	1	14	28	1
4070	2660499456	2660761599	3310636016	3310636031	1	14	28	1
4071	3328704512	3328966655	2838432992	2838433007	1	14	28	1
4072	3328704512	3328966655	2838432992	2838433007	47	14	28	1
4073	608278016	608278271	0	536870911	17	24	3	4
4074	716741196	716741199	1177673728	1177677823	0	30	20	1
4075	2107399984	2107399987	780857344	780861439	0	30	20	1
4076	896037888	896038911	780854512	780854527	0	22	28	1
4077	1341008896	1341009919	1177679584	1177679599	0	22	28	1
4078	2760440832	2760441855	2284271600	2284271615	0	22	28	1
4079	3849810944	3849811967	3310636016	3310636031	0	22	28	1
4080	4244764672	4244765695	2284271600	2284271615	0	22	28	1
4081	896037888	896038911	1879048192	2147483647	17	22	4	25
4082	896037888	896038911	1879048192	2147483647	6	22	4	45
4083	1423335424	1423336447	0	268435455	17	22	4	14
4084	1423335424	1423336447	0	268435455	6	22	4	34
4085	2542823424	2542824447	3489660928	3758096383	6	22	4	32
4086	2542823424	2542824447	3489660928	3758096383	17	22	4	17
4087	896024576	896032767	1702521344	1702521855	1	19	23	1
4088	3680550912	3680559103	2838433280	2838433791	1	19	23	1
4089	3680550912	3680559103	2838433280	2838433791	89	19	23	1
4090	896038912	896040959	2284271584	2284271591	0	21	29	1
4091	4045445120	4045447167	3772742640	3772742647	0	21	29	1
4092	1050023424	1050023935	1610612736	2147483647	6	23	3	56
4093	1050023424	1050023935	1610612736	2147483647	17	23	3	28
4094	2364356096	2364356607	0	536870911	6	23	3	9
4095	2364356096	2364356607	0	536870911	17	23	3	3
4096	2760440320	2760440831	0	536870911	17	23	3	3
4097	3680559616	3680560127	3758096384	4294967295	6	23	3	29
4098	3680559616	3680560127	3758096384	4294967295	17	23	3	18
4099	3849810432	3849810943	3758096384	4294967295	6	23	3	28
4100	3849810432	3849810943	3758096384	4294967295	17	23	3	5
4101	1050083328	1050148863	784334848	788529151	6	16	10	10
4102	3977641984	3977707519	2839543808	2843738111	6	16	10	17
4103	3977641984	3977707519	2839543808	2843738111	17	16	10	3
4104	1050025984	1050034175	788529152	805306367	6	19	8	1
4105	3977732096	3977740287	2818572288	2835349503	6	19	8	6
4106	1050023936	1050025983	780855296	780857343	1	21	21	1
4107	1920335872	1920466943	780854464	780854495	1	15	27	1
4108	1340866560	1340997631	1177679552	1177679583	1	15	27	1
4109	1559232512	1559363583	1177679552	1177679583	1	15	27	1
4110	3116236800	3116367871	3772742592	3772742623	1	15	27	1
4111	1879048192	2013265919	1702518784	1702520831	6	5	21	2
4112	1946157056	2013265919	780857344	780861439	17	6	20	4
4113	1946157056	2013265919	780857344	780861439	6	6	20	4
4114	4093640704	4160749567	3772735488	3772739583	17	6	20	1
4115	4093640704	4160749567	3772735488	3772739583	6	6	20	2
4116	1920262144	1920266239	1177677824	1177678847	1	20	22	1
4117	1341009920	1341014015	780853248	780854271	1	20	22	1
4118	2660286464	2660290559	2838431744	2838432767	1	20	22	1
4119	3977728000	3977732095	3772742656	3772743679	47	20	22	1
4120	3977728000	3977732095	3772742656	3772743679	1	20	22	1
4121	1920262144	1920266239	738197504	771751935	17	20	7	1
4122	2107398144	2107399167	1073741824	1140850687	17	22	6	2
4123	4045444096	4045445119	2298478592	2315255807	17	22	8	1
4124	2107408384	2107441151	1182793728	1191182335	17	17	9	3
4125	2107375616	2107391999	1140850688	1174405119	6	18	7	16
4126	2105540608	2106589183	1177679600	1177679603	1	12	30	1
4127	3114270720	3115319295	3772742652	3772742655	1	12	30	1
4128	1789738752	1789738815	0	4294967295	6	26	0	61
4129	1789738752	1789738815	0	4294967295	17	26	0	38
4130	1178433152	1178433215	0	4294967295	17	26	0	38
4131	1178433152	1178433215	0	4294967295	6	26	0	61
4132	1559406848	1559406911	0	4294967295	17	26	0	35
4133	1559406848	1559406911	0	4294967295	6	26	0	74
4134	1788870656	1789394943	780926976	781189119	6	13	14	4
4135	1788870656	1789394943	780926976	781189119	17	13	14	1
4136	1340997632	1341005823	1177679606	1177679607	0	19	31	1
4137	1423336960	1423337215	0	1073741823	6	24	2	57
4138	1423336960	1423337215	0	1073741823	17	24	2	23
4139	4244765952	4244766207	2147483648	3221225471	6	24	2	35
4140	4244765952	4244766207	2147483648	3221225471	17	24	2	16
4141	1559406976	1559407103	340077184	340077311	0	25	25	1
4142	3116148096	3116148223	3772742400	3772742527	0	25	25	1
4143	4045447168	4045455359	3288334336	3305111551	6	19	8	1
4144	2660237312	2660270079	3310636005	3310636005	0	17	32	1
4145	2660293120	2660293375	3310635904	3310635967	0	24	26	1
4146	2542829568	2542862335	335544320	339738623	6	17	10	1
4147	3329196032	3329228799	335544320	339738623	6	17	10	2
4148	3112173568	3114270719	340131840	340262911	6	11	15	1
4149	3115319296	3115843583	2838433016	2838433023	1	13	29	1
4150	2760409088	2760425471	3774873600	3791650815	17	18	8	10
4151	2760409088	2760425471	3774873600	3791650815	6	18	8	15
4152	2760440320	2760440831	2147483648	3221225471	6	23	2	49
4153	2760439808	2760439871	3772742144	3772742399	0	26	24	1
4154	3977726464	3977726527	3310635520	3310635775	0	26	24	1
4155	3849810240	3849810303	2284271104	2284271359	0	26	24	1
4156	4244765696	4244765759	3772742144	3772742399	0	26	24	1
4157	3462307840	3462311935	3825205248	3892314111	17	20	6	4
4158	3462307840	3462311935	3825205248	3892314111	6	20	6	8
4159	3329179648	3329187839	2852126720	2885681151	6	19	7	14
4160	3329163264	3329179647	2838433024	2838433279	1	18	24	1
4161	3977707520	3977723903	2838433024	2838433279	1	18	24	1
4162	3329192960	3329193983	402653184	536870911	17	22	5	1
4163	3680534528	3680550911	3310636004	3310636004	0	18	32	1
4164	3680561152	3680563199	2885681152	2952790015	6	21	6	5
4165	3680559104	3680559135	3310635008	3310635519	0	27	23	1
4166	3680763904	3681026047	3770679296	3771727871	6	14	12	12
4167	3992977408	4026531839	3772727296	3772735487	6	7	19	3
4168	3849811968	3849814015	2415919104	2684354559	6	21	4	16
4169	4244764672	4244765695	3772735488	3772739583	1	22	20	1
4170	4045444096	4045445119	2284265472	2284269567	1	22	20	1
4171	4045930496	4046454783	3771727872	3772252159	17	13	13	2
4172	4047503360	4051697663	3772743680	3772776447	6	10	17	1
4173	4045443200	4045443327	3310649344	3310682111	1	25	17	1
4174	0	4294967295	1702521088	1702521151	6	0	26	20
4175	0	4294967295	1702521088	1702521151	17	0	26	8
4176	47185920	47710207	780854512	780854527	1	13	28	1
4177	608698368	609222655	340077056	340077071	1	13	28	1
4178	33554432	41943039	780854496	780854496	1	9	32	1
4179	158904448	158904511	1177678848	1177679359	0	26	23	1
4180	716741120	716741183	780854784	780855295	0	26	23	1
4181	3462313856	3462313919	340076544	340077055	0	26	23	1
4182	3329192384	3329192447	340076544	340077055	0	26	23	1
4183	3977726464	3977726527	3772741632	3772742143	0	26	23	1
4184	4045443072	4045443135	2284270592	2284271103	0	26	23	1
4185	409731072	409993215	1177679552	1177679583	1	14	27	1
4186	1559494656	1559756799	1177679552	1177679583	1	14	27	1
4187	3461873664	3462135807	3310635968	3310635999	1	14	27	1
4188	373293056	374341631	1177679608	1177679615	1	12	29	1
4189	2760900608	2761949183	2838433016	2838433023	1	12	29	1
4190	385875968	402653183	1177616384	1177649151	6	8	17	11
4191	385875968	402653183	1177616384	1177649151	17	8	17	1
4192	620756992	637534207	1177616384	1177649151	6	8	17	13
4193	620756992	637534207	1177616384	1177649151	17	8	17	8
4194	4227858432	4244635647	3772743680	3772776447	6	8	17	8
4195	4227858432	4244635647	3772743680	3772776447	17	8	17	1
4196	4026531840	4043309055	3310649344	3310682111	17	8	17	3
4197	4026531840	4043309055	3310649344	3310682111	6	8	17	6
4198	374474752	374476799	1177679584	1177679599	0	21	28	1
4199	1789734912	1789736959	780854512	780854527	0	21	28	1
4200	1559404544	1559406591	1702521184	1702521199	0	21	28	1
4201	2913955840	2913957887	2284271600	2284271615	0	21	28	1
4202	3849811968	3849814015	3310636016	3310636031	0	21	28	1
4203	3116148736	3116150783	2147483648	2281701375	6	21	5	9
4204	3616313344	3616315391	402653184	536870911	6	21	5	1
4205	608174080	608239615	343932928	352321535	6	16	9	22
4206	608174080	608239615	343932928	352321535	17	16	9	11
4207	1700659200	1700724735	771751936	780140543	6	16	9	31
4208	1700659200	1700724735	771751936	780140543	17	16	9	9
4209	3616342016	3616407551	3758096384	3766484991	6	16	9	10
4210	3616342016	3616407551	3758096384	3766484991	17	16	9	3
4211	671088640	704643071	780828672	780845055	17	7	18	2
4212	671088640	704643071	780828672	780845055	6	7	18	1
4213	2113929216	2147483647	780828672	780845055	6	7	18	12
4214	2113929216	2147483647	780828672	780845055	17	7	18	5
4215	1744830464	1778384895	1177649152	1177665535	6	7	18	12
4216	1744830464	1778384895	1177649152	1177665535	17	7	18	2
4217	1577058304	1610612735	340082688	340099071	6	7	18	5
4218	1577058304	1610612735	340082688	340099071	17	7	18	1
4219	2919235584	2952790015	2284273664	2284290047	17	7	18	1
4220	2919235584	2952790015	2284273664	2284290047	6	7	18	15
4221	4060086272	4093640703	3772710912	3772727295	17	7	18	2
4222	4060086272	4093640703	3772710912	3772727295	6	7	18	13
4223	716701696	716734463	780854528	780854783	1	17	24	1
4224	716750848	716767231	1711276032	1744830463	17	18	7	7
4225	716750848	716767231	1711276032	1744830463	6	18	7	19
4226	1050034176	1050050559	738197504	771751935	6	18	7	3
4227	1050034176	1050050559	369098752	402653183	6	18	7	13
4228	1050034176	1050050559	369098752	402653183	17	18	7	6
4229	2107375616	2107391999	1140850688	1174405119	17	18	7	9
4230	2191147008	2191163391	2852126720	2885681151	6	18	7	12
4231	2191147008	2191163391	2852126720	2885681151	17	18	7	8
4232	716741248	716741375	780854528	780854783	0	25	24	1
4233	1341008512	1341008639	3772742144	3772742399	0	25	24	1
4234	2760439936	2760440063	340077312	340077567	0	25	24	1
4235	2760439936	2760440063	3772742144	3772742399	0	25	24	1
4236	1050083328	1050148863	1694498816	1698693119	6	16	10	6
4237	1050083328	1050148863	1694498816	1698693119	17	16	10	1
4238	1920262144	1920266239	1177679608	1177679615	0	20	29	1
4239	3116150784	3116154879	2838433016	2838433023	0	20	29	1
4240	3616309248	3616313343	3310636008	3310636015	0	20	29	1
4241	2107400192	2107408383	1702521856	1702522879	1	19	22	1
4242	2107400192	2107408383	671088640	738197503	17	19	6	4
4243	2107400192	2107408383	671088640	738197503	6	19	6	21
4244	2107400192	2107408383	1073741824	1140850687	6	19	6	22
4245	2107400192	2107408383	1073741824	1140850687	17	19	6	8
4246	3015532544	3015540735	3221225472	3288334335	6	19	6	21
4247	3015532544	3015540735	3221225472	3288334335	17	19	6	5
4248	3462299648	3462307839	3825205248	3892314111	6	19	6	13
4249	2107113472	2107375615	1700790272	1701838847	6	14	12	4
4250	2107113472	2107375615	1700790272	1701838847	17	14	12	2
4251	3680763904	3681026047	3770679296	3771727871	17	14	12	1
4252	2107399680	2107399935	1702521216	1702521343	0	24	25	1
4253	1789738496	1789738751	1702521216	1702521343	0	24	25	1
4254	1559406592	1559406847	340077184	340077311	0	24	25	1
4255	4244765952	4244766207	2284271360	2284271487	0	24	25	1
4256	2107408384	2107441151	1182793728	1191182335	6	17	9	7
4257	1700739072	1700741119	805306368	1073741823	6	21	4	51
4258	1700739072	1700741119	805306368	1073741823	17	21	4	21
4259	3849811968	3849814015	2415919104	2684354559	17	21	4	6
4260	1700724736	1700732927	3772742652	3772742655	0	19	30	1
4261	1178419200	1178427391	3772742652	3772742655	0	19	30	1
4262	1789736960	1789737983	780854464	780854495	0	22	27	1
4263	2191134720	2191135743	3310635968	3310635999	0	22	27	1
4264	2913958912	2913959935	3772742592	3772742623	0	22	27	1
4265	1789738496	1789738751	1178599424	1182793727	17	24	10	1
4266	1341007872	1341008383	780854400	780854463	0	23	26	1
4267	1422917632	1423179775	341835776	343932927	6	14	11	32
4268	1422917632	1423179775	341835776	343932927	17	14	11	11
4269	2364014592	2364276735	2835349504	2837446655	6	14	11	25
4270	2364014592	2364276735	2835349504	2837446655	17	14	11	6
4271	2543058944	2543321087	3311403008	3313500159	17	14	11	10
4272	2543058944	2543321087	3311403008	3313500159	6	14	11	28
4273	1342177280	1610612735	340074496	340076543	6	4	21	6
4274	3221225472	3489660927	2838429696	2838431743	17	4	21	5
4275	3221225472	3489660927	2838429696	2838431743	6	4	21	3
4276	3221225472	3489660927	3772739584	3772741631	6	4	21	27
4277	3221225472	3489660927	3772739584	3772741631	17	4	21	17
4278	1559407616	1559408639	1073741824	1140850687	17	22	6	1
4279	3977726976	3977727999	2885681152	2952790015	17	22	6	1
4280	2193620992	2197815295	3310354432	3310616575	6	10	14	12
4281	2214592512	2281701375	3310641152	3310649343	6	6	19	6
4282	2214592512	2281701375	3310641152	3310649343	17	6	19	4
4283	3154116608	3221225471	2284257280	2284265471	6	6	19	11
4284	3154116608	3221225471	2284257280	2284265471	17	6	19	6
4285	4160749568	4227858431	3772727296	3772735487	6	6	19	11
4286	4160749568	4227858431	3772727296	3772735487	17	6	19	5
4287	4093640704	4160749567	3772727296	3772735487	6	6	19	6
4288	4093640704	4160749567	3772727296	3772735487	17	6	19	2
4289	4093640704	4160749567	3310641152	3310649343	6	6	19	5
4290	4093640704	4160749567	3310641152	3310649343	17	6	19	1
4291	2189426688	2190475263	3310878720	3311403007	6	12	13	23
4292	2189426688	2190475263	3310878720	3311403007	17	12	13	8
4293	4046454784	4047503359	3771727872	3772252159	6	12	13	7
4294	2191136256	2191136767	2147483648	3221225471	6	23	2	63
4295	2191136256	2191136767	2147483648	3221225471	17	23	2	33
4296	2760440320	2760440831	2147483648	3221225471	17	23	2	24
4297	2364375040	2364407807	3288334336	3305111551	17	17	8	1
4298	2364375040	2364407807	3288334336	3305111551	6	17	8	3
4299	2542829568	2542862335	352321536	369098751	17	17	8	3
4300	2542829568	2542862335	352321536	369098751	6	17	8	2
4301	2913959936	2913992703	352321536	369098751	6	17	8	7
4302	3329196032	3329228799	352321536	369098751	6	17	8	7
4303	3680501760	3680534527	2818572288	2835349503	6	17	8	20
4304	3680501760	3680534527	2818572288	2835349503	17	17	8	6
4305	2660293616	2660293631	3310632960	3310635007	0	28	21	1
4306	3011510272	3013607423	340131840	340262911	17	11	15	1
4307	3015704576	3019898879	3310636006	3310636007	1	10	31	1
4308	3015524352	3015528447	3355443200	3489660927	6	20	5	31
4309	3015524352	3015528447	3355443200	3489660927	17	20	5	16
4310	2760433664	2760437759	3892314112	4026531839	17	20	5	1
4311	2913951744	2913955839	3892314112	4026531839	6	20	5	33
4312	2913951744	2913955839	3892314112	4026531839	17	20	5	13
4313	3329187840	3329191935	2684354560	2818572287	17	20	5	17
4314	3329187840	3329191935	2684354560	2818572287	6	20	5	34
4315	2760425472	2760433663	369098752	402653183	6	19	7	3
4316	2760425472	2760433663	369098752	402653183	17	19	7	1
4317	2760439904	2760439935	2284269568	2284270591	0	27	22	1
4318	2761949184	2764046335	2837970944	2838233087	6	11	14	3
4319	2760440832	2760441855	0	536870911	6	22	3	3
4320	3329192960	3329193983	0	536870911	6	22	3	19
4321	3329192960	3329193983	0	536870911	17	22	3	6
4322	3616316416	3616317439	3758096384	4294967295	17	22	3	2
4323	2913730560	2913861631	335544320	339738623	6	15	10	14
4324	2913730560	2913861631	335544320	339738623	17	15	10	7
4325	2913730560	2913861631	3772742528	3772742591	1	15	26	1
4326	2913730560	2913861631	2284271488	2284271551	1	15	26	1
4327	4045444096	4045445119	3772727296	3772735487	1	22	19	1
4328	4045444096	4045445119	3310641152	3310649343	1	22	19	1
4329	3221225472	3355443199	340078592	340082687	6	5	20	10
4330	3221225472	3355443199	340078592	340082687	17	5	20	2
4331	3892314112	4026531839	2838433792	2838437887	6	5	20	1
4332	3892314112	4026531839	2838433792	2838437887	17	5	20	2
4333	4026531840	4160749567	2284265472	2284269567	6	5	20	13
4334	4026531840	4160749567	2284265472	2284269567	17	5	20	7
4335	3329179648	3329187839	2852126720	2885681151	17	19	7	3
4336	3615490048	3616014335	1701838848	1702363135	6	13	13	1
4337	3615490048	3616014335	1701838848	1702363135	17	13	13	1
4338	4045930496	4046454783	3771727872	3772252159	6	13	13	5
4339	3616313344	3616315391	369098752	402653183	17	21	7	1
4340	3680559232	3680559359	2838233088	2838364159	17	25	15	1
4341	3977728000	3977732095	2838429696	2838431743	1	20	21	1
4342	4244765952	4244766207	2147483648	4294967295	6	24	1	16
4343	4244765952	4244766207	2147483648	4294967295	17	24	1	7
4344	4045443328	4045443583	2147483648	4294967295	17	24	1	8
4345	4045443328	4045443583	2147483648	4294967295	6	24	1	15
4346	4060086272	4093640703	3772735488	3772739583	17	7	20	2
4347	4051697664	4060086271	3772645376	3772710911	17	9	16	1
4348	4047503360	4051697663	3772514304	3772645375	17	10	15	1
4349	4047503360	4051697663	3772514304	3772645375	6	10	15	4
4350	4047503360	4051697663	3772645376	3772710911	6	10	16	1
4351	2147483648	4294967295	340077312	340077567	6	1	24	12
4352	2147483648	4294967295	340077312	340077567	17	1	24	4
4353	2147483648	4294967295	1702521215	1702521215	1	1	32	1
4354	3221225472	4294967295	340076544	340077055	6	2	23	12
4355	3221225472	4294967295	340076544	340077055	17	2	23	6
4356	4046454784	4047503359	1702625280	1702887423	6	12	14	1
4357	4045443328	4045443583	2284290048	2284322815	1	24	17	1
4358	4045445120	4045447167	2284265472	2284269567	1	21	20	1
4359	41943040	46137343	780854500	780854503	1	10	30	1
4360	158892032	158900223	536870912	671088639	6	19	5	20
4361	158892032	158900223	536870912	671088639	17	19	5	9
4362	608280576	608288767	402653184	536870911	17	19	5	6
4363	608280576	608288767	402653184	536870911	6	19	5	18
4364	1700724736	1700732927	3892314112	4026531839	17	19	5	2
4365	1700724736	1700732927	3892314112	4026531839	6	19	5	5
4366	1559396352	1559404543	1207959552	1342177279	6	19	5	14
4367	1559396352	1559404543	1207959552	1342177279	17	19	5	2
4368	155189248	157286399	1178075136	1178599423	6	11	13	23
4369	155189248	157286399	1178075136	1178599423	17	11	13	6
4370	713031680	715128831	1701838848	1702363135	6	11	13	20
4371	713031680	715128831	1701838848	1702363135	17	11	13	7
4372	158908416	158924799	340077076	340077079	0	18	30	1
4373	1559412736	1559429119	1177679600	1177679603	0	18	30	1
4374	157286400	158334975	340077056	340077071	1	12	28	1
4375	4245684224	4246732799	1702521184	1702521199	1	12	28	1
4376	374476800	374480895	780854512	780854527	0	20	28	1
4377	3015524352	3015528447	2284271600	2284271615	0	20	28	1
4378	3116150784	3116154879	2284271600	2284271615	0	20	28	1
4379	2760433664	2760437759	2284271600	2284271615	0	20	28	1
4380	603979776	608174079	339738624	340000767	6	10	14	13
4381	2193620992	2197815295	3310354432	3310616575	17	10	14	7
4382	4047503360	4051697663	1702625280	1702887423	17	10	14	1
4383	608305152	608436223	343932928	352321535	6	15	9	13
4384	608305152	608436223	343932928	352321535	17	15	9	4
4385	3616407552	3616538623	2843738112	2852126719	6	15	9	25
4386	3616407552	3616538623	2843738112	2852126719	17	15	9	8
4387	608174080	608239615	788529152	805306367	17	16	8	2
4388	608174080	608239615	788529152	805306367	6	16	8	15
4389	1920270336	1920335871	788529152	805306367	6	16	8	10
4390	1920270336	1920335871	788529152	805306367	17	16	8	2
4391	1920270336	1920335871	1191182336	1207959551	6	16	8	18
4392	1920270336	1920335871	1191182336	1207959551	17	16	8	11
4393	2913861632	2913927167	2818572288	2835349503	17	16	8	2
4394	2913861632	2913927167	2818572288	2835349503	6	16	8	3
4395	716963840	717225983	1694498816	1698693119	6	14	10	30
4396	716963840	717225983	1694498816	1698693119	17	14	10	10
4397	1700265984	1700528127	784334848	788529151	6	14	10	23
4398	1700265984	1700528127	784334848	788529151	17	14	10	4
4399	1340604416	1340866559	1178599424	1182793727	6	14	10	17
4400	1340604416	1340866559	1178599424	1182793727	17	14	10	9
4401	716741216	716741247	340074496	340076543	0	27	21	1
4402	4045443168	4045443199	3772739584	3772741631	0	27	21	1
4403	716741376	716741631	0	4294967295	6	24	0	60
4404	716741376	716741631	0	4294967295	17	24	0	35
4405	896037120	896037375	0	4294967295	17	24	0	12
4406	896037120	896037375	0	4294967295	6	24	0	35
4407	716734464	716738559	2415919104	2684354559	17	20	4	2
4408	716734464	716738559	2415919104	2684354559	6	20	4	2
4409	1050017792	1050021887	805306368	1073741823	6	20	4	22
4410	1050017792	1050021887	805306368	1073741823	17	20	4	5
4411	1341009920	1341014015	4026531840	4294967295	17	20	4	3
4412	1341009920	1341014015	4026531840	4294967295	6	20	4	8
4413	4045438976	4045443071	2415919104	2684354559	6	20	4	35
4414	4045438976	4045443071	2415919104	2684354559	17	20	4	12
4415	896036912	896036919	1698693120	1700790271	1	29	11	1
4416	896040960	896073727	2315255808	2348810239	6	17	7	15
4417	896040960	896073727	2315255808	2348810239	17	17	7	3
4418	2107408384	2107441151	1140850688	1174405119	17	17	7	4
4419	2107408384	2107441151	1140850688	1174405119	6	17	7	7
4420	1178435584	1178468351	1140850688	1174405119	17	17	7	4
4421	1178435584	1178468351	1140850688	1174405119	6	17	7	17
4422	2542829568	2542862335	369098752	402653183	6	17	7	10
4423	2542829568	2542862335	369098752	402653183	17	17	7	6
4424	2913959936	2913992703	369098752	402653183	17	17	7	4
4425	2913959936	2913992703	369098752	402653183	6	17	7	5
4426	3329196032	3329228799	369098752	402653183	6	17	7	13
4427	3329196032	3329228799	369098752	402653183	17	17	7	1
4428	3849814016	3849846783	3791650816	3825205247	6	17	7	5
4429	3849814016	3849846783	2315255808	2348810239	6	17	7	31
4430	3849814016	3849846783	2315255808	2348810239	17	17	7	16
4431	1920269312	1920270335	780854400	780854463	0	22	26	1
4432	1423335424	1423336447	340077120	340077183	0	22	26	1
4433	3616316416	3616317439	2838432896	2838432959	0	22	26	1
4434	1920237568	1920253951	671088640	738197503	17	18	6	15
4435	1920237568	1920253951	671088640	738197503	6	18	6	30
4436	2760409088	2760425471	2348810240	2415919103	17	18	6	10
4437	2760409088	2760425471	2348810240	2415919103	6	18	6	22
4438	1920266240	1920268287	1177679552	1177679583	0	21	27	1
4439	2542821376	2542823423	3310635968	3310635999	0	21	27	1
4440	2013265920	2080374783	1177649152	1177665535	6	6	18	3
4441	2013265920	2080374783	1177649152	1177665535	17	6	18	2
4442	3462299648	3462307839	3825205248	3892314111	17	19	6	4
4443	2107399168	2107399679	780854272	780854399	0	23	25	1
4444	1700738048	1700738559	1702521216	1702521343	0	23	25	1
4445	2364356096	2364356607	3310635776	3310635903	0	23	25	1
4446	3116148224	3116148735	2284271360	2284271487	0	23	25	1
4447	3616315392	3616315903	2838432768	2838432895	0	23	25	1
4448	1178075136	1178337279	340077120	340077183	1	14	26	1
4449	1559494656	1559756799	1177679488	1177679551	1	14	26	1
4450	3461873664	3462135807	2838432896	2838432959	1	14	26	1
4451	2107400000	2107400063	1177677824	1177678847	0	26	22	1
4452	1789788160	1789919231	780854272	780854399	1	15	25	1
4453	1795162112	1811939327	780861440	780926975	17	8	16	3
4454	1795162112	1811939327	780861440	780926975	6	8	16	5
4455	1341008640	1341008895	780854528	780854783	0	24	24	1
4456	3329191936	3329192191	340077312	340077567	0	24	24	1
4457	3680559360	3680559615	3310635520	3310635775	0	24	24	1
4458	3849809920	3849810175	2284271104	2284271359	0	24	24	1
4459	4045443328	4045443583	3772742144	3772742399	0	24	24	1
4460	1191182336	1207959551	1177679604	1177679604	0	8	32	1
4461	2667577344	2684354559	2838433013	2838433013	0	8	32	1
4462	1342177280	1610612735	1177673728	1177677823	6	4	20	3
4463	1558183936	1559232511	340787200	341835775	6	12	12	12
4464	1558183936	1559232511	340787200	341835775	17	12	12	2
4465	2760900608	2761949183	2284847104	2285895679	6	12	12	18
4466	2760900608	2761949183	2284847104	2285895679	17	12	12	6
4467	3460300800	3461349375	3770679296	3771727871	6	12	12	8
4468	1559756800	1560281087	3772742592	3772742623	1	13	27	1
4469	1559756800	1560281087	3772776448	3774873599	6	13	11	8
4470	1559756800	1560281087	3772776448	3774873599	17	13	11	3
4471	2543321088	2543845375	3311403008	3313500159	6	13	11	14
4472	2543321088	2543845375	3311403008	3313500159	17	13	11	4
4473	1559396352	1559404543	340074496	340076543	1	19	21	1
4474	2191163392	2191196159	3310636006	3310636007	0	17	31	1
4475	3329196032	3329228799	3310636006	3310636007	0	17	31	1
4476	4244701184	4244733951	3310636006	3310636007	0	17	31	1
4477	2191138816	2191147007	2838433016	2838433023	0	19	29	1
4478	2913943552	2913951743	3772742640	3772742647	0	19	29	1
4479	2190999552	2191130623	3310636005	3310636005	0	15	32	1
4480	2542927872	2543058943	3310636005	3310636005	0	15	32	1
4481	3329196032	3329228799	352321536	369098751	17	17	8	1
4482	2913959936	2913992703	352321536	369098751	17	17	8	1
4483	2542824448	2542824575	340076544	340077055	0	25	23	1
4484	3977726592	3977726719	3310635008	3310635519	0	25	23	1
4485	3011510272	3013607423	340131840	340262911	6	11	15	1
4486	2760433664	2760437759	3892314112	4026531839	6	20	5	1
4487	3116148736	3116150783	0	536870911	6	21	3	5
4488	3116148736	3116150783	0	536870911	17	21	3	5
4489	2913955840	2913957887	0	536870911	6	21	3	9
4490	2913955840	2913957887	0	536870911	17	21	3	1
4491	3329193984	3329196031	0	536870911	6	21	3	7
4492	3329193984	3329196031	0	536870911	17	21	3	3
4493	3616313344	3616315391	0	536870911	17	21	3	5
4494	3616313344	3616315391	0	536870911	6	21	3	8
4495	3116146688	3116147711	2147483648	3221225471	6	22	2	60
4496	3116146688	3116147711	2147483648	3221225471	17	22	2	24
4497	3329192960	3329193983	2147483648	3221225471	6	22	2	37
4498	3329192960	3329193983	2147483648	3221225471	17	22	2	15
4499	2751463424	2759852031	340131840	340262911	17	9	15	1
4500	2751463424	2759852031	340131840	340262911	6	9	15	3
4501	2902458368	2910846975	340131840	340262911	6	9	15	3
4502	3616316416	3616317439	3758096384	4294967295	6	22	3	1
4503	2147483648	3221225471	340077568	340078591	6	2	22	4
4504	2147483648	3221225471	340077568	340078591	17	2	22	3
4505	3221225472	4294967295	340077568	340078591	6	2	22	2
4506	2913959936	2913992703	3772741632	3772742143	1	17	23	1
4507	2913959936	2913992703	3772741632	3772742143	4	17	23	1
4508	3616317440	3616325631	2952790016	3221225471	6	19	4	23
4509	3616342016	3616407551	2838433024	2838433279	1	16	24	1
4510	3680563200	3680567295	3791650816	3825205247	6	20	7	2
4511	4045447168	4045455359	1702625280	1702887423	6	19	14	1
4512	3849715712	3849781247	3310636004	3310636004	0	16	32	1
4513	4045455360	4045471743	3772742656	3772743679	1	18	22	1
4514	2147483648	4294967295	1702521344	1702521855	6	1	23	4
4515	2147483648	4294967295	1702521344	1702521855	17	1	23	4
4516	48033792	48034815	2147483648	4294967295	17	22	1	20
4517	48033792	48034815	2147483648	4294967295	6	22	1	47
4518	716741632	716742655	0	2147483647	6	22	1	66
4519	716741632	716742655	0	2147483647	17	22	1	28
4520	1050021888	1050022911	0	2147483647	6	22	1	11
4521	1050021888	1050022911	0	2147483647	17	22	1	2
4522	1559407616	1559408639	2147483648	4294967295	6	22	1	42
4523	1559407616	1559408639	2147483648	4294967295	17	22	1	9
4524	2364354560	2364355583	2147483648	4294967295	17	22	1	28
4525	2364354560	2364355583	2147483648	4294967295	6	22	1	54
4526	2760440832	2760441855	2147483648	4294967295	6	22	1	13
4527	2760440832	2760441855	2147483648	4294967295	17	22	1	3
4528	159121408	159383551	1177679604	1177679604	0	14	32	1
4529	3616014336	3616276479	3310636005	3310636005	0	14	32	1
4530	158905344	158906367	1177679360	1177679487	0	22	25	1
4531	1920269312	1920270335	1177679360	1177679487	0	22	25	1
4532	2107398144	2107399167	780854272	780854399	0	22	25	1
4533	2107398144	2107399167	1702521216	1702521343	0	22	25	1
4534	3849810944	3849811967	3310635776	3310635903	0	22	25	1
4535	409526272	409534463	1177679584	1177679599	0	19	28	1
4536	2542813184	2542821375	3310636016	3310636031	0	19	28	1
4537	409520128	409522175	340077120	340077183	0	21	26	1
4538	3116148736	3116150783	3772742528	3772742591	0	21	26	1
4539	2760437760	2760439807	3772742528	3772742591	0	21	26	1
4540	2913955840	2913957887	2284271488	2284271551	0	21	26	1
4541	409522176	409526271	0	536870911	6	20	3	43
4542	409522176	409526271	0	536870911	17	20	3	13
4543	896032768	896036863	1610612736	2147483647	6	20	3	22
4544	896032768	896036863	1610612736	2147483647	17	20	3	7
4545	1423339520	1423343615	1610612736	2147483647	17	20	3	8
4546	1423339520	1423343615	1610612736	2147483647	6	20	3	19
4547	1559408640	1559412735	0	536870911	6	20	3	43
4548	1559408640	1559412735	0	536870911	17	20	3	22
4549	2913951744	2913955839	0	536870911	6	20	3	13
4550	2913951744	2913955839	0	536870911	17	20	3	7
4551	3680563200	3680567295	3758096384	4294967295	6	20	3	52
4552	3680563200	3680567295	3758096384	4294967295	17	20	3	10
4553	374603776	374865919	1182793728	1191182335	17	14	9	1
4554	3977248768	3977510911	2843738112	2852126719	6	14	9	5
4555	3849322496	3849584639	3313500160	3321888767	6	14	9	4
4556	3849322496	3849584639	3313500160	3321888767	17	14	9	3
4557	374476800	374480895	340077088	340077119	0	20	27	1
4558	608272384	608276479	1177679552	1177679583	0	20	27	1
4559	896032768	896036863	1702521152	1702521183	0	20	27	1
4560	1050017792	1050021887	2284271552	2284271583	0	20	27	1
4561	1178427392	1178431487	1177679552	1177679583	0	20	27	1
4562	3116150784	3116154879	2838432960	2838432991	0	20	27	1
4563	603979776	608174079	339738624	340000767	17	10	14	3
4564	608277504	608278015	0	4294967295	17	23	0	26
4565	608277504	608278015	0	4294967295	6	23	0	69
4566	1559407104	1559407615	0	4294967295	6	23	0	59
4567	1559407104	1559407615	0	4294967295	17	23	0	28
4568	715128832	716177407	1702521152	1702521183	1	12	27	1
4569	1698693120	1699741695	780854464	780854495	1	12	27	1
4570	2541748224	2542796799	3310635968	3310635999	4	12	27	1
4571	2541748224	2542796799	3310635968	3310635999	1	12	27	1
4572	716740608	716741119	340077312	340077567	0	23	24	1
4573	3977725952	3977726463	3310635520	3310635775	0	23	24	1
4574	3849810432	3849810943	2284271104	2284271359	0	23	24	1
4575	716750848	716767231	1744830464	1879048191	6	18	5	21
4576	716750848	716767231	1744830464	1879048191	17	18	5	4
4577	3015507968	3015524351	3355443200	3489660927	6	18	5	11
4578	3015507968	3015524351	3355443200	3489660927	17	18	5	5
4579	4244733952	4244750335	2147483648	2281701375	17	18	5	3
4580	4244733952	4244750335	2147483648	2281701375	6	18	5	5
4581	896024576	896032767	2415919104	2684354559	6	19	4	12
4582	896024576	896032767	2415919104	2684354559	17	19	4	3
4583	3616317440	3616325631	2952790016	3221225471	17	19	4	15
4584	3616317440	3616325631	3489660928	3758096383	6	19	4	20
4585	3616317440	3616325631	3489660928	3758096383	17	19	4	6
4586	3680550912	3680559103	3489660928	3758096383	6	19	4	15
4587	3680550912	3680559103	3489660928	3758096383	17	19	4	10
4588	3849814016	3849846783	3791650816	3825205247	17	17	7	1
4589	1920204800	1920237567	1177679600	1177679603	0	17	30	1
4590	3015540736	3015573503	3310636000	3310636003	0	17	30	1
4591	2107408384	2107441151	1073741824	1140850687	6	17	6	1
4592	1786773504	1788870655	780854512	780854527	1	11	28	1
4593	1786773504	1788870655	780854512	780854527	47	11	28	1
4594	2191523840	2193620991	3310636016	3310636031	1	11	28	1
4595	1174405120	1176502271	1176502272	1177550847	6	11	12	3
4596	1174405120	1176502271	1176502272	1177550847	17	11	12	1
4597	4246732800	4248829951	1700790272	1701838847	17	11	12	1
4598	1417674752	1421869055	3772742640	3772742647	1	10	29	1
4599	4248829952	4253024255	2284271584	2284271591	47	10	29	1
4600	4248829952	4253024255	2284271584	2284271591	1	10	29	1
4601	1423337472	1423339519	0	1073741823	6	21	2	54
4602	1423337472	1423339519	0	1073741823	17	21	2	30
4603	3616313344	3616315391	2147483648	3221225471	6	21	2	54
4604	3616313344	3616315391	2147483648	3221225471	17	21	2	23
4605	4244762624	4244764671	2147483648	3221225471	6	21	2	54
4606	4244762624	4244764671	2147483648	3221225471	17	21	2	19
4607	1559429120	1559494655	1177679606	1177679607	0	16	31	1
4608	1073741824	2147483647	340074496	340076543	6	2	21	5
4609	1073741824	2147483647	340074496	340076543	17	2	21	4
4610	3221225472	4294967295	340074496	340076543	17	2	21	2
4611	3221225472	4294967295	340074496	340076543	6	2	21	3
4612	2617245696	2650800127	3310636005	3310636005	0	7	32	1
4613	2660368384	2660499455	3310636004	3310636004	0	15	32	1
4614	3462135808	3462266879	3310636004	3310636004	0	15	32	1
4615	3015507968	3015524351	2838433016	2838433023	0	18	29	1
4616	4244733952	4244750335	3772742640	3772742647	0	18	29	1
4617	3115319296	3115843583	3766484992	3770679295	17	13	10	3
4618	3328180224	3328704511	3766484992	3770679295	6	13	10	8
4619	3115843584	3116105727	3772742400	3772742527	1	14	25	1
4620	2902458368	2910846975	340131840	340262911	17	9	15	1
4621	3460300800	3461349375	3772776448	3774873599	17	12	11	1
4622	3460300800	3461349375	3772776448	3774873599	6	12	11	9
4623	3462313472	3462313727	340076544	340077055	0	24	23	1
4624	3329191936	3329192191	340076544	340077055	0	24	23	1
4625	3680559360	3680559615	2838433280	2838433791	0	24	23	1
4626	3977726720	3977726975	3310635008	3310635519	0	24	23	1
4627	3221225472	3489660927	2838437888	2838446079	6	4	19	8
4628	3680559168	3680559231	2838429696	2838431743	0	26	21	1
4629	3977726592	3977726719	2838431744	2838432767	0	25	22	1
4630	4045443200	4045443327	3772742656	3772743679	0	25	22	1
4631	4045455360	4045471743	3772735488	3772739583	6	18	20	1
4632	2147483648	4294967295	1702521856	1702522879	6	1	22	6
4633	2147483648	4294967295	1702521856	1702522879	17	1	22	2
4634	47710208	47972351	1191182336	1207959551	17	14	8	13
4635	47710208	47972351	1191182336	1207959551	6	14	8	28
4636	2543058944	2543321087	352321536	369098751	6	14	8	7
4637	2760638464	2760900607	3774873600	3791650815	6	14	8	20
4638	2760638464	2760900607	3774873600	3791650815	17	14	8	5
4639	2913468416	2913730559	3774873600	3791650815	6	14	8	10
4640	3849322496	3849584639	2818572288	2835349503	6	14	8	10
4641	3849322496	3849584639	2818572288	2835349503	17	14	8	4
4642	48005120	48021503	340077056	340077071	0	18	28	1
4643	158908416	158924799	2284271600	2284271615	0	18	28	1
4644	409501696	409518079	780854512	780854527	0	18	28	1
4645	608288768	608305151	1177679584	1177679599	0	18	28	1
4646	1700741120	1700757503	1177679584	1177679599	0	18	28	1
4647	1789739008	1789755391	1177679584	1177679599	0	18	28	1
4648	1341014016	1341030399	780854512	780854527	0	18	28	1
4649	2660270080	2660286463	2284271600	2284271615	0	18	28	1
4650	48029696	48033791	0	1073741823	17	20	2	19
4651	48029696	48033791	0	1073741823	6	20	2	50
4652	1050017792	1050021887	0	1073741823	6	20	2	25
4653	1050017792	1050021887	0	1073741823	17	20	2	11
4654	1700732928	1700737023	0	1073741823	6	20	2	4
4655	2364350464	2364354559	2147483648	3221225471	17	20	2	19
4656	2364350464	2364354559	2147483648	3221225471	6	20	2	47
4657	158334976	158859263	1182793728	1191182335	6	13	9	28
4658	158334976	158859263	1182793728	1191182335	17	13	9	17
4659	374865920	375390207	2290089984	2298478591	17	13	9	5
4660	374865920	375390207	2290089984	2298478591	6	13	9	14
4661	608698368	609222655	2290089984	2298478591	6	13	9	5
4662	608698368	609222655	2290089984	2298478591	17	13	9	2
4663	1559756800	1560281087	1182793728	1191182335	6	13	9	8
4664	1559756800	1560281087	1182793728	1191182335	17	13	9	1
4665	2660761600	2661285887	3313500160	3321888767	6	13	9	16
4666	2660761600	2661285887	3313500160	3321888767	17	13	9	9
4667	3849846784	3850371071	2290089984	2298478591	6	13	9	5
4668	3849846784	3850371071	2290089984	2298478591	17	13	9	2
4669	4245159936	4245684223	2290089984	2298478591	6	13	9	17
4670	4245159936	4245684223	2290089984	2298478591	17	13	9	2
4671	158904832	158905343	1177678848	1177679359	0	23	23	1
4672	3977725952	3977726463	2838433280	2838433791	0	23	23	1
4673	3977725952	3977726463	3772741632	3772742143	0	23	23	1
4674	409993216	411041791	780854400	780854463	1	12	26	1
4675	409519104	409520127	780854528	780854783	0	22	24	1
4676	1559407616	1559408639	340077312	340077567	0	22	24	1
4677	2760440832	2760441855	340077312	340077567	0	22	24	1
4678	3680560128	3680561151	2838433024	2838433279	0	22	24	1
4679	374603776	374865919	1182793728	1191182335	6	14	9	1
4680	608305152	608436223	738197504	771751935	6	15	7	22
4681	608305152	608436223	738197504	771751935	17	15	7	12
4682	1178468352	1178599423	1140850688	1174405119	17	15	7	8
4683	1178468352	1178599423	1140850688	1174405119	6	15	7	28
4684	3015573504	3015704575	2315255808	2348810239	6	15	7	18
4685	3015573504	3015704575	2315255808	2348810239	17	15	7	4
4686	2913730560	2913861631	369098752	402653183	17	15	7	1
4687	608276480	608277503	0	4294967295	6	22	0	61
4688	608276480	608277503	0	4294967295	17	22	0	24
4689	608239616	608272383	1177679608	1177679615	0	17	29	1
4690	2760376320	2760409087	3772742640	3772742647	0	17	29	1
4691	721420288	738197503	1177812992	1178075135	6	8	14	2
4692	3590324224	3607101439	3310354432	3310616575	6	8	14	1
4693	4227858432	4244635647	1702625280	1702887423	6	8	14	2
4694	4026531840	4043309055	3310354432	3310616575	6	8	14	5
4695	4026531840	4043309055	3310354432	3310616575	17	8	14	5
4696	716734464	716738559	1879048192	2147483647	6	20	4	1
4697	889192448	893386751	1702521184	1702521199	1	10	28	1
4698	3456106496	3460300799	2838432992	2838433007	1	10	28	1
4699	896532480	897581055	1694498816	1698693119	17	12	10	9
4700	896532480	897581055	1694498816	1698693119	6	12	10	28
4701	1918894080	1919942655	1178599424	1182793727	6	12	10	29
4702	1918894080	1919942655	1178599424	1182793727	17	12	10	8
4703	2659188736	2660237311	3305111552	3309305855	6	12	10	31
4704	2659188736	2660237311	3305111552	3309305855	17	12	10	14
4705	3681550336	3682598911	3766484992	3770679295	6	12	10	24
4706	3681550336	3682598911	3766484992	3770679295	17	12	10	18
4707	896038912	896040959	2147483648	4294967295	6	21	1	31
4708	896038912	896040959	2147483648	4294967295	17	21	1	10
4709	2191136768	2191138815	2147483648	4294967295	6	21	1	59
4710	2191136768	2191138815	2147483648	4294967295	17	21	1	19
4711	1052770304	1056964607	781189120	782237695	17	10	12	5
4712	1052770304	1056964607	781189120	782237695	6	10	12	14
4713	1050034176	1050050559	0	268435455	6	18	4	28
4714	1050034176	1050050559	0	268435455	17	18	4	9
4715	1929379840	1946157055	1177679600	1177679603	1	8	30	1
4716	1308622848	1325400063	780854500	780854503	1	8	30	1
4717	1920266240	1920268287	780854272	780854399	0	21	25	1
4718	2107396096	2107398143	780854272	780854399	0	21	25	1
4719	2107396096	2107398143	1702521216	1702521343	0	21	25	1
4720	1178433536	1178435583	340077184	340077311	0	21	25	1
4721	2660290560	2660292607	2284271360	2284271487	0	21	25	1
4722	3462313984	3462316031	2838432768	2838432895	0	21	25	1
4723	3977723904	3977725951	3310635776	3310635903	0	21	25	1
4724	2107400064	2107400191	1177679872	1177681919	0	25	21	1
4725	2107392000	2107396095	780854400	780854463	0	20	26	1
4726	2660286464	2660290559	3310635904	3310635967	0	20	26	1
4727	2542825472	2542829567	2284271488	2284271551	0	20	26	1
4728	3849805824	3849809919	2284271488	2284271551	0	20	26	1
4729	4244758528	4244762623	2284271488	2284271551	0	20	26	1
4730	1789722624	1789730815	780854464	780854495	0	19	27	1
4731	1423327232	1423335423	340077088	340077119	0	19	27	1
4732	2660294656	2660302847	2284271552	2284271583	0	19	27	1
4733	3116138496	3116146687	3772742592	3772742623	0	19	27	1
4734	3849797632	3849805823	2284271552	2284271583	0	19	27	1
4735	1789755392	1789788159	536870912	671088639	17	17	5	5
4736	1789755392	1789788159	536870912	671088639	6	17	5	24
4737	1178435584	1178468351	1207959552	1342177279	6	17	5	15
4738	1178435584	1178468351	1207959552	1342177279	17	17	5	3
4739	3015540736	3015573503	3355443200	3489660927	17	17	5	2
4740	1340997632	1341005823	1610612736	2147483647	6	19	3	19
4741	1340997632	1341005823	1610612736	2147483647	17	19	3	3
4742	1342177280	1610612735	1177649152	1177665535	17	4	18	3
4743	1342177280	1610612735	1177649152	1177665535	6	4	18	9
4744	2214592512	2281701375	2838433013	2838433013	0	6	32	1
4745	2181038080	2189426687	3310636008	3310636015	1	9	29	1
4746	2363490304	2364014591	3310636005	3310636005	0	13	32	1
4747	4245159936	4245684223	1702521215	1702521215	0	13	32	1
4748	2660761600	2661285887	2838432768	2838432895	1	13	25	1
4749	3115319296	3115843583	3766484992	3770679295	6	13	10	9
4750	3328180224	3328704511	3766484992	3770679295	17	13	10	1
4751	2761949184	2764046335	2281701376	2283798527	6	11	11	24
4752	2761949184	2764046335	2281701376	2283798527	17	11	11	7
4753	4246732800	4248829951	2281701376	2283798527	17	11	11	4
4754	4246732800	4248829951	2281701376	2283798527	6	11	11	6
4755	3221225472	3355443199	340099072	340131839	6	5	17	1
4756	3682598912	3690987519	2837446656	2837970943	6	9	13	10
4757	3682598912	3690987519	2837446656	2837970943	17	9	13	4
4758	3984588800	3992977407	3771727872	3772252159	6	9	13	2
4759	3984588800	3992977407	3771727872	3772252159	17	9	13	2
4760	3680567296	3680632831	2885681152	2952790015	6	16	6	23
4761	3680567296	3680632831	2885681152	2952790015	17	16	6	11
4762	3977726720	3977726975	3772742656	3772743679	0	24	22	1
4763	3977726720	3977726975	3310636032	3310637055	0	24	22	1
4764	4045443328	4045443583	3772742656	3772743679	0	24	22	1
4765	3758096384	4294967295	2284257280	2284265471	6	3	19	13
4766	3758096384	4294967295	2284257280	2284265471	17	3	19	8
4767	4051697664	4060086271	1702625280	1702887423	6	9	14	1
4768	2147483648	4294967295	1702518784	1702520831	17	1	21	9
4769	2147483648	4294967295	1702518784	1702520831	6	1	21	12
4770	3221225472	4294967295	340078592	340082687	6	2	20	5
4771	3221225472	4294967295	340078592	340082687	17	2	20	4
4772	48103424	48234495	1177679600	1177679603	0	15	30	1
4773	4244766720	4244897791	2284271592	2284271595	0	15	30	1
4774	2913468416	2913730559	3774873600	3791650815	17	14	8	1
4775	48035840	48037887	0	4294967295	17	21	0	28
4776	48035840	48037887	0	4294967295	6	21	0	49
4777	608278528	608280575	0	4294967295	6	21	0	54
4778	608278528	608280575	0	4294967295	17	21	0	23
4779	1341005824	1341007871	0	4294967295	6	21	0	53
4780	1341005824	1341007871	0	4294967295	17	21	0	23
4781	158859264	158892031	1177679584	1177679599	0	17	28	1
4782	1920204800	1920237567	780854512	780854527	0	17	28	1
4783	409534464	409599999	1177679608	1177679615	0	16	29	1
4784	2542862336	2542927871	3310636008	3310636015	0	16	29	1
4785	2760441856	2760507391	3772742640	3772742647	0	16	29	1
4786	3462332416	3462397951	2838433016	2838433023	0	16	29	1
4787	4244635648	4244701183	2284271584	2284271591	0	16	29	1
4788	603979776	608174079	1177679552	1177679583	1	10	27	1
4789	2913730560	2913861631	369098752	402653183	6	15	7	3
4790	716701696	716734463	0	268435455	17	17	4	7
4791	716701696	716734463	0	268435455	6	17	4	25
4792	1559363584	1559396351	1342177280	1610612735	17	17	4	5
4793	1559363584	1559396351	1342177280	1610612735	6	17	4	17
4794	3116105728	3116138495	4026531840	4294967295	6	17	4	35
4795	3116105728	3116138495	4026531840	4294967295	17	17	4	13
4796	3462266880	3462299647	4026531840	4294967295	6	17	4	26
4797	3462266880	3462299647	4026531840	4294967295	17	17	4	14
4798	3616276480	3616309247	4026531840	4294967295	6	17	4	21
4799	3616276480	3616309247	4026531840	4294967295	17	17	4	11
4800	3680501760	3680534527	3489660928	3758096383	6	17	4	23
4801	3680501760	3680534527	3489660928	3758096383	17	17	4	10
4802	4045406208	4045438975	2415919104	2684354559	6	17	4	36
4803	4045406208	4045438975	2415919104	2684354559	17	17	4	10
4804	704643072	713031679	1702521184	1702521199	1	9	28	1
4805	716734464	716738559	1879048192	2147483647	17	20	4	1
4806	3616316254	3616316255	402653184	536870911	6	31	5	1
4807	1050083328	1050148863	784334848	788529151	17	16	10	1
4808	1918894080	1919942655	1182793728	1191182335	6	12	9	4
4809	1341128704	1342177279	1182793728	1191182335	17	12	9	3
4810	1341128704	1342177279	1182793728	1191182335	6	12	9	5
4811	3114270720	3115319295	3758096384	3766484991	6	12	9	11
4812	3011510272	3013607423	2284271360	2284271487	17	11	25	1
4813	1700732928	1700737023	2147483648	4294967295	6	20	1	48
4814	1700732928	1700737023	2147483648	4294967295	17	20	1	21
4815	1341009920	1341014015	0	2147483647	6	20	1	23
4816	1341009920	1341014015	0	2147483647	17	20	1	8
4817	1178427392	1178431487	0	2147483647	6	20	1	28
4818	1178427392	1178431487	0	2147483647	17	20	1	10
4819	2191130624	2191134719	2147483648	4294967295	17	20	1	17
4820	2191130624	2191134719	2147483648	4294967295	6	20	1	29
4821	2542825472	2542829567	2147483648	4294967295	6	20	1	27
4822	2542825472	2542829567	2147483648	4294967295	17	20	1	12
4823	1789394944	1789657087	1177679606	1177679607	0	14	31	1
4824	3015540736	3015573503	3355443200	3489660927	6	17	5	2
4825	1788870656	1789394943	1191182336	1207959551	6	13	8	5
4826	1789738496	1789738751	1177679872	1177681919	0	24	21	1
4827	1789730816	1789734911	780854272	780854399	0	20	25	1
4828	3462307840	3462311935	2838432768	2838432895	0	20	25	1
4829	3329187840	3329191935	2838432768	2838432895	0	20	25	1
4830	1207959552	1275068415	780854498	780854499	1	6	31	1
4831	1423310848	1423327231	1610612736	2147483647	6	18	3	33
4832	1423310848	1423327231	1610612736	2147483647	17	18	3	16
4833	3116154880	3116171263	3758096384	4294967295	6	18	3	35
4834	3116154880	3116171263	3758096384	4294967295	17	18	3	15
4835	2913927168	2913943551	3758096384	4294967295	6	18	3	3
4836	2364538880	2365587455	3310636005	3310636005	0	12	32	1
4837	3013607424	3014655999	3310636005	3310636005	0	12	32	1
4838	2364014592	2364276735	3310635008	3310635519	1	14	23	1
4839	3011510272	3013607423	335544320	339738623	17	11	10	1
4840	3011510272	3013607423	335544320	339738623	6	11	10	4
4841	3015530496	3015532543	2838433024	2838433279	0	21	24	1
4842	2760425472	2760433663	3772742528	3772742591	0	19	26	1
4843	3462313949	3462313949	0	536870911	6	32	3	1
4844	3616316252	3616316252	0	536870911	17	32	3	1
4845	3329192960	3329193983	340076544	340077055	0	22	23	1
4846	3977726976	3977727999	3310635008	3310635519	0	22	23	1
4847	3616407552	3616538623	3772742656	3772743679	1	15	22	1
4848	3680632832	3680763903	3825205248	3892314111	6	15	6	10
4849	3680763904	3681026047	3791650816	3825205247	6	14	7	12
4850	3977248768	3977510911	2843738112	2852126719	17	14	9	1
4851	4244701184	4244733951	3772727296	3772735487	6	17	19	1
4852	4244750336	4244758527	2147483648	3221225471	6	19	2	37
4853	4244750336	4244758527	2147483648	3221225471	17	19	2	25
4854	4045443584	4045444095	3772742656	3772743679	0	23	22	1
4855	48234496	50331647	1177679604	1177679604	0	11	32	1
4856	406847488	408944639	1177679604	1177679604	0	11	32	1
4857	1700732928	1700737023	0	1073741823	17	20	2	1
4858	150994944	155189247	1178599424	1182793727	6	10	10	22
4859	150994944	155189247	1178599424	1182793727	17	10	10	10
4860	369098752	373293055	1178599424	1182793727	6	10	10	12
4861	369098752	373293055	1178599424	1182793727	17	10	10	2
4862	717225984	721420287	784334848	788529151	6	10	10	28
4863	717225984	721420287	784334848	788529151	17	10	10	8
4864	1052770304	1056964607	335544320	339738623	17	10	10	9
4865	1052770304	1056964607	335544320	339738623	6	10	10	9
4866	2109734912	2113929215	784334848	788529151	6	10	10	17
4867	2109734912	2113929215	784334848	788529151	17	10	10	9
4868	2663383040	2667577343	3305111552	3309305855	17	10	10	14
4869	2663383040	2667577343	3305111552	3309305855	6	10	10	24
4870	3321888768	3326083071	2839543808	2843738111	17	10	10	7
4871	3321888768	3326083071	2839543808	2843738111	6	10	10	29
4872	409534464	409599999	1342177280	1610612735	6	16	4	30
4873	409534464	409599999	1342177280	1610612735	17	16	4	7
4874	409600000	409731071	1177679608	1177679615	0	15	29	1
4875	374865920	375390207	1177679606	1177679607	0	13	31	1
4876	1699741696	1700265983	1177679606	1177679607	0	13	31	1
4877	1788870656	1789394943	1177679606	1177679607	0	13	31	1
4878	1423441920	1423966207	1177679606	1177679607	0	13	31	1
4879	536870912	603979775	1177679608	1177679615	17	6	29	1
4880	612368384	620756991	340787200	341835775	6	9	12	4
4881	716832768	716963839	402653184	536870911	6	15	5	20
4882	716832768	716963839	402653184	536870911	17	15	5	3
4883	2107506688	2107637759	536870912	671088639	6	15	5	29
4884	2107506688	2107637759	536870912	671088639	17	15	5	12
4885	1559232512	1559363583	402653184	536870911	6	15	5	9
4886	1559232512	1559363583	402653184	536870911	17	15	5	2
4887	2364407808	2364538879	3355443200	3489660927	6	15	5	36
4888	2364407808	2364538879	3355443200	3489660927	17	15	5	15
4889	3616407552	3616538623	2684354560	2818572287	17	15	5	4
4890	3616407552	3616538623	2684354560	2818572287	6	15	5	9
4891	3849584640	3849715711	2147483648	2281701375	6	15	5	35
4892	3849584640	3849715711	2147483648	2281701375	17	15	5	18
4893	715128832	716177407	352321536	369098751	6	12	8	3
4894	1048576000	1049624575	1677721600	1694498815	6	12	8	33
4895	1048576000	1049624575	1677721600	1694498815	17	12	8	12
4896	1789919232	1790967807	1677721600	1694498815	17	12	8	2
4897	1789919232	1790967807	1677721600	1694498815	6	12	8	10
4898	1341128704	1342177279	3774873600	3791650815	6	12	8	4
4899	1176502272	1177550847	1677721600	1694498815	6	12	8	32
4900	1176502272	1177550847	1677721600	1694498815	17	12	8	15
4901	2189426688	2190475263	3288334336	3305111551	6	12	8	5
4902	2189426688	2190475263	3288334336	3305111551	17	12	8	3
4903	2913992704	2915041279	3774873600	3791650815	6	12	8	23
4904	2913992704	2915041279	3774873600	3791650815	17	12	8	8
4905	3460300800	3461349375	352321536	369098751	17	12	8	6
4906	3460300800	3461349375	352321536	369098751	6	12	8	11
4907	3616538624	3617587199	2818572288	2835349503	17	12	8	9
4908	3616538624	3617587199	2818572288	2835349503	6	12	8	10
4909	3976200192	3977248767	3288334336	3305111551	6	12	8	31
4910	3976200192	3977248767	3288334336	3305111551	17	12	8	8
4911	3848273920	3849322495	2298478592	2315255807	6	12	8	26
4912	3848273920	3849322495	2298478592	2315255807	17	12	8	13
4913	4245684224	4246732799	3774873600	3791650815	6	12	8	4
4914	4245684224	4246732799	3774873600	3791650815	17	12	8	1
4915	4245684224	4246732799	2298478592	2315255807	6	12	8	10
4916	4245684224	4246732799	2298478592	2315255807	17	12	8	2
4917	716177408	716701695	1711276032	1744830463	6	13	7	30
4918	716177408	716701695	1711276032	1744830463	17	13	7	11
4919	1920466944	1920991231	1140850688	1174405119	17	13	7	15
4920	1920466944	1920991231	1140850688	1174405119	6	13	7	30
4921	1340080128	1340604415	738197504	771751935	6	13	7	29
4922	1340080128	1340604415	738197504	771751935	17	13	7	14
4923	1177550848	1178075135	1711276032	1744830463	6	13	7	30
4924	1177550848	1178075135	1711276032	1744830463	17	13	7	10
4925	2543321088	2543845375	3321888768	3355443199	17	13	7	7
4926	2543321088	2543845375	3321888768	3355443199	6	13	7	25
4927	2759852032	2760376319	2852126720	2885681151	6	13	7	35
4928	2759852032	2760376319	2852126720	2885681151	17	13	7	8
4929	2912944128	2913468415	3791650816	3825205247	6	13	7	37
4930	2912944128	2913468415	3791650816	3825205247	17	13	7	12
4931	3328180224	3328704511	369098752	402653183	6	13	7	11
4932	3328180224	3328704511	369098752	402653183	17	13	7	2
4933	3681026048	3681550335	3321888768	3355443199	6	13	7	35
4934	3681026048	3681550335	3321888768	3355443199	17	13	7	10
4935	3849846784	3850371071	3321888768	3355443199	17	13	7	6
4936	3849846784	3850371071	3321888768	3355443199	6	13	7	12
4937	3849846784	3850371071	2315255808	2348810239	6	13	7	17
4938	3849846784	3850371071	2315255808	2348810239	17	13	7	3
4939	716767232	716832767	1702521184	1702521199	0	16	28	1
4940	704643072	713031679	1698693120	1700790271	17	9	11	1
4941	704643072	713031679	1698693120	1700790271	6	9	11	5
4942	897581056	905969663	1698693120	1700790271	17	9	11	5
4943	897581056	905969663	1698693120	1700790271	6	9	11	19
4944	2097152000	2105540607	782237696	784334847	17	9	11	6
4945	2097152000	2105540607	782237696	784334847	6	9	11	16
4946	1778384896	1786773503	1174405120	1176502271	6	9	11	21
4947	1778384896	1786773503	1174405120	1176502271	17	9	11	9
4948	1182793728	1191182335	341835776	343932927	6	9	11	22
4949	1182793728	1191182335	341835776	343932927	17	9	11	3
4950	2533359616	2541748223	3311403008	3313500159	6	9	11	20
4951	2533359616	2541748223	3311403008	3313500159	17	9	11	11
4952	3984588800	3992977407	2835349504	2837446655	6	9	11	8
4953	3984588800	3992977407	2835349504	2837446655	17	9	11	5
4954	713031680	715128831	343932928	352321535	6	11	9	1
4955	893386752	895483903	343932928	352321535	17	11	9	10
4956	893386752	895483903	343932928	352321535	6	11	9	31
4957	1916796928	1918894079	771751936	780140543	6	11	9	27
4958	1916796928	1918894079	771751936	780140543	17	11	9	10
4959	1337982976	1340080127	771751936	780140543	6	11	9	3
4960	1423966208	1426063359	1182793728	1191182335	6	11	9	7
4961	1423966208	1426063359	1182793728	1191182335	17	11	9	3
4962	1423966208	1426063359	1702887424	1711276031	6	11	9	18
4963	1423966208	1426063359	1702887424	1711276031	17	11	9	5
4964	1556086784	1558183935	3758096384	3766484991	6	11	9	6
4965	1556086784	1558183935	3758096384	3766484991	17	11	9	2
4966	3462397952	3464495103	343932928	352321535	6	11	9	14
4967	3462397952	3464495103	343932928	352321535	17	11	9	6
4968	3617587200	3619684351	2843738112	2852126719	6	11	9	20
4969	3617587200	3619684351	2843738112	2852126719	17	11	9	7
4970	3846176768	3848273919	2290089984	2298478591	6	11	9	27
4971	3846176768	3848273919	2290089984	2298478591	17	11	9	11
4972	716734464	716738559	1182793728	1191182335	6	20	9	1
4973	896270336	896532479	1610612736	1677721599	6	14	6	31
4974	896270336	896532479	1610612736	1677721599	17	14	6	11
4975	3115843584	3116105727	2348810240	2415919103	6	14	6	4
4976	3680763904	3681026047	2885681152	2952790015	6	14	6	16
4977	3680763904	3681026047	2885681152	2952790015	17	14	6	8
4978	3977248768	3977510911	2885681152	2952790015	6	14	6	28
4979	3977248768	3977510911	2885681152	2952790015	17	14	6	15
4980	3849322496	3849584639	1610612736	1677721599	6	14	6	2
4981	1040187392	1048575999	340077088	340077119	1	9	27	1
4982	4253024256	4261412863	3772742592	3772742623	1	9	27	1
4983	1050023936	1050025983	340076544	340077055	0	21	23	1
4984	1920266240	1920268287	780854784	780855295	0	21	23	1
4985	3015530496	3015532543	340076544	340077055	0	21	23	1
4986	3116148736	3116150783	3772741632	3772742143	0	21	23	1
4987	2913955840	2913957887	340076544	340077055	0	21	23	1
4988	3329193984	3329196031	340076544	340077055	0	21	23	1
4989	3977723904	3977725951	3772741632	3772742143	0	21	23	1
4990	1929379840	1946157055	1700790272	1701838847	17	8	12	5
4991	1929379840	1946157055	1700790272	1701838847	6	8	12	12
4992	1426063360	1442840575	340787200	341835775	6	8	12	12
4993	1426063360	1442840575	340787200	341835775	17	8	12	6
4994	2667577344	2684354559	2838495232	2839543807	6	8	12	11
4995	2667577344	2684354559	2838495232	2839543807	17	8	12	5
4996	3825205248	3841982463	3770679296	3771727871	17	8	12	1
4997	1918894080	1919942655	1182793728	1191182335	17	12	9	1
4998	3114270720	3115319295	3758096384	3766484991	17	12	9	2
4999	1920253952	1920262143	780854272	780854399	0	19	25	1
5000	3462299648	3462307839	2838432768	2838432895	0	19	25	1
5001	1700790272	1702887423	1702521216	1702521343	1	11	25	1
5002	2661285888	2663383039	2838432768	2838432895	1	11	25	1
5003	2910846976	2912944127	2838432768	2838432895	1	11	25	1
5004	1694498816	1698693119	780854400	780854463	1	10	26	1
5005	1694498816	1698693119	780854400	780854463	4	10	26	1
5006	3619684352	3623878655	2838432896	2838432959	1	10	26	1
5007	3619684352	3623878655	2838432896	2838432959	4	10	26	1
5008	1340604416	1340866559	780854500	780854503	0	14	30	1
5009	1559494656	1559756799	3772742652	3772742655	0	14	30	1
5010	2660499456	2660761599	2838433008	2838433011	0	14	30	1
5011	1341008896	1341009919	780853248	780854271	0	22	22	1
5012	3329192960	3329193983	340077568	340078591	0	22	22	1
5013	3329192960	3329193983	3310636032	3310637055	0	22	22	1
5014	3977726976	3977727999	3772742656	3772743679	0	22	22	1
5015	1341014016	1341030399	0	1073741823	6	18	2	10
5016	1174405120	1176502271	1677721600	1694498815	6	11	8	20
5017	2542829568	2542862335	0	536870911	17	17	3	2
5018	2542829568	2542862335	0	536870911	6	17	3	3
5019	2952790016	2986344447	340262912	340787199	17	7	13	2
5020	2952790016	2986344447	340262912	340787199	6	7	13	2
5021	3112173568	3114270719	335544320	339738623	6	11	10	1
5022	2913927168	2913943551	3772742528	3772742591	0	18	26	1
5023	3462316032	3462332415	2838432896	2838432959	0	18	26	1
5024	3616325632	3616342015	2838432896	2838432959	0	18	26	1
5025	3221225472	3288334335	2837970944	2838233087	17	6	14	2
5026	3221225472	3288334335	2837970944	2838233087	6	6	14	3
5027	3328180224	3328704511	340076544	340077055	1	13	23	1
5028	3680632832	3680763903	3825205248	3892314111	17	15	6	3
5029	4047503360	4051697663	1702625280	1702887423	6	10	14	1
5030	4045443328	4045443583	2284265472	2284269567	0	24	20	1
5031	4045443328	4045443583	3310637056	3310641151	0	24	20	1
5032	46137344	47185919	738197504	771751935	17	12	7	8
5033	46137344	47185919	738197504	771751935	6	12	7	15
5034	3616538624	3617587199	3791650816	3825205247	6	12	7	21
5035	3616538624	3617587199	3791650816	3825205247	17	12	7	8
5036	2543058944	2543321087	352321536	369098751	17	14	8	1
5037	158990336	159121407	780854512	780854527	0	15	28	1
5038	1049886720	1050017791	1702521184	1702521199	0	15	28	1
5039	1789788160	1789919231	1177679584	1177679599	0	15	28	1
5040	3015573504	3015704575	2838432992	2838433007	0	15	28	1
5041	3328966656	3329097727	2838432992	2838433007	0	15	28	1
5042	469762048	536870911	340077056	340077071	17	6	28	1
5043	409468928	409501695	0	1073741823	6	17	2	35
5044	409468928	409501695	0	1073741823	17	17	2	11
5045	409731072	409993215	536870912	671088639	6	14	5	16
5046	409731072	409993215	536870912	671088639	17	14	5	12
5047	4045668352	4045930495	3310637056	3310641151	17	14	20	1
5048	374603776	374865919	2284271584	2284271591	0	14	29	1
5049	3015180288	3015442431	3310636008	3310636015	0	14	29	1
5050	4244897792	4245159935	2284271584	2284271591	0	14	29	1
5051	374538240	374603775	780854464	780854495	0	16	27	1
5052	896073728	896139263	780854464	780854495	0	16	27	1
5053	1341063168	1341128703	780854464	780854495	0	16	27	1
5054	2660302848	2660368383	2838432960	2838432991	0	16	27	1
5055	2913861632	2913927167	2284271552	2284271583	0	16	27	1
5056	3329097728	3329163263	3772742592	3772742623	0	16	27	1
5057	374480896	374489087	0	4294967295	6	19	0	50
5058	374480896	374489087	0	4294967295	17	19	0	16
5059	716742656	716750847	0	4294967295	6	19	0	40
5060	716742656	716750847	0	4294967295	17	19	0	17
5061	1700724736	1700732927	0	4294967295	17	19	0	14
5062	1700724736	1700732927	0	4294967295	6	19	0	30
5063	1178419200	1178427391	0	4294967295	6	19	0	27
5064	1178419200	1178427391	0	4294967295	17	19	0	10
5065	1559396352	1559404543	0	4294967295	17	19	0	8
5066	1559396352	1559404543	0	4294967295	6	19	0	21
5067	637534208	671088639	1176502272	1177550847	6	7	12	8
5068	637534208	671088639	1176502272	1177550847	17	7	12	7
5069	1744830464	1778384895	1176502272	1177550847	6	7	12	6
5070	1744830464	1778384895	1176502272	1177550847	17	7	12	2
5071	1275068416	1308622847	781189120	782237695	17	7	12	1
5072	1275068416	1308622847	781189120	782237695	6	7	12	2
5073	3992977408	4026531839	3770679296	3771727871	6	7	12	2
5074	3992977408	4026531839	3770679296	3771727871	17	7	12	1
5075	609222656	610271231	1177679606	1177679607	0	12	31	1
5076	4245684224	4246732799	2284271596	2284271597	0	12	31	1
5077	536870912	603979775	1177679608	1177679615	1	6	29	1
5078	1610612736	1677721599	780854504	780854511	1	6	29	1
5079	2415919104	2483027967	3310636008	3310636015	1	6	29	1
5080	2415919104	2483027967	3310636008	3310636015	4	6	29	1
5081	2684354560	2751463423	3772742640	3772742647	1	6	29	1
5082	716832768	716963839	0	268435455	6	15	4	22
5083	716832768	716963839	0	268435455	17	15	4	4
5084	721420288	738197503	782237696	784334847	17	8	11	4
5085	721420288	738197503	782237696	784334847	6	8	11	4
5086	2197815296	2214592511	2835349504	2837446655	17	8	11	6
5087	2197815296	2214592511	2835349504	2837446655	6	8	11	9
5088	4227858432	4244635647	2281701376	2283798527	17	8	11	1
5089	4227858432	4244635647	2281701376	2283798527	6	8	11	1
5090	4227858432	4244635647	3311403008	3313500159	6	8	11	6
5091	4227858432	4244635647	3311403008	3313500159	17	8	11	3
5092	1789919232	1790967807	788529152	805306367	17	12	8	1
5093	872415232	889192447	1702521152	1702521183	1	8	27	1
5094	872415232	889192447	1702521152	1702521183	4	8	27	1
5095	3115843584	3116105727	2348810240	2415919103	17	14	6	3
5096	3849322496	3849584639	1610612736	1677721599	17	14	6	2
5097	3461873664	3462135807	2837970944	2838233087	17	14	14	1
5098	1049624576	1049886719	0	268435455	6	14	4	21
5099	1789919232	1790967807	788529152	805306367	6	12	8	1
5100	1341128704	1342177279	3774873600	3791650815	17	12	8	1
5101	1912602624	1916796927	780854272	780854399	1	10	25	1
5102	1178599424	1182793727	340077184	340077311	1	10	25	1
5103	2107637760	2109734911	788529152	805306367	6	11	8	19
5104	2107637760	2109734911	788529152	805306367	17	11	8	7
5105	1174405120	1176502271	1677721600	1694498815	17	11	8	10
5106	1556086784	1558183935	1191182336	1207959551	17	11	8	6
5107	1556086784	1558183935	1191182336	1207959551	6	11	8	14
5108	3978297344	3980394495	2818572288	2835349503	17	11	8	10
5109	3978297344	3980394495	2818572288	2835349503	6	11	8	21
5110	4246732800	4248829951	3774873600	3791650815	6	11	8	16
5111	4246732800	4248829951	3774873600	3791650815	17	11	8	5
5112	2107375616	2107391999	2147483648	4294967295	6	18	1	25
5113	2107375616	2107391999	2147483648	4294967295	17	18	1	6
5114	1178402816	1178419199	0	2147483647	17	18	1	11
5115	1178402816	1178419199	0	2147483647	6	18	1	30
5116	2542796800	2542813183	2147483648	4294967295	6	18	1	37
5117	2542796800	2542813183	2147483648	4294967295	17	18	1	11
5118	2106589184	2107113471	671088640	738197503	17	13	6	19
5119	2106589184	2107113471	671088640	738197503	6	13	6	30
5120	3014656000	3015180287	3221225472	3288334335	6	13	6	3
5121	3014656000	3015180287	3221225472	3288334335	17	13	6	2
5122	3328180224	3328704511	3221225472	3288334335	6	13	6	17
5123	3328180224	3328704511	3221225472	3288334335	17	13	6	5
5124	3615490048	3616014335	3825205248	3892314111	6	13	6	21
5125	3615490048	3616014335	3825205248	3892314111	17	13	6	10
5126	4245159936	4245684223	2348810240	2415919103	6	13	6	3
5127	1711276032	1744830463	780854512	780854527	1	7	28	1
5128	2483027968	2516582399	2838432992	2838433007	1	7	28	1
5129	4261412864	4294967295	2284271600	2284271615	1	7	28	1
5130	4261412864	4294967295	2284271600	2284271615	4	7	28	1
5131	1610612736	1744830463	1177679600	1177679603	47	5	30	1
5132	1610612736	1744830463	1177679600	1177679603	1	5	30	1
5133	1789738872	1789738879	671088640	738197503	1	29	6	1
5134	1341014016	1341030399	0	1073741823	17	18	2	2
5135	1341030400	1341063167	780854400	780854463	0	17	26	1
5136	1423343616	1423376383	340077120	340077183	0	17	26	1
5137	1073741824	1140850687	1178075136	1178599423	6	6	13	3
5138	1417674752	1421869055	1182793728	1191182335	6	10	9	7
5139	1417674752	1421869055	1182793728	1191182335	17	10	9	1
5140	2357198848	2361393151	3313500160	3321888767	6	10	9	23
5141	2357198848	2361393151	3313500160	3321888767	17	10	9	13
5142	2764046336	2768240639	3758096384	3766484991	6	10	9	27
5143	2764046336	2768240639	3758096384	3766484991	17	10	9	7
5144	3674210304	3678404607	2843738112	2852126719	6	10	9	23
5145	3674210304	3678404607	2843738112	2852126719	17	10	9	8
5146	1559756800	1560281087	1702521856	1702522879	1	13	22	1
5147	2191130624	2191134719	3310635008	3310635519	0	20	23	1
5148	2361393152	2363490303	3310635520	3310635775	1	11	24	1
5149	2361393152	2363490303	3310635520	3310635775	4	11	24	1
5150	2761949184	2764046335	340077312	340077567	1	11	24	1
5151	2543845376	2545942527	3310636004	3310636004	0	11	32	1
5152	3003121664	3011510271	335544320	339738623	17	9	10	3
5153	3003121664	3011510271	335544320	339738623	6	9	10	4
5154	2751463424	2759852031	335544320	339738623	17	9	10	2
5155	2751463424	2759852031	335544320	339738623	6	9	10	2
5156	2902458368	2910846975	335544320	339738623	6	9	10	7
5157	2902458368	2910846975	335544320	339738623	17	9	10	3
5158	3607101440	3615490047	3766484992	3770679295	17	9	10	6
5159	3607101440	3615490047	3766484992	3770679295	6	9	10	11
5160	3984588800	3992977407	3766484992	3770679295	6	9	10	9
5161	3984588800	3992977407	3766484992	3770679295	17	9	10	4
5162	3462332416	3462397951	3758096384	4294967295	6	16	3	25
5163	3462332416	3462397951	3758096384	4294967295	17	16	3	3
5164	3329193984	3329196031	369098752	402653183	17	21	7	2
5165	3607101440	3615490047	2838432896	2838432959	1	9	26	1
5166	3616316254	3616316255	0	536870911	17	31	3	1
5167	3977726976	3977727999	2838429696	2838431743	0	22	21	1
5168	3977726720	3977726975	3772727296	3772735487	0	24	19	1
5169	3849811968	3849814015	3772742656	3772743679	0	21	22	1
5170	4246732800	4248829951	1700790272	1701838847	6	11	12	1
5171	3221225472	4294967295	2284271488	2284271551	17	2	26	3
5172	419430400	436207615	1177679360	1177679487	17	8	25	1
5173	0	33554431	780854464	780854495	1	7	27	1
5174	1879048192	1912602623	1177679552	1177679583	1	7	27	1
5175	1577058304	1610612735	3772742592	3772742623	1	7	27	1
5176	2382364672	2415919103	3310635968	3310635999	1	7	27	1
5177	48037888	48103423	1177679488	1177679551	0	16	26	1
5178	0	268435455	1177679600	1177679603	1	4	30	1
5179	158859264	158892031	780854272	780854399	0	17	25	1
5180	896040960	896073727	1702521216	1702521343	0	17	25	1
5181	1050050560	1050083327	340077184	340077311	0	17	25	1
5182	2542829568	2542862335	3310635776	3310635903	0	17	25	1
5183	2913959936	2913992703	2284271360	2284271487	0	17	25	1
5184	159383552	167772159	780854272	780854399	1	9	25	1
5185	411041792	419430399	1177679360	1177679487	1	9	25	1
5186	1920991232	1929379839	780854272	780854399	1	9	25	1
5187	1702887424	1711276031	1177679360	1177679487	1	9	25	1
5188	2348810240	2357198847	3310635776	3310635903	1	9	25	1
5189	3003121664	3011510271	2284271360	2284271487	1	9	25	1
5190	2751463424	2759852031	2284271360	2284271487	1	9	25	1
5191	157286400	158334975	268435456	335544319	6	12	6	10
5192	157286400	158334975	268435456	335544319	17	12	6	8
5193	409993216	411041791	1073741824	1140850687	17	12	6	3
5194	1341128704	1342177279	3825205248	3892314111	6	12	6	7
5195	1421869056	1422917631	268435456	335544319	6	12	6	37
5196	1421869056	1422917631	268435456	335544319	17	12	6	6
5197	1558183936	1559232511	268435456	335544319	6	12	6	22
5198	1558183936	1559232511	268435456	335544319	17	12	6	9
5199	3329228800	3330277375	3221225472	3288334335	6	12	6	17
5200	3329228800	3330277375	3221225472	3288334335	17	12	6	1
5201	1811939328	1879048191	780854512	780854527	1	6	28	1
5202	1207959552	1275068415	1702521184	1702521199	1	6	28	1
5203	268435456	402653183	1177679608	1177679615	1	5	29	1
5204	369098752	373293055	340077312	340077567	1	10	24	1
5205	1333788672	1337982975	780854528	780854783	1	10	24	1
5206	608436224	608698367	1177679584	1177679599	0	14	28	1
5207	1919942656	1920204799	780854512	780854527	0	14	28	1
5208	2191261696	2191523839	3310636016	3310636031	0	14	28	1
5209	2660499456	2660761599	3310636016	3310636031	0	14	28	1
5210	3328704512	3328966655	2838432992	2838433007	0	14	28	1
5211	716750848	716767231	2284271104	2284271359	0	18	24	1
5212	3462316032	3462332415	340077312	340077567	0	18	24	1
5213	3329163264	3329179647	2838433024	2838433279	0	18	24	1
5214	3977707520	3977723903	2838433024	2838433279	0	18	24	1
5215	896008192	896024575	0	4294967295	6	18	0	39
5216	896008192	896024575	0	4294967295	17	18	0	14
5217	896024576	896032767	1702521344	1702521855	0	19	23	1
5218	3680550912	3680559103	2838433280	2838433791	0	19	23	1
5219	889192448	893386751	788529152	805306367	6	10	8	14
5220	2109734912	2113929215	788529152	805306367	6	10	8	7
5221	2109734912	2113929215	788529152	805306367	17	10	8	2
5222	1551892480	1556086783	352321536	369098751	17	10	8	8
5223	1551892480	1556086783	352321536	369098751	6	10	8	23
5224	3980394496	3984588799	3288334336	3305111551	6	10	8	25
5225	3980394496	3984588799	3288334336	3305111551	17	10	8	7
5226	3841982464	3846176767	3288334336	3305111551	6	10	8	5
5227	3841982464	3846176767	3288334336	3305111551	17	10	8	1
5228	1049624576	1049886719	0	268435455	17	14	4	6
5229	1920335872	1920466943	780854464	780854495	0	15	27	1
5230	1340866560	1340997631	1177679552	1177679583	0	15	27	1
5231	1559232512	1559363583	1177679552	1177679583	0	15	27	1
5232	3116236800	3116367871	3772742592	3772742623	0	15	27	1
5233	1920262144	1920266239	1177677824	1177678847	0	20	22	1
5234	1341009920	1341014015	780853248	780854271	0	20	22	1
5235	3977728000	3977732095	3772742656	3772743679	0	20	22	1
5236	2013265920	2080374783	781189120	782237695	6	6	12	6
5237	2013265920	2080374783	781189120	782237695	17	6	12	3
5238	3489660928	3556769791	2838495232	2839543807	6	6	12	11
5239	2097152000	2105540607	1182793728	1191182335	17	9	9	3
5240	2097152000	2105540607	1182793728	1191182335	6	9	9	4
5241	3103784960	3112173567	2843738112	2852126719	17	9	9	5
5242	3103784960	3112173567	2843738112	2852126719	6	9	9	3
5243	3464495104	3472883711	2843738112	2852126719	6	9	9	20
5244	3464495104	3472883711	2843738112	2852126719	17	9	9	5
5245	3682598912	3690987519	3313500160	3321888767	6	9	9	10
5246	4253024256	4261412863	1702887424	1711276031	17	9	9	2
5247	4253024256	4261412863	1702887424	1711276031	6	9	9	9
5248	2107408384	2107441151	780795904	780828671	1	17	17	1
5249	2105540608	2106589183	1177679600	1177679603	0	12	30	1
5250	3114270720	3115319295	3772742652	3772742655	0	12	30	1
5251	1610612736	1879048191	780854504	780854511	6	4	29	1
5252	1610612736	1879048191	780854504	780854511	17	4	29	1
5253	1423441920	1423966207	1207959552	1342177279	6	13	5	11
5254	1423441920	1423966207	1207959552	1342177279	17	13	5	4
5255	3461349376	3461873663	2684354560	2818572287	17	13	5	11
5256	3461349376	3461873663	2684354560	2818572287	6	13	5	25
5257	1423337419	1423337419	0	4294967295	17	32	0	1
5258	2191196160	2191261695	2147483648	3221225471	17	16	2	12
5259	2191196160	2191261695	2147483648	3221225471	6	16	2	30
5260	2365587456	2382364671	2285895680	2290089983	17	8	10	5
5261	2365587456	2382364671	2285895680	2290089983	6	8	10	12
5262	2885681152	2902458367	335544320	339738623	17	8	10	1
5263	2885681152	2902458367	335544320	339738623	6	8	10	3
5264	3329192384	3329192447	369098752	402653183	17	26	7	1
5265	3115319296	3115843583	2838433016	2838433023	0	13	29	1
5266	2818572288	2952790015	3771727872	3772252159	17	5	13	3
5267	2913992704	2915041279	2284269568	2284270591	1	12	22	1
5268	3462397952	3464495103	2852126720	2885681151	6	11	7	15
5269	3462397952	3464495103	2852126720	2885681151	17	11	7	5
5270	3326083072	3328180223	2838433280	2838433791	1	11	23	1
5271	3623878656	3657433087	2835349504	2837446655	6	7	11	12
5272	3623878656	3657433087	2835349504	2837446655	17	7	11	3
5273	3992977408	4026531839	2835349504	2837446655	6	7	11	6
5274	3992977408	4026531839	2835349504	2837446655	17	7	11	3
5275	3977726976	3977727999	3772735488	3772739583	0	22	20	1
5276	4045444096	4045445119	3310637056	3310641151	0	22	20	1
5277	4045444096	4045445119	2284265472	2284269567	0	22	20	1
5278	4244701184	4244733951	0	2147483647	6	17	1	9
5279	4244701184	4244733951	0	2147483647	17	17	1	4
5280	4244758528	4244762623	1702625280	1702887423	1	20	14	1
5281	4045668352	4045930495	3772727296	3772735487	17	14	19	1
5282	3758096384	4294967295	3310636006	3310636007	1	3	31	1
5283	3758096384	4294967295	3310636006	3310636007	47	3	31	1
5284	3758096384	4294967295	3310636006	3310636007	4	3	31	1
5285	4045447168	4045455359	3772514304	3772645375	1	19	15	1
5286	50331648	67108863	780854272	780854399	1	8	25	1
5287	50331648	67108863	780854272	780854399	4	8	25	1
5288	1191182336	1207959551	3772742400	3772742527	1	8	25	1
5289	1560281088	1577058303	1177679360	1177679487	1	8	25	1
5290	47185920	47710207	780854512	780854527	0	13	28	1
5291	608698368	609222655	340077056	340077071	0	13	28	1
5292	33554432	41943039	780854496	780854496	0	9	32	1
5293	469762048	536870911	1177679488	1177679551	17	6	26	1
5294	409993216	411041791	1073741824	1140850687	6	12	6	1
5295	1341128704	1342177279	3825205248	3892314111	17	12	6	4
5296	409993216	411041791	1177673728	1177677823	17	12	20	2
5297	409731072	409993215	1177679552	1177679583	0	14	27	1
5298	1559494656	1559756799	1177679552	1177679583	0	14	27	1
5299	3461873664	3462135807	3310635968	3310635999	0	14	27	1
5300	3849322496	3849584639	2284271552	2284271583	0	14	27	1
5301	377487360	385875967	1191182336	1207959551	17	9	8	8
5302	377487360	385875967	1191182336	1207959551	6	9	8	18
5303	2751463424	2759852031	352321536	369098751	6	9	8	2
5304	2902458368	2910846975	352321536	369098751	6	9	8	8
5305	2902458368	2910846975	352321536	369098751	17	9	8	2
5306	3330277376	3338665983	2818572288	2835349503	17	9	8	5
5307	3330277376	3338665983	2818572288	2835349503	6	9	8	24
5308	374505472	374538239	0	4294967295	17	17	0	18
5309	374505472	374538239	0	4294967295	6	17	0	30
5310	1559363584	1559396351	0	4294967295	6	17	0	9
5311	1559363584	1559396351	0	4294967295	17	17	0	4
5312	373293056	374341631	1177679608	1177679615	0	12	29	1
5313	2760900608	2761949183	2838433016	2838433023	0	12	29	1
5314	536870912	671088639	340077056	340077071	1	5	28	1
5315	603979776	608174079	738197504	771751935	6	10	7	13
5316	603979776	608174079	738197504	771751935	17	10	7	6
5317	1417674752	1421869055	1711276032	1744830463	17	10	7	4
5318	1417674752	1421869055	1711276032	1744830463	6	10	7	9
5319	3015704576	3019898879	2315255808	2348810239	6	10	7	18
5320	3015704576	3019898879	2315255808	2348810239	17	10	7	10
5321	2915041280	2919235583	3791650816	3825205247	6	10	7	15
5322	2915041280	2919235583	3791650816	3825205247	17	10	7	7
5323	3674210304	3678404607	2852126720	2885681151	17	10	7	2
5324	3841982464	3846176767	3321888768	3355443199	6	10	7	22
5325	3841982464	3846176767	3321888768	3355443199	17	10	7	6
5326	716701696	716734463	780854528	780854783	0	17	24	1
5327	905969664	939524095	340077120	340077183	1	7	26	1
5328	1140850688	1174405119	340077120	340077183	1	7	26	1
5329	2147483648	2181038079	2838432896	2838432959	1	7	26	1
5330	3120562176	3154116607	3772742528	3772742591	1	7	26	1
5331	2785017856	2818572287	2838432896	2838432959	1	7	26	1
5332	3556769792	3590324223	2838432896	2838432959	1	7	26	1
5333	889192448	893386751	788529152	805306367	17	10	8	1
5334	1056964608	1073741823	1702887424	1711276031	6	8	9	18
5335	1056964608	1073741823	1702887424	1711276031	17	8	9	4
5336	2365587456	2382364671	3313500160	3321888767	6	8	9	6
5337	2365587456	2382364671	3313500160	3321888767	17	8	9	2
5338	3489660928	3556769791	2838495232	2839543807	17	6	12	2
5339	2107398144	2107399167	780845056	780853247	0	22	19	1
5340	2913958912	2913959935	3772727296	3772735487	0	22	19	1
5341	2107441152	2107506687	780795904	780828671	1	16	17	1
5342	2105540608	2106589183	1744830464	1879048191	6	12	5	7
5343	2105540608	2106589183	1744830464	1879048191	17	12	5	2
5344	3460300800	3461349375	402653184	536870911	17	12	5	6
5345	3460300800	3461349375	402653184	536870911	6	12	5	10
5346	1700790272	1702887423	1177677824	1177678847	1	11	22	1
5347	1174405120	1176502271	340077568	340078591	1	11	22	1
5348	1174405120	1176502271	340077568	340078591	47	11	22	1
5349	2910846976	2912944127	2284269568	2284270591	1	11	22	1
5350	1790967808	1795162111	780854784	780855295	1	10	23	1
5351	2545942528	2550136831	3310635008	3310635519	1	10	23	1
5352	3116367872	3120562175	3772741632	3772742143	1	10	23	1
5353	4248829952	4253024255	3772741632	3772742143	1	10	23	1
5354	1073741824	1140850687	340077088	340077119	1	6	27	1
5355	2281701376	2348810239	2838432960	2838432991	1	6	27	1
5356	2281701376	2348810239	2838432960	2838432991	47	6	27	1
5357	3019898880	3087007743	3310635968	3310635999	1	6	27	1
5358	1409286144	1417674751	3772742144	3772742399	1	9	24	1
5359	1409286144	1417674751	3772742144	3772742399	47	9	24	1
5360	1559494656	1559756799	1610612736	2147483647	6	14	3	3
5361	2190475264	2190999551	3489660928	3758096383	6	13	4	33
5362	2190475264	2190999551	3489660928	3758096383	17	13	4	9
5363	3115319296	3115843583	4026531840	4294967295	6	13	4	9
5364	3115319296	3115843583	4026531840	4294967295	17	13	4	2
5365	4245159936	4245684223	1879048192	2147483647	17	13	4	2
5366	4245159936	4245684223	1879048192	2147483647	6	13	4	13
5367	3011510272	3013607423	2348810240	2415919103	6	11	6	22
5368	3011510272	3013607423	2348810240	2415919103	17	11	6	4
5369	3617587200	3619684351	3221225472	3288334335	6	11	6	10
5370	4043309056	4045406207	2348810240	2415919103	6	11	6	25
5371	4043309056	4045406207	2348810240	2415919103	17	11	6	12
5372	2913730560	2913861631	3772742528	3772742591	0	15	26	1
5373	2913730560	2913861631	2284271488	2284271551	0	15	26	1
5374	2818572288	2952790015	3771727872	3772252159	6	5	13	2
5375	2147483648	3221225471	3772742648	3772742649	4	2	31	1
5376	3329228800	3330277375	3772739584	3772741631	1	12	21	1
5377	4046454784	4047503359	3772739584	3772741631	1	12	21	1
5378	3616316240	3616316247	0	536870911	17	29	3	1
5379	3977732096	3977740287	3310636032	3310637055	0	19	22	1
5380	3977732096	3977740287	3772742656	3772743679	0	19	22	1
5381	3977728000	3977732095	2838429696	2838431743	0	20	21	1
5382	3758096384	4294967295	3310636016	3310636031	6	3	28	2
5383	0	134217727	1177679552	1177679583	1	5	27	1
5384	41943040	46137343	780854500	780854503	0	10	30	1
5385	41943040	46137343	268435456	335544319	6	10	6	5
5386	41943040	46137343	268435456	335544319	17	10	6	2
5387	41943040	46137343	1177677824	1177678847	1	10	22	1
5388	2915041280	2919235583	3772742656	3772743679	1	10	22	1
5389	67108864	134217727	1177679488	1177679551	1	6	26	1
5390	3489660928	3556769791	3772742528	3772742591	1	6	26	1
5391	158924800	158990335	0	4294967295	6	16	0	22
5392	158924800	158990335	0	4294967295	17	16	0	11
5393	896073728	896139263	0	4294967295	17	16	0	3
5394	1050083328	1050148863	0	4294967295	6	16	0	17
5395	1423376384	1423441919	0	4294967295	6	16	0	24
5396	1423376384	1423441919	0	4294967295	17	16	0	11
5397	157286400	158334975	340077056	340077071	0	12	28	1
5398	4245684224	4246732799	1702521184	1702521199	0	12	28	1
5399	374341632	374472703	0	2147483647	17	15	1	8
5400	896139264	896270335	0	2147483647	6	15	1	27
5401	2107506688	2107637759	2147483648	4294967295	6	15	1	5
5402	4244766720	4244897791	0	2147483647	17	15	1	5
5403	0	1073741823	1702521208	1702521211	1	2	30	1
5404	3977726592	3977726719	2885681152	2952790015	17	25	6	1
5405	2107113472	2107375615	780854400	780854463	0	14	26	1
5406	1178075136	1178337279	340077120	340077183	0	14	26	1
5407	1559494656	1559756799	1177679488	1177679551	0	14	26	1
5408	1610612736	1744830463	780854400	780854463	17	5	26	1
5409	2281701376	2415919103	2838432896	2838432959	6	5	26	1
5410	2415919104	2550136831	2838432896	2838432959	17	5	26	1
5411	1789788160	1789919231	780854272	780854399	0	15	25	1
5412	1795162112	1811939327	788529152	805306367	17	8	8	4
5413	1795162112	1811939327	788529152	805306367	6	8	8	10
5414	1342177280	1610612735	1702521184	1702521199	1	4	28	1
5415	1559756800	1560281087	3772742592	3772742623	0	13	27	1
5416	1556086784	1558183935	1744830464	1879048191	17	11	5	5
5417	1556086784	1558183935	1744830464	1879048191	6	11	5	7
5418	0	2147483647	3772742648	3772742649	1	1	31	1
5419	1559412736	1559429119	1702521856	1702522879	0	18	22	1
5420	3617587200	3619684351	3221225472	3288334335	17	11	6	1
5421	2761949184	2764046335	3825205248	3892314111	6	11	6	1
5422	2751463424	2759852031	369098752	402653183	6	9	7	2
5423	2902458368	2910846975	369098752	402653183	17	9	7	1
5424	2902458368	2910846975	369098752	402653183	6	9	7	3
5425	2913959936	2913992703	3772741632	3772742143	0	17	23	1
5426	3329196032	3329228799	340076544	340077055	0	17	23	1
5427	3221225472	3288334335	341835776	343932927	6	6	11	4
5428	3221225472	3288334335	335544320	339738623	17	6	10	2
5429	3616342016	3616407551	2838433024	2838433279	0	16	24	1
5430	3858759680	3892314111	3758096384	3766484991	6	7	9	2
5431	3858759680	3892314111	3758096384	3766484991	17	7	9	1
5432	3758096384	4294967295	3310636016	3310636031	17	3	28	1
5433	3221225472	4294967295	2837970944	2838233087	6	2	14	2
5434	48234496	50331647	340077056	340077071	0	11	28	1
5435	1786773504	1788870655	780854512	780854527	0	11	28	1
5436	2191523840	2193620991	3310636016	3310636031	0	11	28	1
5437	167772160	201326591	1191182336	1207959551	6	7	8	17
5438	3422552064	3456106495	2818572288	2835349503	6	7	8	4
5439	896073728	896139263	0	4294967295	6	16	0	10
5440	1050083328	1050148863	0	4294967295	17	16	0	3
5441	374341632	374472703	0	2147483647	6	15	1	20
5442	896139264	896270335	0	2147483647	17	15	1	9
5443	2107506688	2107637759	2147483648	4294967295	17	15	1	3
5444	4244766720	4244897791	0	2147483647	6	15	1	5
5445	1610612736	1677721599	3772742144	3772742399	17	6	24	1
5446	715128832	716177407	1702521152	1702521183	0	12	27	1
5447	1698693120	1699741695	780854464	780854495	0	12	27	1
5448	2541748224	2542796799	3310635968	3310635999	0	12	27	1
5449	805306368	872415231	1702521216	1702521343	1	6	25	1
5450	805306368	1073741823	340077088	340077119	1	4	27	1
5451	805306368	1073741823	340077088	340077119	47	4	27	1
5452	3758096384	4026531839	2284271552	2284271583	1	4	27	1
5453	3758096384	4026531839	2284271552	2284271583	47	4	27	1
5454	2818572288	2952790015	3772742400	3772742527	17	5	25	1
5455	1610612736	1744830463	780854400	780854463	1	5	26	1
5456	2281701376	2415919103	2838432896	2838432959	1	5	26	1
5457	2281701376	2415919103	2838432896	2838432959	47	5	26	1
5458	2415919104	2550136831	2838432896	2838432959	1	5	26	1
5459	3087007744	3221225471	3772742528	3772742591	1	5	26	1
5460	3087007744	3221225471	3772742528	3772742591	4	5	26	1
5461	3087007744	3221225471	3772742528	3772742591	47	5	26	1
5462	3489660928	3623878655	2838432896	2838432959	1	5	26	1
5463	3489660928	3623878655	2838432896	2838432959	4	5	26	1
5464	4047503360	4051697663	3772739584	3772741631	1	10	21	1
5465	1337982976	1340080127	805306368	1073741823	17	11	4	3
5466	1337982976	1340080127	805306368	1073741823	6	11	4	22
5467	3678404608	3680501759	2952790016	3221225471	17	11	4	9
5468	3678404608	3680501759	2952790016	3221225471	6	11	4	23
5469	4246732800	4248829951	2415919104	2684354559	6	11	4	6
5470	1423337408	1423337415	0	1073741823	1	29	2	1
5471	2197815296	2214592511	3321888768	3355443199	6	8	7	6
5472	3590324224	3607101439	2852126720	2885681151	6	8	7	15
5473	3590324224	3607101439	2852126720	2885681151	17	8	7	5
5474	3657433088	3674210303	2852126720	2885681151	6	8	7	20
5475	3657433088	3674210303	2852126720	2885681151	17	8	7	2
5476	2650800128	2659188735	3221225472	3288334335	6	9	6	19
5477	2650800128	2659188735	3221225472	3288334335	17	9	6	5
5478	3850371072	3858759679	3825205248	3892314111	17	9	6	3
5479	3850371072	3858759679	3825205248	3892314111	6	9	6	7
5480	4253024256	4261412863	3825205248	3892314111	6	9	6	6
5481	3015704576	3019898879	402653184	536870911	6	10	5	4
5482	3115843584	3116105727	3772742400	3772742527	0	14	25	1
5483	2751463424	2759852031	369098752	402653183	17	9	7	1
5484	2885681152	2902458367	340076544	340077055	1	8	23	1
5485	3690987520	3758096383	2843738112	2852126719	6	6	9	8
5486	3977726592	3977726719	2885681152	2952790015	1	25	6	1
5487	4045443584	4045444095	3288334336	3305111551	1	23	8	1
5488	4248829952	4253024255	2284271584	2284271591	0	10	29	1
5489	4261412864	4294967295	2284271104	2284271359	17	7	24	1
5490	2147483648	4294967295	1702625280	1702887423	6	1	14	1
5491	46137344	47185919	0	1073741823	6	12	2	9
5492	33554432	41943039	402653184	536870911	6	9	5	10
5493	1040187392	1048575999	402653184	536870911	6	9	5	10
5494	3103784960	3112173567	3892314112	4026531839	6	9	5	13
5495	671088640	704643071	788529152	805306367	6	7	8	6
5496	134217728	150994943	1073741824	1140850687	17	8	6	4
5497	134217728	150994943	1073741824	1140850687	6	8	6	9
5498	2516582400	2533359615	3221225472	3288334335	6	8	6	16
5499	409993216	411041791	780854400	780854463	0	12	26	1
5500	408944640	409468927	0	2147483647	6	13	1	16
5501	895483904	896008191	0	2147483647	6	13	1	23
5502	268435456	335544319	1177679616	1177679871	1	6	24	1
5503	939524096	1006632959	1702520832	1702521087	1	6	24	1
5504	1342177280	1409286143	340077312	340077567	1	6	24	1
5505	3355443200	3422552063	2838433024	2838433279	1	6	24	1
5506	3690987520	3758096383	2838433024	2838433279	1	6	24	1
5507	3758096384	3825205247	2284271104	2284271359	1	6	24	1
5508	721420288	738197503	1744830464	1879048191	6	8	5	10
5509	671088640	704643071	780854784	780855295	1	7	23	1
5510	3288334336	3321888767	2838433280	2838433791	1	7	23	1
5511	3288334336	3321888767	2838433280	2838433791	47	7	23	1
5512	805306368	1073741823	340077120	340077183	1	4	26	1
5513	2684354560	2952790015	3772742528	3772742591	1	4	26	1
5514	2684354560	2952790015	3772742528	3772742591	4	4	26	1
5515	1879048192	2013265919	1177679360	1177679487	1	5	25	1
5516	2818572288	2952790015	3772742400	3772742527	1	5	25	1
5517	3892314112	4026531839	3310635776	3310635903	1	5	25	1
5518	1929379840	1946157055	1177679600	1177679603	0	8	30	1
5519	1308622848	1325400063	780854500	780854503	0	8	30	1
5520	1920268800	1920269311	738197504	771751935	1	23	7	1
5521	2080374784	2097151999	780853248	780854271	1	8	22	1
5522	2080374784	2097151999	780853248	780854271	47	8	22	1
5523	1677721600	1694498815	780853248	780854271	1	8	22	1
5524	2986344448	3003121663	3310636032	3310637055	1	8	22	1
5525	3959422976	3976200191	3310636032	3310637055	1	8	22	1
5526	3825205248	3841982463	2284269568	2284270591	1	8	22	1
5527	1789738496	1789738751	1073741824	1140850687	1	24	6	1
5528	1207959552	1342177279	3772742144	3772742399	17	5	24	1
5529	2661285888	2663383039	3489660928	3758096383	6	11	4	10
5530	2661285888	2663383039	3489660928	3758096383	17	11	4	2
5531	4246732800	4248829951	2415919104	2684354559	17	11	4	2
5532	1476395008	1543503871	340076544	340077055	17	6	23	1
5533	2181038080	2189426687	3310636008	3310636015	0	9	29	1
5534	2885681152	2902458367	369098752	402653183	6	8	7	5
5535	2885681152	2902458367	369098752	402653183	17	8	7	4
5536	4253024256	4261412863	3825205248	3892314111	17	9	6	4
5537	3015704576	3019898879	402653184	536870911	17	10	5	1
5538	2818572288	2952790015	3758096384	3766484991	17	5	9	3
5539	2818572288	2952790015	3758096384	3766484991	6	5	9	7
5540	3456106496	3460300799	2838432992	2838433007	0	10	28	1
5541	3690987520	3758096383	2843738112	2852126719	17	6	9	1
5542	3977728000	3977732095	2839543808	2843738111	1	20	10	1
5543	4045444096	4045445119	3288334336	3305111551	1	22	8	1
5544	3221225472	4294967295	2284271600	2284271615	1	2	28	1
5545	3221225472	4294967295	2284271600	2284271615	4	2	28	1
5546	46137344	47185919	0	1073741823	17	12	2	3
5547	1040187392	1048575999	402653184	536870911	17	9	5	1
5548	3103784960	3112173567	3892314112	4026531839	17	9	5	4
5549	33554432	41943039	402653184	536870911	17	9	5	2
5550	2516582400	2533359615	3221225472	3288334335	17	8	6	4
5551	201326592	268435455	1191182336	1207959551	6	6	8	2
5552	201326592	268435455	1191182336	1207959551	17	6	8	1
5553	2013265920	2080374783	788529152	805306367	6	6	8	3
5554	408944640	409468927	0	2147483647	17	13	1	2
5555	895483904	896008191	0	2147483647	17	13	1	7
5556	385875968	402653183	780854504	780854511	0	8	29	1
5557	721420288	738197503	1744830464	1879048191	17	8	5	2
5558	3338665984	3355443199	2684354560	2818572287	6	8	5	10
5559	738197504	805306367	369098752	402653183	17	6	7	2
5560	704643072	713031679	1702521184	1702521199	0	9	28	1
5561	1006632960	1040187391	1702521856	1702522879	1	7	22	1
5562	1006632960	1040187391	1702521856	1702522879	89	7	22	1
5563	3422552064	3456106495	3772742656	3772743679	17	7	22	1
5564	3422552064	3456106495	3772742656	3772743679	1	7	22	1
5565	3858759680	3892314111	3772742656	3772743679	1	7	22	1
5566	3849811968	3849814015	2298478592	2315255807	1	21	8	1
5567	1050023936	1050025983	369098752	402653183	17	21	7	1
5568	2107399168	2107399679	1073741824	1140850687	1	23	6	1
5569	1207959552	1342177279	780854784	780855295	17	5	23	1
5570	3221225472	3355443199	340076544	340077055	6	5	23	1
5571	1207959552	1342177279	3772742144	3772742399	1	5	24	1
5572	1342177280	1476395007	1177679616	1177679871	1	5	24	1
5573	2281701376	2415919103	3310635520	3310635775	1	5	24	1
5574	2415919104	2550136831	2284271104	2284271359	1	5	24	1
5575	3892314112	4026531839	3310635520	3310635775	1	5	24	1
5576	3892314112	4026531839	3310635520	3310635775	47	5	24	1
5577	3892314112	4026531839	3310635520	3310635775	89	5	24	1
5578	1207959552	1275068415	780854498	780854499	0	6	31	1
5579	1342177280	1476395007	343932928	352321535	17	5	9	3
5580	1342177280	1476395007	343932928	352321535	6	5	9	5
5581	3221225472	3355443199	3313500160	3321888767	6	5	9	1
5582	4026531840	4160749567	2290089984	2298478591	6	5	9	8
5583	4026531840	4160749567	2290089984	2298478591	17	5	9	1
5584	1476395008	1543503871	340076544	340077055	1	6	23	1
5585	2818572288	2885681151	2284270592	2284271103	1	6	23	1
5586	0	2147483647	3772742624	3772742639	47	1	28	1
5587	0	2147483647	3772742624	3772742639	1	1	28	1
5588	2197815296	2214592511	3321888768	3355443199	17	8	7	2
5589	2147483648	2684354559	3310635904	3310635967	1	3	26	1
5590	2147483648	2684354559	3310635904	3310635967	47	3	26	1
5591	2542824448	2542824575	0	536870911	6	25	3	1
5592	3015528960	3015529215	3355443200	3489660927	1	24	5	1
5593	3112173568	3114270719	2284271488	2284271551	0	11	26	1
5594	2768240640	2785017855	3892314112	4026531839	6	8	5	14
5595	2147483648	3221225471	3772742592	3772742623	1	2	27	1
5596	3758096384	4294967295	2835349504	2837446655	6	3	11	1
5597	2147483648	4294967295	1701838848	1702363135	6	1	13	2
5598	0	4294967295	1702521200	1702521207	1	0	29	1
5599	0	4294967295	1702521200	1702521207	47	0	29	1
5600	637534208	671088639	268435456	335544319	6	7	6	6
5601	637534208	671088639	268435456	335544319	17	7	6	1
5602	1711276032	1744830463	1610612736	1677721599	6	7	6	4
5603	612368384	620756991	1342177280	1610612735	17	9	4	1
5604	612368384	620756991	1342177280	1610612735	6	9	4	18
5605	2768240640	2785017855	3892314112	4026531839	17	8	5	5
5606	3338665984	3355443199	2684354560	2818572287	17	8	5	4
5607	738197504	805306367	369098752	402653183	6	6	7	6
5608	3221225472	3288334335	369098752	402653183	6	6	7	1
5609	1050148864	1050673151	0	4294967295	6	13	0	5
5610	1040187392	1048575999	340077088	340077119	0	9	27	1
5611	1050025984	1050034175	1702887424	1711276031	1	19	9	1
5612	1920253952	1920262143	771751936	780140543	1	19	9	1
5613	3015532544	3015540735	3313500160	3321888767	1	19	9	1
5614	3758096384	4026531839	3310635008	3310635519	17	4	23	1
5615	1694498816	1698693119	780854400	780854463	0	10	26	1
5616	3619684352	3623878655	2838432896	2838432959	0	10	26	1
5617	1207959552	1342177279	780854784	780855295	1	5	23	1
5618	1423966208	1426063359	0	1073741823	6	11	2	6
5619	2147483648	3221225471	335544320	339738623	6	2	10	1
5620	2910846976	2912944127	2838432768	2838432895	0	11	25	1
5621	3977726976	3977727999	2885681152	2952790015	1	22	6	1
5622	4051697664	4060086271	3772727296	3772735487	47	9	19	1
5623	4047503360	4051697663	3758096384	4294967295	6	10	3	4
5624	3221225472	4294967295	2284271488	2284271551	1	2	26	1
5625	158908416	158924799	1182793728	1191182335	1	18	9	1
5626	536870912	603979775	1177679608	1177679615	0	6	29	1
5627	2415919104	2483027967	3310636008	3310636015	0	6	29	1
5628	608278016	608278271	0	536870911	47	24	3	1
5629	3462313472	3462313727	0	536870911	1	24	3	1
5630	610271232	612368383	0	2147483647	6	11	1	14
5631	610271232	612368383	0	2147483647	17	11	1	8
5632	1050673152	1052770303	0	2147483647	17	11	1	6
5633	1050673152	1052770303	0	2147483647	6	11	1	13
5634	713031680	715128831	780854528	780854783	0	11	24	1
5635	2361393152	2363490303	3310635520	3310635775	0	11	24	1
5636	872415232	889192447	1702521152	1702521183	0	8	27	1
5637	1946157056	2013265919	1610612736	1677721599	6	6	6	3
5638	1912602624	1916796927	780854272	780854399	0	10	25	1
5639	1178599424	1182793727	340077184	340077311	0	10	25	1
5640	1920262144	1920266239	738197504	771751935	1	20	7	1
5641	3680563200	3680567295	3791650816	3825205247	1	20	7	1
5642	3680563200	3680567295	3791650816	3825205247	4	20	7	1
5643	3680563200	3680567295	3791650816	3825205247	47	20	7	1
5644	1879048192	2147483647	780854784	780855295	1	4	23	1
5645	1879048192	2147483647	780854784	780855295	47	4	23	1
5646	3758096384	4026531839	3772741632	3772742143	1	4	23	1
5647	3758096384	4026531839	3772741632	3772742143	4	4	23	1
5648	1610612736	1744830463	1177679600	1177679603	0	5	30	1
5649	1073741824	1610612735	1702520832	1702521087	1	3	24	1
5650	2147483648	2181038079	2838433792	2838437887	4	7	20	1
5651	2660294656	2660302847	352321536	369098751	1	19	8	1
5652	3977732096	3977740287	2818572288	2835349503	1	19	8	1
5653	3849797632	3849805823	2818572288	2835349503	17	19	8	1
5654	2483027968	2516582399	2838432992	2838433007	0	7	28	1
5655	3329196032	3329228799	335544320	339738623	1	17	10	1
5656	3680561152	3680563199	2885681152	2952790015	1	21	6	1
5657	3849811968	3849814015	2348810240	2415919103	1	21	6	1
5658	3892314112	3959422975	2838429696	2838431743	1	6	21	1
5659	4244635648	4244701183	2281701376	2283798527	1	16	11	1
5660	4045471744	4045537279	3772727296	3772735487	0	16	19	1
5661	3221225472	4294967295	2284271360	2284271487	1	2	25	1
5662	3221225472	4294967295	2284271360	2284271487	89	2	25	1
5663	3221225472	4294967295	2284271360	2284271487	47	2	25	1
5664	0	4294967295	1702521152	1702521183	1	0	27	1
5665	0	4294967295	1702521152	1702521183	47	0	27	1
5666	0	33554431	780854464	780854495	0	7	27	1
5667	0	268435455	1177679600	1177679603	0	4	30	1
5668	159383552	167772159	780854272	780854399	0	9	25	1
5669	1920991232	1929379839	780854272	780854399	0	9	25	1
5670	1702887424	1711276031	1177679360	1177679487	0	9	25	1
5671	2348810240	2357198847	3310635776	3310635903	0	9	25	1
5672	2751463424	2759852031	2284271360	2284271487	0	9	25	1
5673	4051697664	4060086271	2284271360	2284271487	0	9	25	1
5674	469762048	536870911	340077056	340077071	0	6	28	1
5675	738197504	805306367	780854512	780854527	0	6	28	1
5676	1811939328	1879048191	780854512	780854527	0	6	28	1
5677	268435456	402653183	1177679608	1177679615	0	5	29	1
5678	369098752	373293055	340077312	340077567	0	10	24	1
5679	1333788672	1337982975	780854528	780854783	0	10	24	1
5680	375390208	377487359	0	4294967295	6	11	0	11
5681	375390208	377487359	0	4294967295	17	11	0	4
5682	1050023424	1050023935	1610612736	2147483647	1	23	3	1
5683	3849810432	3849810943	3758096384	4294967295	1	23	3	1
5684	2107408384	2107441151	1182793728	1191182335	1	17	9	1
5685	1325400064	1333788671	0	1073741823	6	9	2	11
5686	1325400064	1333788671	0	1073741823	17	9	2	2
5687	1423335424	1423336447	0	268435455	1	22	4	1
5688	2542823424	2542824447	3489660928	3758096383	1	22	4	1
5689	1423336960	1423337215	0	1073741823	1	24	2	1
5690	1342177280	1610612735	340074496	340076543	17	4	21	1
5691	3087007744	3103784959	3772742528	3772742591	0	8	26	1
5692	3116148736	3116150783	3892314112	4026531839	1	21	5	1
5693	3116148736	3116150783	2147483648	2281701375	1	21	5	1
5694	3462313984	3462316031	402653184	536870911	17	21	5	1
5695	3616313344	3616315391	402653184	536870911	1	21	5	1
5696	2760409088	2760425471	3774873600	3791650815	1	18	8	1
5697	2760440832	2760441855	0	536870911	17	22	3	1
5698	2913992704	2915041279	2284269568	2284270591	0	12	22	1
5699	4046454784	4047503359	3772742656	3772743679	0	12	22	1
5700	3462307840	3462311935	3825205248	3892314111	1	20	6	1
5701	3221225472	3355443199	3825205248	3892314111	17	5	6	2
5702	3221225472	3355443199	3825205248	3892314111	6	5	6	3
5703	3329179648	3329187839	2852126720	2885681151	1	19	7	1
5704	3326083072	3328180223	2838433280	2838433791	0	11	23	1
5705	3615490048	3616014335	2838429696	2838431743	0	13	21	1
5706	3977641984	3977707519	2839543808	2843738111	1	16	10	1
5707	4093640704	4160749567	3772735488	3772739583	1	6	20	1
5708	3758096384	4294967295	2818572288	2835349503	6	3	8	1
5709	3758096384	4294967295	3310636006	3310636007	0	3	31	1
5710	4045455360	4045471743	3310682112	3310747647	0	18	16	1
5711	0	4294967295	1702521088	1702521151	1	0	26	1
5712	0	4294967295	1702521088	1702521151	47	0	26	1
5713	50331648	67108863	780854272	780854399	0	8	25	1
5714	1191182336	1207959551	3772742400	3772742527	0	8	25	1
5715	1560281088	1577058303	1177679360	1177679487	0	8	25	1
5716	2885681152	2902458367	3772742400	3772742527	0	8	25	1
5717	0	134217727	536870912	671088639	17	5	5	1
5718	3221225472	3355443199	2684354560	2818572287	6	5	5	4
5719	201326592	268435455	780854464	780854495	0	6	27	1
5720	1073741824	1140850687	340077088	340077119	0	6	27	1
5721	2281701376	2348810239	2838432960	2838432991	0	6	27	1
5722	2550136832	2617245695	2838432960	2838432991	0	6	27	1
5723	3019898880	3087007743	3310635968	3310635999	0	6	27	1
5724	2818572288	2885681151	2838432960	2838432991	0	6	27	1
5725	402653184	406847487	0	4294967295	17	10	0	5
5726	402653184	406847487	0	4294967295	6	10	0	14
5727	536870912	671088639	340077056	340077071	0	5	28	1
5728	716750848	716767231	1711276032	1744830463	1	18	7	1
5729	1050034176	1050050559	369098752	402653183	1	18	7	1
5730	2107375616	2107391999	1140850688	1174405119	1	18	7	1
5731	2191147008	2191163391	2852126720	2885681151	1	18	7	1
5732	905969664	939524095	340077120	340077183	0	7	26	1
5733	1140850688	1174405119	340077120	340077183	0	7	26	1
5734	1442840576	1476395007	1177679488	1177679551	0	7	26	1
5735	3120562176	3154116607	3772742528	3772742591	0	7	26	1
5736	2785017856	2818572287	2838432896	2838432959	0	7	26	1
5737	3556769792	3590324223	2838432896	2838432959	0	7	26	1
5738	2113929216	2147483647	780828672	780845055	47	7	18	1
5739	2107400192	2107408383	671088640	738197503	1	19	6	1
5740	2107400192	2107408383	1073741824	1140850687	1	19	6	1
5741	3015532544	3015540735	3221225472	3288334335	1	19	6	1
5742	3462299648	3462307839	3825205248	3892314111	1	19	6	1
5743	1700659200	1700724735	771751936	780140543	1	16	9	1
5744	1700790272	1702887423	1177677824	1177678847	0	11	22	1
5745	2910846976	2912944127	2284269568	2284270591	0	11	22	1
5746	1700739072	1700741119	805306368	1073741823	1	21	4	1
5747	1409286144	1417674751	3772742144	3772742399	0	9	24	1
5748	1559756800	1560281087	1177673728	1177677823	0	13	20	1
5749	4045930496	4046454783	3310637056	3310641151	0	13	20	1
5750	2191136256	2191136767	2147483648	3221225471	1	23	2	1
5751	2760440320	2760440831	2147483648	3221225471	1	23	2	1
5752	2364375040	2364407807	3288334336	3305111551	1	17	8	1
5753	2542829568	2542862335	352321536	369098751	1	17	8	1
5754	2913959936	2913992703	352321536	369098751	89	17	8	1
5755	3329196032	3329228799	352321536	369098751	1	17	8	1
5756	3680501760	3680534527	2818572288	2835349503	1	17	8	1
5757	2545942528	2550136831	3310635008	3310635519	0	10	23	1
5758	3116367872	3120562175	3772741632	3772742143	0	10	23	1
5759	4248829952	4253024255	3772741632	3772742143	0	10	23	1
5760	3015524352	3015528447	3355443200	3489660927	1	20	5	1
5761	3015524352	3015528447	3355443200	3489660927	47	20	5	1
5762	2913951744	2913955839	3892314112	4026531839	1	20	5	1
5763	3329187840	3329191935	2684354560	2818572287	1	20	5	1
5764	3221225472	4294967295	340077568	340078591	17	2	22	1
5765	2147483648	3221225471	3772742648	3772742649	0	2	31	1
5766	3221225472	3355443199	340078592	340082687	1	5	20	1
5767	3221225472	3489660927	2838429696	2838431743	1	4	21	1
5768	3221225472	3489660927	3772739584	3772741631	1	4	21	1
5769	3623878656	3657433087	3758096384	4294967295	6	7	3	1
5770	3623878656	3657433087	3758096384	4294967295	17	7	3	1
5771	2147483648	4294967295	340077312	340077567	1	1	24	1
5772	2147483648	4294967295	340077312	340077567	4	1	24	1
5773	3221225472	4294967295	340076544	340077055	1	2	23	1
5774	3221225472	4294967295	340076544	340077055	47	2	23	1
5775	33554432	41943039	0	4294967295	17	9	0	1
5776	0	134217727	1177679552	1177679583	0	5	27	1
5777	41943040	46137343	1177677824	1177678847	0	10	22	1
5778	2915041280	2919235583	3772742656	3772743679	0	10	22	1
5779	67108864	134217727	1177679488	1177679551	0	6	26	1
5780	469762048	536870911	1177679488	1177679551	0	6	26	1
5781	3489660928	3556769791	3772742528	3772742591	0	6	26	1
5782	419430400	436207615	0	2147483647	6	8	1	10
5783	419430400	436207615	0	2147483647	17	8	1	4
5784	608174080	608239615	788529152	805306367	1	16	8	1
5785	716741376	716741631	0	4294967295	1	24	0	1
5786	0	1073741823	1702521208	1702521211	0	2	30	1
5787	1050017792	1050021887	805306368	1073741823	1	20	4	1
5788	4045438976	4045443071	2415919104	2684354559	1	20	4	1
5789	1920237568	1920253951	671088640	738197503	1	18	6	1
5790	2107637760	2109734911	1177679872	1177681919	0	11	21	1
5791	1700724736	1700732927	3892314112	4026531839	1	19	5	1
5792	1342177280	1610612735	1177673728	1177677823	1	4	20	1
5793	1342177280	1610612735	1702521184	1702521199	0	4	28	1
5794	0	2147483647	3772742648	3772742649	0	1	31	1
5795	2542829568	2542862335	369098752	402653183	1	17	7	1
5796	2952790016	2986344447	2147483648	3221225471	6	7	2	3
5797	2147483648	3221225471	340077568	340078591	1	2	22	1
5798	3221225472	4294967295	340077568	340078591	1	2	22	1
5799	3472883712	3489660927	3310635520	3310635775	0	8	24	1
5800	3221225472	3489660927	2838437888	2838446079	17	4	19	1
5801	3616313344	3616315391	0	536870911	1	21	3	1
5802	2147483648	4294967295	1702521344	1702521855	1	1	23	1
5803	2147483648	4294967295	1702521344	1702521855	47	1	23	1
5804	3221225472	4294967295	369098752	402653183	6	2	7	2
5805	409522176	409526271	0	536870911	47	20	3	1
5806	409522176	409526271	0	536870911	1	20	3	1
5807	896032768	896036863	1610612736	2147483647	1	20	3	1
5808	1559408640	1559412735	0	536870911	1	20	3	1
5809	2913951744	2913955839	0	536870911	1	20	3	1
5810	3680563200	3680567295	3758096384	4294967295	1	20	3	1
5811	3680563200	3680567295	3758096384	4294967295	47	20	3	1
5812	608277504	608278015	0	4294967295	1	23	0	1
5813	1559407104	1559407615	0	4294967295	1	23	0	1
5814	716741632	716742655	0	2147483647	47	22	1	1
5815	1559407616	1559408639	2147483648	4294967295	1	22	1	1
5816	716750848	716767231	1744830464	1879048191	1	18	5	1
5817	1178402816	1178419199	1207959552	1342177279	1	18	5	1
5818	1178402816	1178419199	1207959552	1342177279	4	18	5	1
5819	3015507968	3015524351	3355443200	3489660927	1	18	5	1
5820	4244733952	4244750335	2147483648	2281701375	1	18	5	1
5821	4244733952	4244750335	2147483648	2281701375	47	18	5	1
5822	805306368	872415231	1702521216	1702521343	0	6	25	1
5823	896024576	896032767	2415919104	2684354559	1	19	4	1
5824	3616317440	3616325631	2952790016	3221225471	1	19	4	1
5825	3616317440	3616325631	3489660928	3758096383	1	19	4	1
5826	3680550912	3680559103	3489660928	3758096383	1	19	4	1
5827	805306368	1073741823	340077088	340077119	0	4	27	1
5828	3758096384	4026531839	2284271552	2284271583	0	4	27	1
5829	1920991232	1929379839	1177677824	1177678847	0	9	22	1
5830	1610612736	1744830463	780854400	780854463	0	5	26	1
5831	2281701376	2415919103	2838432896	2838432959	0	5	26	1
5832	2415919104	2550136831	2838432896	2838432959	0	5	26	1
5833	3087007744	3221225471	3772742528	3772742591	0	5	26	1
5834	3489660928	3623878655	2838432896	2838432959	0	5	26	1
5835	1178433216	1178433231	1610612736	2147483647	0	28	3	1
5836	1423337472	1423339519	0	1073741823	1	21	2	1
5837	3616313344	3616315391	2147483648	3221225471	1	21	2	1
5838	4244762624	4244764671	2147483648	3221225471	1	21	2	1
5839	1476395008	1543503871	0	1073741823	6	6	2	5
5840	1476395008	1543503871	0	1073741823	17	6	2	1
5841	1073741824	2147483647	340074496	340076543	1	2	21	1
5842	3221225472	4294967295	340074496	340076543	1	2	21	1
5843	2919235584	2952790015	2284271104	2284271359	0	7	24	1
5844	4261412864	4294967295	2284271104	2284271359	0	7	24	1
5845	3221225472	3489660927	2838437888	2838446079	1	4	19	1
5846	3977725952	3977726463	2818572288	2835349503	0	23	8	1
5847	4045443584	4045444095	2298478592	2315255807	0	23	8	1
5848	3849322496	3849584639	3313500160	3321888767	1	14	9	1
5849	4047503360	4051697663	3772739584	3772741631	0	10	21	1
5850	2147483648	4294967295	1610612736	1677721599	6	1	6	9
5851	2147483648	4294967295	1744830464	1879048191	17	1	5	10
5852	2147483648	4294967295	1702521856	1702522879	1	1	22	1
5853	2147483648	4294967295	1702521856	1702522879	47	1	22	1
5854	47710208	47972351	1191182336	1207959551	1	14	8	1
5855	2760638464	2760900607	3774873600	3791650815	1	14	8	1
5856	2913468416	2913730559	3774873600	3791650815	1	14	8	1
5857	48029696	48033791	0	1073741823	1	20	2	1
5858	1050017792	1050021887	0	1073741823	1	20	2	1
5859	1050017792	1050021887	0	1073741823	4	20	2	1
5860	2364350464	2364354559	2147483648	3221225471	1	20	2	1
5861	436207616	469762047	0	4294967295	6	7	0	5
5862	335544320	369098751	0	4294967295	6	7	0	10
5863	335544320	369098751	0	4294967295	17	7	0	3
5864	1275068416	1308622847	0	4294967295	6	7	0	7
5865	374865920	375390207	2290089984	2298478591	1	13	9	1
5866	2660761600	2661285887	3313500160	3321888767	1	13	9	1
5867	268435456	335544319	1177679616	1177679871	0	6	24	1
5868	939524096	1006632959	1702520832	1702521087	0	6	24	1
5869	1946157056	2013265919	1177679616	1177679871	0	6	24	1
5870	1610612736	1677721599	3772742144	3772742399	0	6	24	1
5871	1342177280	1409286143	340077312	340077567	0	6	24	1
5872	3355443200	3422552063	2838433024	2838433279	0	6	24	1
5873	3221225472	3288334335	340077312	340077567	0	6	24	1
5874	608305152	608436223	738197504	771751935	1	15	7	1
5875	1178468352	1178599423	1140850688	1174405119	1	15	7	1
5876	2913730560	2913861631	369098752	402653183	1	15	7	1
5877	608276480	608277503	0	4294967295	47	22	0	1
5878	608276480	608277503	0	4294967295	1	22	0	1
5879	805306368	1073741823	340077120	340077183	0	4	26	1
5880	2684354560	2952790015	3772742528	3772742591	0	4	26	1
5881	1050034176	1050050559	0	268435455	1	18	4	1
5882	1879048192	2013265919	1177679360	1177679487	0	5	25	1
5883	2818572288	2952790015	3772742400	3772742527	0	5	25	1
5884	3892314112	4026531839	3310635776	3310635903	0	5	25	1
5885	1920268352	1920268415	805306368	1073741823	0	26	4	1
5886	3680559168	3680559231	2952790016	3221225471	0	26	4	1
5887	2080374784	2097151999	780853248	780854271	0	8	22	1
5888	1677721600	1694498815	780853248	780854271	0	8	22	1
5889	2986344448	3003121663	3310636032	3310637055	0	8	22	1
5890	3472883712	3489660927	3772742656	3772743679	0	8	22	1
5891	3959422976	3976200191	3310636032	3310637055	0	8	22	1
5892	3825205248	3841982463	2284269568	2284270591	0	8	22	1
5893	1789755392	1789788159	536870912	671088639	1	17	5	1
5894	1178435584	1178468351	1207959552	1342177279	1	17	5	1
5895	1340997632	1341005823	1610612736	2147483647	1	19	3	1
5896	1342177280	1610612735	1177649152	1177665535	1	4	18	1
5897	1073741824	2147483647	340066304	340074495	6	2	19	1
5898	1073741824	2147483647	340066304	340074495	17	2	19	2
5899	2193620992	2197815295	3310637056	3310641151	0	10	20	1
5900	2191136768	2191138815	2147483648	4294967295	1	21	1	1
5901	3288334336	3321888767	2838433280	2838433791	0	7	23	1
5902	3681550336	3682598911	3766484992	3770679295	1	12	10	1
5903	3680567296	3680632831	2885681152	2952790015	1	16	6	1
5904	3977726976	3977727999	3288334336	3305111551	0	22	8	1
5905	4045444096	4045445119	3288334336	3305111551	0	22	8	1
5906	3758096384	4294967295	2838446080	2838462463	6	3	18	1
5907	3758096384	4294967295	2284257280	2284265471	4	3	19	1
5908	2147483648	4294967295	1610612736	1677721599	17	1	6	3
5909	2147483648	4294967295	1702522880	1702526975	17	1	20	2
5910	2147483648	4294967295	1702522880	1702526975	6	1	20	2
5911	2147483648	4294967295	1744830464	1879048191	6	1	5	17
5912	2147483648	4294967295	1702518784	1702520831	1	1	21	1
5913	2147483648	4294967295	1702518784	1702520831	47	1	21	1
5914	3221225472	4294967295	340078592	340082687	1	2	20	1
5915	3221225472	4294967295	340078592	340082687	89	2	20	1
5916	3221225472	4294967295	2284271600	2284271615	0	2	28	1
5917	48035840	48037887	0	4294967295	1	21	0	1
5918	1341005824	1341007871	0	4294967295	1	21	0	1
5919	536870912	671088639	0	2147483647	17	5	1	1
5920	536870912	671088639	0	2147483647	6	5	1	1
5921	620756992	637534207	1177679872	1177681919	0	8	21	1
5922	1795162112	1811939327	1702518784	1702520831	0	8	21	1
5923	716701696	716734463	0	268435455	1	17	4	1
5924	1559363584	1559396351	1342177280	1610612735	1	17	4	1
5925	3116105728	3116138495	4026531840	4294967295	1	17	4	1
5926	3462266880	3462299647	4026531840	4294967295	1	17	4	1
5927	3616276480	3616309247	4026531840	4294967295	1	17	4	1
5928	3680501760	3680534527	3489660928	3758096383	1	17	4	1
5929	4045406208	4045438975	2415919104	2684354559	1	17	4	1
5930	1006632960	1040187391	1702521856	1702522879	0	7	22	1
5931	3422552064	3456106495	3772742656	3772743679	0	7	22	1
5932	3992977408	4026531839	3310636032	3310637055	0	7	22	1
5933	3858759680	3892314111	3772742656	3772743679	0	7	22	1
5934	2107399168	2107399679	1073741824	1140850687	0	23	6	1
5935	3015528448	3015528959	3221225472	3288334335	0	23	6	1
5936	1700732928	1700737023	2147483648	4294967295	1	20	1	1
5937	1178427392	1178431487	0	2147483647	1	20	1	1
5938	2191130624	2191134719	2147483648	4294967295	1	20	1	1
5939	1788870656	1789394943	1191182336	1207959551	1	13	8	1
5940	1207959552	1342177279	3772742144	3772742399	0	5	24	1
5941	1342177280	1476395007	1177679616	1177679871	0	5	24	1
5942	2281701376	2415919103	3310635520	3310635775	0	5	24	1
5943	2415919104	2550136831	2284271104	2284271359	0	5	24	1
5944	3892314112	4026531839	3310635520	3310635775	0	5	24	1
5945	1341009920	1341014015	1702887424	1711276031	0	20	9	1
5946	1423310848	1423327231	1610612736	2147483647	1	18	3	1
5947	3116154880	3116171263	3758096384	4294967295	1	18	3	1
5948	1476395008	1543503871	340076544	340077055	0	6	23	1
5949	2818572288	2885681151	2284270592	2284271103	0	6	23	1
5950	0	2147483647	3772742624	3772742639	0	1	28	1
5951	1559406944	1559406951	0	4294967295	0	29	0	1
5952	1073741824	2147483647	340066304	340074495	1	2	19	1
5953	1073741824	2147483647	340066304	340074495	47	2	19	1
5954	2147483648	2684354559	3310635904	3310635967	0	3	26	1
5955	3015528960	3015529215	3355443200	3489660927	0	24	5	1
5956	3116154880	3116171263	2835349504	2837446655	0	18	11	1
5957	2147483648	3221225471	3772742592	3772742623	0	2	27	1
5958	2913955840	2913957887	352321536	369098751	0	21	8	1
5959	3680632832	3680763903	3825205248	3892314111	4	15	6	1
5960	3680632832	3680763903	3825205248	3892314111	1	15	6	1
5961	3680763904	3681026047	3791650816	3825205247	1	14	7	1
5962	3758096384	4294967295	2838446080	2838462463	1	3	18	1
5963	3758096384	4294967295	2838462464	2838495231	6	3	17	1
5964	2147483648	4294967295	1702522880	1702526975	1	1	20	1
5965	2147483648	4294967295	1702510592	1702518783	6	1	19	2
5966	2147483648	4294967295	1702510592	1702518783	17	1	19	2
5967	3221225472	4294967295	340082688	340099071	6	2	18	1
5968	3221225472	4294967295	340082688	340099071	17	2	18	2
5969	3221225472	4294967295	402653184	536870911	6	2	5	1
5970	0	4294967295	1702521200	1702521207	0	0	29	1
5971	436207616	469762047	0	4294967295	17	7	0	3
5972	1275068416	1308622847	0	4294967295	17	7	0	1
5973	409534464	409599999	1342177280	1610612735	1	16	4	1
5974	896036896	896036911	0	4294967295	0	28	0	1
5975	1050023936	1050025983	369098752	402653183	0	21	7	1
5976	1207959552	1342177279	780854784	780855295	0	5	23	1
5977	1559396352	1559404543	1182793728	1191182335	0	19	9	1
5978	2759852032	2760376319	2852126720	2885681151	1	13	7	1
5979	2147483648	3221225471	340099072	340131839	6	2	17	1
5980	3221225472	4294967295	340099072	340131839	17	2	17	1
5981	3977728000	3977732095	3288334336	3305111551	0	20	8	1
5982	4045438976	4045443071	2298478592	2315255807	0	20	8	1
5983	3858759680	3892314111	2284271616	2284273663	0	7	21	1
5984	3758096384	4294967295	2838462464	2838495231	1	3	17	1
5985	3758096384	4294967295	2838462464	2838495231	17	3	17	1
5986	2147483648	4294967295	1702510592	1702518783	1	1	19	1
5987	2147483648	4294967295	1702494208	1702510591	6	1	18	1
5988	2147483648	4294967295	1702494208	1702510591	17	1	18	2
5989	3221225472	4294967295	2284271488	2284271551	0	2	26	1
5990	409468928	409501695	0	1073741823	1	17	2	1
5991	409731072	409993215	536870912	671088639	1	14	5	1
5992	374480896	374489087	0	4294967295	1	19	0	1
5993	716742656	716750847	0	4294967295	1	19	0	1
5994	1700724736	1700732927	0	4294967295	1	19	0	1
5995	716832768	716963839	0	268435455	1	15	4	1
5996	716741248	716741375	0	1073741823	0	25	2	1
5997	1423337216	1423337343	0	1073741823	0	25	2	1
5998	1920262144	1920266239	738197504	771751935	0	20	7	1
5999	3680563200	3680567295	3791650816	3825205247	0	20	7	1
6000	1879048192	2147483647	780854784	780855295	0	4	23	1
6001	3758096384	4026531839	3772741632	3772742143	0	4	23	1
6002	2107637760	2109734911	788529152	805306367	1	11	8	1
6003	3978297344	3980394495	2818572288	2835349503	1	11	8	1
6004	2107375616	2107391999	2147483648	4294967295	1	18	1	1
6005	1178402816	1178419199	0	2147483647	1	18	1	1
6006	2542796800	2542813183	2147483648	4294967295	1	18	1	1
6007	2106589184	2107113471	671088640	738197503	1	13	6	1
6008	3014656000	3015180287	3221225472	3288334335	1	13	6	1
6009	4245159936	4245684223	2348810240	2415919103	1	13	6	1
6010	1073741824	1610612735	1702520832	1702521087	0	3	24	1
6011	2660294656	2660302847	352321536	369098751	0	19	8	1
6012	3977732096	3977740287	2818572288	2835349503	0	19	8	1
6013	3849797632	3849805823	2818572288	2835349503	0	19	8	1
6014	2542829568	2542862335	335544320	339738623	0	17	10	1
6015	3329196032	3329228799	335544320	339738623	0	17	10	1
6016	2952790016	2986344447	340078592	340082687	0	7	20	1
6017	2147483648	3221225471	340099072	340131839	1	2	17	1
6018	3462313472	3462313727	0	536870911	0	24	3	1
6019	3462332416	3462397951	3758096384	4294967295	1	16	3	1
6020	3462332416	3462397951	3772776448	3774873599	0	16	11	1
6021	4244635648	4244701183	2281701376	2283798527	0	16	11	1
6022	3892314112	3959422975	2838429696	2838431743	0	6	21	1
6023	3849811968	3849814015	2348810240	2415919103	0	21	6	1
6024	2147483648	4294967295	1702526976	1702559743	6	1	17	1
6025	2147483648	4294967295	1702526976	1702559743	17	1	17	2
6026	2147483648	4294967295	1702494208	1702510591	1	1	18	1
6027	2147483648	4294967295	1702494208	1702510591	4	1	18	1
6028	3221225472	4294967295	2284271360	2284271487	0	2	25	1
6029	0	4294967295	1702521152	1702521183	0	0	27	1
6030	409993216	411041791	1073741824	1140850687	1	12	6	1
6031	374473856	374473983	0	2147483647	0	25	1	1
6032	374474752	374476799	536870912	671088639	0	21	5	1
6033	3116148736	3116150783	3892314112	4026531839	0	21	5	1
6034	3116148736	3116150783	2147483648	2281701375	0	21	5	1
6035	3462313984	3462316031	402653184	536870911	0	21	5	1
6036	896008192	896024575	0	4294967295	1	18	0	1
6037	896037888	896038911	1879048192	2147483647	0	22	4	1
6038	1423335424	1423336447	0	268435455	0	22	4	1
6039	2542823424	2542824447	3489660928	3758096383	0	22	4	1
6040	1050023424	1050023935	1610612736	2147483647	0	23	3	1
6041	3680559616	3680560127	3758096384	4294967295	0	23	3	1
6042	3849810432	3849810943	3758096384	4294967295	0	23	3	1
6043	1049624576	1049886719	0	268435455	1	14	4	1
6044	1946157056	2013265919	780857344	780861439	0	6	20	1
6045	4093640704	4160749567	3772735488	3772739583	0	6	20	1
6046	2107408384	2107441151	1182793728	1191182335	0	17	9	1
6047	1423441920	1423966207	1207959552	1342177279	1	13	5	1
6048	3461349376	3461873663	2684354560	2818572287	1	13	5	1
6049	2191196160	2191261695	2147483648	3221225471	1	16	2	1
6050	2760409088	2760425471	3774873600	3791650815	0	18	8	1
6051	3462397952	3464495103	2852126720	2885681151	1	11	7	1
6052	3462307840	3462311935	3825205248	3892314111	0	20	6	1
6053	3464495104	3472883711	2843738112	2852126719	1	9	9	1
6054	3329179648	3329187839	2852126720	2885681151	0	19	7	1
6055	3977641984	3977707519	2839543808	2843738111	0	16	10	1
6056	3758096384	4294967295	2838233088	2838364159	17	3	15	1
6057	2147483648	4294967295	1702526976	1702559743	1	1	17	1
6058	2147483648	4294967295	1702559744	1702625279	6	1	16	1
6059	2147483648	4294967295	1702559744	1702625279	17	1	16	2
6060	0	4294967295	1702521088	1702521151	0	0	26	1
6061	374505472	374538239	0	4294967295	1	17	0	1
6062	1559363584	1559396351	0	4294967295	1	17	0	1
6063	608174080	608239615	343932928	352321535	0	16	9	1
6064	1700659200	1700724735	771751936	780140543	0	16	9	1
6065	716750848	716767231	1711276032	1744830463	0	18	7	1
6066	1050034176	1050050559	369098752	402653183	0	18	7	1
6067	2107375616	2107391999	1140850688	1174405119	0	18	7	1
6068	2191147008	2191163391	2852126720	2885681151	0	18	7	1
6069	2107400192	2107408383	671088640	738197503	0	19	6	1
6070	2107400192	2107408383	1073741824	1140850687	0	19	6	1
6071	3015532544	3015540735	3221225472	3288334335	0	19	6	1
6072	3462299648	3462307839	3825205248	3892314111	0	19	6	1
6073	1700739072	1700741119	805306368	1073741823	0	21	4	1
6074	3849811968	3849814015	2415919104	2684354559	0	21	4	1
6075	2190475264	2190999551	3489660928	3758096383	1	13	4	1
6076	2190475264	2190999551	3489660928	3758096383	89	13	4	1
6077	3115319296	3115843583	4026531840	4294967295	1	13	4	1
6078	3115319296	3115843583	4026531840	4294967295	47	13	4	1
6079	4245159936	4245684223	1879048192	2147483647	1	13	4	1
6080	2191136256	2191136767	2147483648	3221225471	0	23	2	1
6081	2760440320	2760440831	2147483648	3221225471	0	23	2	1
6082	2543058944	2543321087	3311403008	3313500159	0	14	11	1
6083	3015524352	3015528447	3355443200	3489660927	0	20	5	1
6084	2913951744	2913955839	3892314112	4026531839	0	20	5	1
6085	3329187840	3329191935	2684354560	2818572287	0	20	5	1
6086	2915041280	2919235583	3791650816	3825205247	1	10	7	1
6087	3674210304	3678404607	2852126720	2885681151	6	10	7	1
6088	3329196032	3329228799	352321536	369098751	0	17	8	1
6089	3680501760	3680534527	2818572288	2835349503	0	17	8	1
6090	3221225472	3489660927	3772739584	3772741631	0	4	21	1
6091	3329192960	3329193983	0	536870911	0	22	3	1
6092	4043309056	4045406207	2348810240	2415919103	1	11	6	1
6093	2147483648	4294967295	340077312	340077567	0	1	24	1
6094	2147483648	4294967295	1702559744	1702625279	1	1	16	1
6095	4026531840	4160749567	2284265472	2284269567	0	5	20	1
6096	3221225472	4294967295	340076544	340077055	0	2	23	1
6097	3221225472	4294967295	2837970944	2838233087	17	2	14	1
6098	158924800	158990335	0	4294967295	1	16	0	1
6099	896073728	896139263	0	4294967295	1	16	0	1
6100	1050083328	1050148863	0	4294967295	1	16	0	1
6101	1423376384	1423441919	0	4294967295	1	16	0	1
6102	374341632	374472703	0	2147483647	1	15	1	1
6103	374341632	374472703	0	2147483647	47	15	1	1
6104	896139264	896270335	0	2147483647	1	15	1	1
6105	896139264	896270335	0	2147483647	47	15	1	1
6106	2107506688	2107637759	2147483648	4294967295	1	15	1	1
6107	4244766720	4244897791	0	2147483647	1	15	1	1
6108	608280576	608288767	402653184	536870911	0	19	5	1
6109	896037120	896037375	0	4294967295	0	24	0	1
6110	1920237568	1920253951	671088640	738197503	0	18	6	1
6111	1341009920	1341014015	4026531840	4294967295	0	20	4	1
6112	2542829568	2542862335	369098752	402653183	0	17	7	1
6113	3116146688	3116147711	2147483648	3221225471	0	22	2	1
6114	2751463424	2759852031	369098752	402653183	1	9	7	1
6115	2147483648	3221225471	340077568	340078591	0	2	22	1
6116	3221225472	4294967295	340077568	340078591	0	2	22	1
6117	2147483648	4294967295	1702625280	1702887423	17	1	14	1
6118	2147483648	4294967295	1702521344	1702521855	0	1	23	1
6119	48033792	48034815	2147483648	4294967295	0	22	1	1
6120	716741632	716742655	0	2147483647	0	22	1	1
6121	1559407616	1559408639	2147483648	4294967295	0	22	1	1
6122	2760440832	2760441855	2147483648	4294967295	0	22	1	1
6123	167772160	201326591	1191182336	1207959551	1	7	8	1
6124	409522176	409526271	0	536870911	0	20	3	1
6125	896032768	896036863	1610612736	2147483647	0	20	3	1
6126	1423339520	1423343615	1610612736	2147483647	0	20	3	1
6127	1559408640	1559412735	0	536870911	0	20	3	1
6128	3680563200	3680567295	3758096384	4294967295	0	20	3	1
6129	716750848	716767231	1744830464	1879048191	0	18	5	1
6130	3015507968	3015524351	3355443200	3489660927	0	18	5	1
6131	4244733952	4244750335	2147483648	2281701375	0	18	5	1
6132	896024576	896032767	2415919104	2684354559	0	19	4	1
6133	3616317440	3616325631	3489660928	3758096383	0	19	4	1
6134	3680550912	3680559103	3489660928	3758096383	0	19	4	1
6135	1337982976	1340080127	805306368	1073741823	1	11	4	1
6136	1337982976	1340080127	805306368	1073741823	47	11	4	1
6137	2661285888	2663383039	3489660928	3758096383	1	11	4	1
6138	3678404608	3680501759	2952790016	3221225471	1	11	4	1
6139	1423337472	1423339519	0	1073741823	0	21	2	1
6140	4244762624	4244764671	2147483648	3221225471	0	21	2	1
6141	1073741824	2147483647	340074496	340076543	0	2	21	1
6142	3221225472	4294967295	340074496	340076543	0	2	21	1
6143	3221225472	3489660927	2838437888	2838446079	0	4	19	1
6144	3590324224	3607101439	2852126720	2885681151	1	8	7	1
6145	3849322496	3849584639	3313500160	3321888767	0	14	9	1
6146	2147483648	4294967295	1702521856	1702522879	0	1	22	1
6147	46137344	47185919	0	1073741823	1	12	2	1
6148	33554432	41943039	402653184	536870911	1	9	5	1
6149	1040187392	1048575999	402653184	536870911	1	9	5	1
6150	3103784960	3112173567	3892314112	4026531839	1	9	5	1
6151	48029696	48033791	0	1073741823	0	20	2	1
6152	2364350464	2364354559	2147483648	3221225471	0	20	2	1
6153	134217728	150994943	1073741824	1140850687	1	8	6	1
6154	2516582400	2533359615	3221225472	3288334335	1	8	6	1
6155	158334976	158859263	1182793728	1191182335	0	13	9	1
6156	2013265920	2080374783	788529152	805306367	1	6	8	1
6157	408944640	409468927	0	2147483647	47	13	1	1
6158	408944640	409468927	0	2147483647	1	13	1	1
6159	895483904	896008191	0	2147483647	1	13	1	1
6160	895483904	896008191	0	2147483647	47	13	1	1
6161	895483904	896008191	0	2147483647	4	13	1	1
6162	608305152	608436223	738197504	771751935	0	15	7	1
6163	1178468352	1178599423	1140850688	1174405119	0	15	7	1
6164	3015573504	3015704575	2315255808	2348810239	0	15	7	1
6165	2913730560	2913861631	369098752	402653183	0	15	7	1
6166	608276480	608277503	0	4294967295	0	22	0	1
6167	1050034176	1050050559	0	268435455	0	18	4	1
6168	1789755392	1789788159	536870912	671088639	0	17	5	1
6169	1178435584	1178468351	1207959552	1342177279	0	17	5	1
6170	1340997632	1341005823	1610612736	2147483647	0	19	3	1
6171	1342177280	1476395007	343932928	352321535	1	5	9	1
6172	2818572288	2952790015	3758096384	3766484991	1	5	9	1
6173	3221225472	3355443199	3313500160	3321888767	1	5	9	1
6174	4026531840	4160749567	2290089984	2298478591	1	5	9	1
6175	2191136768	2191138815	2147483648	4294967295	0	21	1	1
6176	2760638464	2760900607	3774873600	3791650815	0	14	8	1
6177	3680567296	3680632831	2885681152	2952790015	0	16	6	1
6178	3758096384	4294967295	2284257280	2284265471	0	3	19	1
6179	2147483648	4294967295	1701838848	1702363135	1	1	13	1
6180	2147483648	4294967295	1701838848	1702363135	17	1	13	1
6181	2147483648	4294967295	1702518784	1702520831	0	1	21	1
6182	3221225472	4294967295	340078592	340082687	0	2	20	1
6183	612368384	620756991	1342177280	1610612735	1	9	4	1
6184	716701696	716734463	0	268435455	0	17	4	1
6185	1559363584	1559396351	1342177280	1610612735	0	17	4	1
6186	3116105728	3116138495	4026531840	4294967295	0	17	4	1
6187	3462266880	3462299647	4026531840	4294967295	0	17	4	1
6188	3616276480	3616309247	4026531840	4294967295	0	17	4	1
6189	3680501760	3680534527	3489660928	3758096383	0	17	4	1
6190	4045406208	4045438975	2415919104	2684354559	0	17	4	1
6191	1050148864	1050673151	0	4294967295	17	13	0	1
6192	1050148864	1050673151	0	4294967295	1	13	0	1
6193	1050148864	1050673151	0	4294967295	4	13	0	1
6194	1050148864	1050673151	0	4294967295	47	13	0	1
6195	1700732928	1700737023	2147483648	4294967295	0	20	1	1
6196	2191130624	2191134719	2147483648	4294967295	0	20	1	1
6197	1341005824	1341007871	0	4294967295	0	21	0	1
6198	1423966208	1426063359	0	1073741823	1	11	2	1
6199	1423310848	1423327231	1610612736	2147483647	0	18	3	1
6200	3116154880	3116171263	3758096384	4294967295	0	18	3	1
6201	1073741824	2147483647	340066304	340074495	0	2	19	1
6202	3114270720	3115319295	3758096384	3766484991	0	12	9	1
6203	2768240640	2785017855	3892314112	4026531839	1	8	5	1
6204	3338665984	3355443199	2684354560	2818572287	1	8	5	1
6205	3680632832	3680763903	3825205248	3892314111	0	15	6	1
6206	3680763904	3681026047	3791650816	3825205247	0	14	7	1
6207	4244750336	4244758527	2147483648	3221225471	0	19	2	1
6208	3758096384	4294967295	2838446080	2838462463	0	3	18	1
6209	4047503360	4051697663	3758096384	4294967295	1	10	3	1
6210	2147483648	4294967295	1702522880	1702526975	0	1	20	1
6211	610271232	612368383	0	2147483647	1	11	1	1
6212	610271232	612368383	0	2147483647	47	11	1	1
6213	1050673152	1052770303	0	2147483647	1	11	1	1
6214	1050673152	1052770303	0	2147483647	89	11	1	1
6215	1050673152	1052770303	0	2147483647	4	11	1	1
6216	2107506688	2107637759	536870912	671088639	0	15	5	1
6217	3758096384	4294967295	2838462464	2838495231	0	3	17	1
6218	4047503360	4051697663	2147483648	3221225471	1	10	2	1
6219	2147483648	4294967295	1702510592	1702518783	0	1	19	1
6220	3221225472	4294967295	340082688	340099071	0	2	18	1
6221	409468928	409501695	0	1073741823	0	17	2	1
6222	409731072	409993215	536870912	671088639	0	14	5	1
6223	375390208	377487359	0	4294967295	1	11	0	1
6224	375390208	377487359	0	4294967295	4	11	0	1
6225	375390208	377487359	0	4294967295	47	11	0	1
6226	374480896	374489087	0	4294967295	0	19	0	1
6227	716742656	716750847	0	4294967295	0	19	0	1
6228	716832768	716963839	0	268435455	0	15	4	1
6229	2107375616	2107391999	2147483648	4294967295	0	18	1	1
6230	1178402816	1178419199	0	2147483647	0	18	1	1
6231	2542796800	2542813183	2147483648	4294967295	0	18	1	1
6232	2106589184	2107113471	671088640	738197503	0	13	6	1
6233	3328180224	3328704511	3221225472	3288334335	0	13	6	1
6234	3615490048	3616014335	3825205248	3892314111	0	13	6	1
6235	1325400064	1333788671	0	1073741823	1	9	2	1
6236	1325400064	1333788671	0	1073741823	47	9	2	1
6237	2147483648	3221225471	340099072	340131839	0	2	17	1
6238	3462332416	3462397951	3758096384	4294967295	0	16	3	1
6239	2147483648	4294967295	1702494208	1702510591	0	1	18	1
6240	0	134217727	536870912	671088639	1	5	5	1
6241	3221225472	3355443199	2684354560	2818572287	1	5	5	1
6242	157286400	158334975	268435456	335544319	0	12	6	1
6243	402653184	406847487	0	4294967295	1	10	0	1
6244	896008192	896024575	0	4294967295	0	18	0	1
6245	1049624576	1049886719	0	268435455	0	14	4	1
6246	1423441920	1423966207	1207959552	1342177279	0	13	5	1
6247	3461349376	3461873663	2684354560	2818572287	0	13	5	1
6248	2191196160	2191261695	2147483648	3221225471	0	16	2	1
6249	3623878656	3657433087	3758096384	4294967295	1	7	3	1
6250	4244701184	4244733951	0	2147483647	0	17	1	1
6251	2147483648	4294967295	1702526976	1702559743	0	1	17	1
6252	3221225472	4294967295	352321536	369098751	1	2	8	1
6253	419430400	436207615	0	2147483647	1	8	1	1
6254	374505472	374538239	0	4294967295	0	17	0	1
6255	1559363584	1559396351	0	4294967295	0	17	0	1
6256	2190475264	2190999551	3489660928	3758096383	0	13	4	1
6257	3115319296	3115843583	4026531840	4294967295	0	13	4	1
6258	2952790016	2986344447	2147483648	3221225471	1	7	2	1
6259	3011510272	3013607423	2348810240	2415919103	0	11	6	1
6260	3617587200	3619684351	3221225472	3288334335	0	11	6	1
6261	2147483648	3221225471	340131840	340262911	0	2	15	1
6262	3841982464	3846176767	3321888768	3355443199	0	10	7	1
6263	2147483648	4294967295	1702559744	1702625279	0	1	16	1
6264	158924800	158990335	0	4294967295	0	16	0	1
6265	896073728	896139263	0	4294967295	0	16	0	1
6266	1050083328	1050148863	0	4294967295	0	16	0	1
6267	1423376384	1423441919	0	4294967295	0	16	0	1
6268	374341632	374472703	0	2147483647	0	15	1	1
6269	896139264	896270335	0	2147483647	0	15	1	1
6270	2107506688	2107637759	2147483648	4294967295	0	15	1	1
6271	4244766720	4244897791	0	2147483647	0	15	1	1
6272	1556086784	1558183935	1744830464	1879048191	0	11	5	1
6273	3221225472	3355443199	0	536870911	1	5	3	1
6274	167772160	201326591	1191182336	1207959551	0	7	8	1
6275	436207616	469762047	0	4294967295	47	7	0	1
6276	436207616	469762047	0	4294967295	1	7	0	1
6277	335544320	369098751	0	4294967295	1	7	0	1
6278	1275068416	1308622847	0	4294967295	1	7	0	1
6279	1275068416	1308622847	0	4294967295	4	7	0	1
6280	1337982976	1340080127	805306368	1073741823	0	11	4	1
6281	3678404608	3680501759	2952790016	3221225471	0	11	4	1
6282	4246732800	4248829951	2415919104	2684354559	0	11	4	1
6283	2197815296	2214592511	3321888768	3355443199	0	8	7	1
6284	2650800128	2659188735	3221225472	3288334335	0	9	6	1
6285	2147483648	4294967295	1610612736	1677721599	1	1	6	1
6286	2147483648	4294967295	1610612736	1677721599	47	1	6	1
6287	3221225472	4294967295	402653184	536870911	1	2	5	1
6288	46137344	47185919	0	1073741823	0	12	2	1
6289	33554432	41943039	402653184	536870911	0	9	5	1
6290	1040187392	1048575999	402653184	536870911	0	9	5	1
6291	3103784960	3112173567	3892314112	4026531839	0	9	5	1
6292	134217728	150994943	1073741824	1140850687	0	8	6	1
6293	2516582400	2533359615	3221225472	3288334335	0	8	6	1
6294	201326592	268435455	1191182336	1207959551	0	6	8	1
6295	2013265920	2080374783	788529152	805306367	0	6	8	1
6296	408944640	409468927	0	2147483647	0	13	1	1
6297	895483904	896008191	0	2147483647	0	13	1	1
6298	1342177280	1476395007	343932928	352321535	0	5	9	1
6299	2818572288	2952790015	3758096384	3766484991	0	5	9	1
6300	3221225472	3355443199	3313500160	3321888767	0	5	9	1
6301	4026531840	4160749567	2290089984	2298478591	0	5	9	1
6302	2147483648	4294967295	1701838848	1702363135	0	1	13	1
6303	2147483648	4294967295	1744830464	1879048191	1	1	5	1
6304	2147483648	4294967295	1744830464	1879048191	4	1	5	1
6305	721420288	738197503	1744830464	1879048191	0	8	5	1
6306	3338665984	3355443199	2684354560	2818572287	0	8	5	1
6307	738197504	805306367	369098752	402653183	0	6	7	1
6308	1050148864	1050673151	0	4294967295	0	13	0	1
6309	1711276032	1744830463	1610612736	1677721599	0	7	6	1
6310	1423966208	1426063359	0	1073741823	0	11	2	1
6311	4047503360	4051697663	3758096384	4294967295	0	10	3	1
6312	610271232	612368383	0	2147483647	0	11	1	1
6313	1050673152	1052770303	0	2147483647	0	11	1	1
6314	375390208	377487359	0	4294967295	0	11	0	1
6315	1325400064	1333788671	0	1073741823	0	9	2	1
6316	0	134217727	536870912	671088639	0	5	5	1
6317	3221225472	3355443199	2684354560	2818572287	0	5	5	1
6318	402653184	406847487	0	4294967295	0	10	0	1
6319	3623878656	3657433087	3758096384	4294967295	0	7	3	1
6320	33554432	41943039	0	4294967295	0	9	0	1
6321	419430400	436207615	0	2147483647	0	8	1	1
6322	3221225472	4294967295	369098752	402653183	0	2	7	1
6323	1476395008	1543503871	0	1073741823	0	6	2	1
6324	436207616	469762047	0	4294967295	0	7	0	1
6325	335544320	369098751	0	4294967295	0	7	0	1
6326	1275068416	1308622847	0	4294967295	0	7	0	1
6327	2147483648	4294967295	1610612736	1677721599	0	1	6	1
6328	3221225472	4294967295	402653184	536870911	0	2	5	1
6329	536870912	671088639	0	2147483647	0	5	1	1
6330	2147483648	4294967295	1744830464	1879048191	0	1	5	1
